SampleID,Common_name,Order,Family,Species,Location,PopID,Grouping_2,Grouping_3,Date,Year,Data_set,VB_0,VB_inf,Vb_k,inflection_length,Mass,Length,Sex,Age,Maturity,d13Coto,d18Ooto,d18Ow,d13CDIC,d13Cdiet,NA,NA,R.studio,Fishbase_SMR,FishBase_Temp,Fishbase_SMR_20,FishbaseFMR-Mass,Killen_RMR_1kg_15deg,Depth,m,MOL,Period
AAG_2,Agassi_slickhead,Alepocephaliformes,Alepocephalidae,Alepocephalus_agassizii,Irish_Slope,AAG,NA,NA,NA,2009,SU_Deep,2.88,97.7,0.1,28.94814815,1445,NA,NA,NA,NA,-1.33,2.17,0.055049538,1.110608826,-19.62968645,NA,NA,/Users/trueman/Desktop/RNAscripts/OtoMet/Coldfish_data/ColdfishNAotolithNAFMRNAexploration.Rmd,NA,NA,NA,NA,NA,Lower slope,600 - 2500,pelagic,Modern
AAG_3,Agassi_slickhead,Alepocephaliformes,Alepocephalidae,Alepocephalus_agassizii,Irish_Slope,AAG,NA,NA,NA,2009,SU_Deep,2.88,97.7,0.1,28.94814815,1997,NA,NA,NA,NA,-2.24,1.99,0.055049538,1.110608826,-19.62968645,NA,NA,/Users/trueman/Desktop/RNAscripts/OtoMet/Coldfish_data/ColdfishNAotolithNAFMRNAexploration.Rmd,NA,NA,NA,NA,NA,Lower slope,600 - 2500,pelagic,Modern
AAG_5,Agassi_slickhead,Alepocephaliformes,Alepocephalidae,Alepocephalus_agassizii,Irish_Slope,AAG,NA,NA,NA,2009,SU_Deep,2.88,97.7,0.1,28.94814815,1997,NA,NA,NA,NA,-1.87,1.98,0.160701348,1.118008977,-19.63314149,NA,NA,/Users/trueman/Desktop/RNAscripts/OtoMet/Coldfish_data/ColdfishNAotolithNAFMRNAexploration.Rmd,NA,NA,NA,NA,NA,Lower slope,600 - 2500,pelagic,Modern
AAG_6,Agassi_slickhead,Alepocephaliformes,Alepocephalidae,Alepocephalus_agassizii,Irish_Slope,AAG,NA,NA,NA,2009,SU_Deep,2.88,97.7,0.1,28.94814815,2210,NA,NA,NA,NA,-2.21,2.45,0.160701348,1.118008977,-19.63314149,NA,NA,/Users/trueman/Desktop/RNAscripts/OtoMet/Coldfish_data/ColdfishNAotolithNAFMRNAexploration.Rmd,NA,NA,NA,NA,NA,Lower slope,600 - 2500,pelagic,Modern
AAG_1,Agassi_slickhead,Alepocephaliformes,Alepocephalidae,Alepocephalus_agassizii,Irish_Slope,AAG,NA,NA,NA,2009,SU_Deep,2.88,97.7,0.1,28.94814815,2438,NA,NA,NA,NA,-0.93,2.88,0.055049538,1.110608826,-19.62968645,NA,NA,/Users/trueman/Desktop/RNAscripts/OtoMet/Coldfish_data/ColdfishNAotolithNAFMRNAexploration.Rmd,NA,NA,NA,NA,NA,Lower slope,600 - 2500,pelagic,Modern
AAG_4,Agassi_slickhead,Alepocephaliformes,Alepocephalidae,Alepocephalus_agassizii,Irish_Slope,AAG,NA,NA,NA,2009,SU_Deep,2.88,97.7,0.1,28.94814815,2438,NA,NA,NA,NA,-2.62,1.79,0.160701348,1.118008977,-19.63314149,NA,NA,/Users/trueman/Desktop/RNAscripts/OtoMet/Coldfish_data/ColdfishNAotolithNAFMRNAexploration.Rmd,NA,NA,NA,NA,NA,Lower slope,600 - 2500,pelagic,Modern
ARO_51,blue_antimora,Gadiformes,Moridae,Antimora_rostrata,Irish_Slope,ARO,NA,NA,NA,2006,SU_Deep,2.82,81.7,0.1,24.20740741,121,NA,NA,NA,NA,-0.88923556,2.881349296,0.182690772,1.153182484,-19.40840251,NA,NA,/Users/trueman/Desktop/RNAscripts/OtoMet/Coldfish_data/ColdfishNAotolithNAFMRNAexploration.Rmd,NA,NA,NA,NA,NA,Lower slope,1200 - 2700,demersal,Modern
ARO_66,blue_antimora,Gadiformes,Moridae,Antimora_rostrata,Irish_Slope,ARO,NA,NA,NA,2006,SU_Deep,2.82,81.7,0.1,24.20740741,121,NA,NA,NA,NA,-1.718198595,3.028568694,0.182690772,1.150983175,-19.41310588,NA,NA,/Users/trueman/Desktop/RNAscripts/OtoMet/Coldfish_data/ColdfishNAotolithNAFMRNAexploration.Rmd,NA,NA,NA,NA,NA,Lower slope,1200 - 2700,demersal,Modern
ARO_58,blue_antimora,Gadiformes,Moridae,Antimora_rostrata,Irish_Slope,ARO,NA,NA,NA,2006,SU_Deep,2.82,81.7,0.1,24.20740741,138,NA,NA,NA,NA,-2.812895542,2.837447118,0.182690772,1.150983175,-19.41310588,NA,NA,/Users/trueman/Desktop/RNAscripts/OtoMet/Coldfish_data/ColdfishNAotolithNAFMRNAexploration.Rmd,NA,NA,NA,NA,NA,Lower slope,1200 - 2700,demersal,Modern
ARO_59,blue_antimora,Gadiformes,Moridae,Antimora_rostrata,Irish_Slope,ARO,NA,NA,NA,2006,SU_Deep,2.82,81.7,0.1,24.20740741,196,NA,NA,NA,NA,-1.59340923,2.994724248,0.182690772,1.150983175,-19.41310588,NA,NA,/Users/trueman/Desktop/RNAscripts/OtoMet/Coldfish_data/ColdfishNAotolithNAFMRNAexploration.Rmd,NA,NA,NA,NA,NA,Lower slope,1200 - 2700,demersal,Modern
ARO_65,blue_antimora,Gadiformes,Moridae,Antimora_rostrata,Irish_Slope,ARO,NA,NA,NA,2006,SU_Deep,2.82,81.7,0.1,24.20740741,196,NA,NA,NA,NA,-1.392528789,2.922058232,0.182690772,1.150983175,-19.41310588,NA,NA,/Users/trueman/Desktop/RNAscripts/OtoMet/Coldfish_data/ColdfishNAotolithNAFMRNAexploration.Rmd,NA,NA,NA,NA,NA,Lower slope,1200 - 2700,demersal,Modern
ARO_60,blue_antimora,Gadiformes,Moridae,Antimora_rostrata,Irish_Slope,ARO,NA,NA,NA,2006,SU_Deep,2.82,81.7,0.1,24.20740741,218,NA,NA,NA,NA,-1.399630623,3.083317062,0.182690772,1.150983175,-19.41310588,NA,NA,/Users/trueman/Desktop/RNAscripts/OtoMet/Coldfish_data/ColdfishNAotolithNAFMRNAexploration.Rmd,NA,NA,NA,NA,NA,Lower slope,1200 - 2700,demersal,Modern
ARO_64,blue_antimora,Gadiformes,Moridae,Antimora_rostrata,Irish_Slope,ARO,NA,NA,NA,2006,SU_Deep,2.82,81.7,0.1,24.20740741,270,NA,NA,NA,NA,-1.66341302,3.031554969,0.182690772,1.150983175,-19.41310588,NA,NA,/Users/trueman/Desktop/RNAscripts/OtoMet/Coldfish_data/ColdfishNAotolithNAFMRNAexploration.Rmd,NA,NA,NA,NA,NA,Lower slope,1200 - 2700,demersal,Modern
ARO_63,blue_antimora,Gadiformes,Moridae,Antimora_rostrata,Irish_Slope,ARO,NA,NA,NA,2006,SU_Deep,2.82,81.7,0.1,24.20740741,298,NA,NA,NA,NA,-0.670170841,3.088294186,0.182690772,1.150983175,-19.41310588,NA,NA,/Users/trueman/Desktop/RNAscripts/OtoMet/Coldfish_data/ColdfishNAotolithNAFMRNAexploration.Rmd,NA,NA,NA,NA,NA,Lower slope,1200 - 2700,demersal,Modern
ARO_62,blue_antimora,Gadiformes,Moridae,Antimora_rostrata,Irish_Slope,ARO,NA,NA,NA,2006,SU_Deep,2.82,81.7,0.1,24.20740741,329,NA,NA,NA,NA,-1.035408006,3.171909876,0.182690772,1.150983175,-19.41310588,NA,NA,/Users/trueman/Desktop/RNAscripts/OtoMet/Coldfish_data/ColdfishNAotolithNAFMRNAexploration.Rmd,NA,NA,NA,NA,NA,Lower slope,1200 - 2700,demersal,Modern
ARO_57,blue_antimora,Gadiformes,Moridae,Antimora_rostrata,Irish_Slope,ARO,NA,NA,NA,2006,SU_Deep,2.82,81.7,0.1,24.20740741,362,NA,NA,NA,NA,-0.877138567,3.144037979,0.182690772,1.150983175,-19.41310588,NA,NA,/Users/trueman/Desktop/RNAscripts/OtoMet/Coldfish_data/ColdfishNAotolithNAFMRNAexploration.Rmd,NA,NA,NA,NA,NA,Lower slope,1200 - 2700,demersal,Modern
ARO_53,blue_antimora,Gadiformes,Moridae,Antimora_rostrata,Irish_Slope,ARO,NA,NA,NA,2009,SU_Deep,2.82,81.7,0.1,24.20740741,1113,NA,NA,NA,NA,-0.94,2.78,0.199159596,1.117918895,-19.41217166,NA,NA,/Users/trueman/Desktop/RNAscripts/OtoMet/Coldfish_data/ColdfishNAotolithNAFMRNAexploration.Rmd,NA,NA,NA,NA,NA,Lower slope,1200 - 2700,demersal,Modern
ARO_56,blue_antimora,Gadiformes,Moridae,Antimora_rostrata,Irish_Slope,ARO,NA,NA,NA,2009,SU_Deep,2.82,81.7,0.1,24.20740741,1113,NA,NA,NA,NA,-1.31,2.29,0.199159596,1.117918895,-19.41217166,NA,NA,/Users/trueman/Desktop/RNAscripts/OtoMet/Coldfish_data/ColdfishNAotolithNAFMRNAexploration.Rmd,NA,NA,NA,NA,NA,Lower slope,1200 - 2700,demersal,Modern
ARO_52,blue_antimora,Gadiformes,Moridae,Antimora_rostrata,Irish_Slope,ARO,NA,NA,NA,2006,SU_Deep,2.82,81.7,0.1,24.20740741,1360,NA,NA,NA,NA,-1.303585767,2.762491522,0.182690772,1.153182484,-19.40840251,NA,NA,/Users/trueman/Desktop/RNAscripts/OtoMet/Coldfish_data/ColdfishNAotolithNAFMRNAexploration.Rmd,NA,NA,NA,NA,NA,Lower slope,1200 - 2700,demersal,Modern
ARO_54,blue_antimora,Gadiformes,Moridae,Antimora_rostrata,Irish_Slope,ARO,NA,NA,NA,2009,SU_Deep,2.82,81.7,0.1,24.20740741,1360,NA,NA,NA,NA,-0.885431331,2.756221441,0.199159596,1.117918895,-19.41217166,NA,NA,/Users/trueman/Desktop/RNAscripts/OtoMet/Coldfish_data/ColdfishNAotolithNAFMRNAexploration.Rmd,NA,NA,NA,NA,NA,Lower slope,1200 - 2700,demersal,Modern
ARO_55,blue_antimora,Gadiformes,Moridae,Antimora_rostrata,Irish_Slope,ARO,NA,NA,NA,2009,SU_Deep,2.82,81.7,0.1,24.20740741,1360,NA,NA,NA,NA,-1.01,2.77,0.199159596,1.117918895,-19.41217166,NA,NA,/Users/trueman/Desktop/RNAscripts/OtoMet/Coldfish_data/ColdfishNAotolithNAFMRNAexploration.Rmd,NA,NA,NA,NA,NA,Lower slope,1200 - 2700,demersal,Modern
ARO_61,blue_antimora,Gadiformes,Moridae,Antimora_rostrata,Irish_Slope,ARO,NA,NA,NA,2006,SU_Deep,2.82,81.7,0.1,24.20740741,1360,NA,NA,NA,NA,-1.713125856,3.160960202,0.182690772,1.150983175,-19.41310588,NA,NA,/Users/trueman/Desktop/RNAscripts/OtoMet/Coldfish_data/ColdfishNAotolithNAFMRNAexploration.Rmd,NA,NA,NA,NA,NA,Lower slope,1200 - 2700,demersal,Modern
ACA_38,Black_scabbard,Scombriformes,Trichiuridae,Aphanopus_carbo,Irish_Slope,ACA,NA,NA,NA,2011,SU_Deep,3.69,139,0.3,41.18518519,639,NA,NA,NA,NA,-1.977467741,2.306593178,0.167494449,1.118835632,-19.09681885,NA,NA,/Users/trueman/Desktop/RNAscripts/OtoMet/Coldfish_data/ColdfishNAotolithNAFMRNAexploration.Rmd,NA,NA,NA,NA,NA,Slope,700 - 1300,pelagic,Modern
ACA_39,Black_scabbard,Scombriformes,Trichiuridae,Aphanopus_carbo,Irish_Slope,ACA,NA,NA,NA,2011,SU_Deep,3.69,139,0.3,41.18518519,940,NA,NA,NA,NA,-3.001145348,2.175263796,0.167494449,1.118835632,-19.09681885,NA,NA,/Users/trueman/Desktop/RNAscripts/OtoMet/Coldfish_data/ColdfishNAotolithNAFMRNAexploration.Rmd,NA,NA,NA,NA,NA,Slope,700 - 1300,pelagic,Modern
ACA_33,Black_scabbard,Scombriformes,Trichiuridae,Aphanopus_carbo,Irish_Slope,ACA,NA,NA,NA,2006,SU_Deep,3.69,139,0.3,41.18518519,1006,NA,NA,NA,NA,-3.234,2.093,0.055448863,1.149181685,-19.11576209,NA,NA,/Users/trueman/Desktop/RNAscripts/OtoMet/Coldfish_data/ColdfishNAotolithNAFMRNAexploration.Rmd,NA,NA,NA,NA,NA,Slope,700 - 1300,pelagic,Modern
ACA_32,Black_scabbard,Scombriformes,Trichiuridae,Aphanopus_carbo,Irish_Slope,ACA,NA,NA,NA,2006,SU_Deep,3.69,139,0.3,41.18518519,1078,NA,NA,NA,NA,-7.476,0.978,0.055448863,1.149181685,-19.11576209,NA,NA,/Users/trueman/Desktop/RNAscripts/OtoMet/Coldfish_data/ColdfishNAotolithNAFMRNAexploration.Rmd,NA,NA,NA,NA,NA,Slope,700 - 1300,pelagic,Modern
ACA_35,Black_scabbard,Scombriformes,Trichiuridae,Aphanopus_carbo,Irish_Slope,ACA,NA,NA,NA,2009,SU_Deep,3.69,139,0.3,41.18518519,1193,NA,NA,NA,NA,-2.88,2.31,0.157371765,1.111387415,-19.11186168,NA,NA,/Users/trueman/Desktop/RNAscripts/OtoMet/Coldfish_data/ColdfishNAotolithNAFMRNAexploration.Rmd,NA,NA,NA,NA,NA,Slope,700 - 1300,pelagic,Modern
ACA_37,Black_scabbard,Scombriformes,Trichiuridae,Aphanopus_carbo,Irish_Slope,ACA,NA,NA,NA,2011,SU_Deep,3.69,139,0.3,41.18518519,1193,NA,NA,NA,NA,-2.548051023,2.371729303,0.167494449,1.118835632,-19.09681885,NA,NA,/Users/trueman/Desktop/RNAscripts/OtoMet/Coldfish_data/ColdfishNAotolithNAFMRNAexploration.Rmd,NA,NA,NA,NA,NA,Slope,700 - 1300,pelagic,Modern
ACA_36,Black_scabbard,Scombriformes,Trichiuridae,Aphanopus_carbo,Irish_Slope,ACA,NA,NA,NA,2009,SU_Deep,3.69,139,0.3,41.18518519,1233,NA,NA,NA,NA,-4.720433674,1.546056312,0.157371765,1.111387415,-19.11186168,NA,NA,/Users/trueman/Desktop/RNAscripts/OtoMet/Coldfish_data/ColdfishNAotolithNAFMRNAexploration.Rmd,NA,NA,NA,NA,NA,Slope,700 - 1300,pelagic,Modern
ACA_34,Black_scabbard,Scombriformes,Trichiuridae,Aphanopus_carbo,Irish_Slope,ACA,NA,NA,NA,2009,SU_Deep,3.69,139,0.3,41.18518519,1734,NA,NA,NA,NA,-4.374415578,1.406614204,0.157371765,1.111387415,-19.11186168,NA,NA,/Users/trueman/Desktop/RNAscripts/OtoMet/Coldfish_data/ColdfishNAotolithNAFMRNAexploration.Rmd,NA,NA,NA,NA,NA,Slope,700 - 1300,pelagic,Modern
TCAR028,Spotted_barracudina,Aulopiformes,Paralepididae,Arctozenus_risso,Irish_Slope,AR_Meso,NA,NA,09_2022,2022,Meso_pel,NA,NA,NA,NA,0.6,8.6,NA,NA,NA,-2.834391639,2.221597819,0,1,-19,NA,NA,/Users/trueman/Desktop/RNAscripts/OtoMet/,NA,NA,NA,NA,NA,Mesopelagic,700 - 1300,pelagic,Modern
TCAR027,Spotted_barracudina,Aulopiformes,Paralepididae,Arctozenus_risso,Irish_Slope,AR_Meso,NA,NA,09_2022,2022,Meso_pel,NA,NA,NA,NA,0.77,9.4,NA,NA,NA,-3.304117865,2.220416979,0,1,-19,NA,NA,/Users/trueman/Desktop/RNAscripts/OtoMet/,NA,NA,NA,NA,NA,Mesopelagic,700 - 1300,pelagic,Modern
TCAR024,Spotted_barracudina,Aulopiformes,Paralepididae,Arctozenus_risso,Irish_Slope,AR_Meso,NA,NA,09_2022,2022,Meso_pel,NA,NA,NA,NA,0.79,9.2,NA,NA,NA,-2.770432551,2.155944552,0,1,-19,NA,NA,/Users/trueman/Desktop/RNAscripts/OtoMet/,NA,NA,NA,NA,NA,Mesopelagic,700 - 1300,pelagic,Modern
TCAR016,Spotted_barracudina,Aulopiformes,Paralepididae,Arctozenus_risso,Irish_Slope,AR_Meso,NA,NA,09_2022,2022,Meso_pel,NA,NA,NA,NA,0.82,9.6,NA,NA,NA,-3.322079687,2.358872832,0,1,-19,NA,NA,/Users/trueman/Desktop/RNAscripts/OtoMet/,NA,NA,NA,NA,NA,Mesopelagic,700 - 1300,pelagic,Modern
TCAR029,Spotted_barracudina,Aulopiformes,Paralepididae,Arctozenus_risso,Irish_Slope,AR_Meso,NA,NA,09_2022,2022,Meso_pel,NA,NA,NA,NA,0.83,9.6,NA,NA,NA,-2.590203544,2.356069608,0,1,-19,NA,NA,/Users/trueman/Desktop/RNAscripts/OtoMet/,NA,NA,NA,NA,NA,Mesopelagic,700 - 1300,pelagic,Modern
TCAR026,Spotted_barracudina,Aulopiformes,Paralepididae,Arctozenus_risso,Irish_Slope,AR_Meso,NA,NA,09_2022,2022,Meso_pel,NA,NA,NA,NA,0.84,9.6,NA,NA,NA,-3.459720138,1.969238292,0,1,-19,NA,NA,/Users/trueman/Desktop/RNAscripts/OtoMet/,NA,NA,NA,NA,NA,Mesopelagic,700 - 1300,pelagic,Modern
TCAR022,Spotted_barracudina,Aulopiformes,Paralepididae,Arctozenus_risso,Irish_Slope,AR_Meso,NA,NA,09_2022,2022,Meso_pel,NA,NA,NA,NA,0.86,9.5,NA,NA,NA,-2.980298309,2.174844735,0,1,-19,NA,NA,/Users/trueman/Desktop/RNAscripts/OtoMet/,NA,NA,NA,NA,NA,Mesopelagic,700 - 1300,pelagic,Modern
TCAR019,Spotted_barracudina,Aulopiformes,Paralepididae,Arctozenus_risso,Irish_Slope,AR_Meso,NA,NA,09_2022,2022,Meso_pel,NA,NA,NA,NA,0.87,9.9,NA,NA,NA,-2.924687487,1.989166493,0,1,-19,NA,NA,/Users/trueman/Desktop/RNAscripts/OtoMet/,NA,NA,NA,NA,NA,Mesopelagic,700 - 1300,pelagic,Modern
TCAR015,Spotted_barracudina,Aulopiformes,Paralepididae,Arctozenus_risso,Irish_Slope,AR_Meso,NA,NA,09_2022,2022,Meso_pel,NA,NA,NA,NA,0.9,9.4,NA,NA,NA,-3.276109092,2.107201975,0,1,-19,NA,NA,/Users/trueman/Desktop/RNAscripts/OtoMet/,NA,NA,NA,NA,NA,Mesopelagic,700 - 1300,pelagic,Modern
TCAR018,Spotted_barracudina,Aulopiformes,Paralepididae,Arctozenus_risso,Irish_Slope,AR_Meso,NA,NA,09_2022,2022,Meso_pel,NA,NA,NA,NA,0.93,9.9,NA,NA,NA,-3.361594018,2.067807772,0,1,-19,NA,NA,/Users/trueman/Desktop/RNAscripts/OtoMet/,NA,NA,NA,NA,NA,Mesopelagic,700 - 1300,pelagic,Modern
TCAR002,Spotted_barracudina,Aulopiformes,Paralepididae,Arctozenus_risso,Irish_Slope,AR_Meso,NA,NA,09_2022,2022,Meso_pel,NA,NA,NA,NA,0.931594979,8.9,NA,NA,NA,-3.450997224,2.227566298,0,1,-19,NA,NA,/Users/trueman/Desktop/RNAscripts/OtoMet/,NA,NA,NA,NA,NA,Mesopelagic,700 - 1300,pelagic,Modern
TCAR025,Spotted_barracudina,Aulopiformes,Paralepididae,Arctozenus_risso,Irish_Slope,AR_Meso,NA,NA,09_2022,2022,Meso_pel,NA,NA,NA,NA,1,10.1,NA,NA,NA,-3.618889831,2.071391102,0,1,-19,NA,NA,/Users/trueman/Desktop/RNAscripts/OtoMet/,NA,NA,NA,NA,NA,Mesopelagic,700 - 1300,pelagic,Modern
TCAR009,Spotted_barracudina,Aulopiformes,Paralepididae,Arctozenus_risso,Irish_Slope,AR_Meso,NA,NA,09_2022,2022,Meso_pel,NA,NA,NA,NA,1.031133048,9.2,NA,NA,NA,-3.579914762,2.003748342,0,1,-19,NA,NA,/Users/trueman/Desktop/RNAscripts/OtoMet/,NA,NA,NA,NA,NA,Mesopelagic,700 - 1300,pelagic,Modern
TCAR013,Spotted_barracudina,Aulopiformes,Paralepididae,Arctozenus_risso,Irish_Slope,AR_Meso,NA,NA,09_2022,2022,Meso_pel,NA,NA,NA,NA,1.101323232,9.4,NA,NA,NA,-2.86237374,2.140028608,0,1,-19,NA,NA,/Users/trueman/Desktop/RNAscripts/OtoMet/,NA,NA,NA,NA,NA,Mesopelagic,700 - 1300,pelagic,Modern
TCAR030,Spotted_barracudina,Aulopiformes,Paralepididae,Arctozenus_risso,Irish_Slope,AR_Meso,NA,NA,09_2022,2022,Meso_pel,NA,NA,NA,NA,1.14,11.7,NA,NA,NA,-3.063245252,2.33400417,0,1,-19,NA,NA,/Users/trueman/Desktop/RNAscripts/OtoMet/,NA,NA,NA,NA,NA,Mesopelagic,700 - 1300,pelagic,Modern
TCAR033,Spotted_barracudina,Aulopiformes,Paralepididae,Arctozenus_risso,Irish_Slope,AR_Meso,NA,NA,09_2022,2022,Meso_pel,NA,NA,NA,NA,1.14,10.6,NA,NA,NA,-2.890355842,2.289240579,0,1,-19,NA,NA,/Users/trueman/Desktop/RNAscripts/OtoMet/,NA,NA,NA,NA,NA,Mesopelagic,700 - 1300,pelagic,Modern
TCAR007,Spotted_barracudina,Aulopiformes,Paralepididae,Arctozenus_risso,Irish_Slope,AR_Meso,NA,NA,09_2022,2022,Meso_pel,NA,NA,NA,NA,1.174661521,9.6,NA,NA,NA,-3.316218107,2.403947006,0,1,-19,NA,NA,/Users/trueman/Desktop/RNAscripts/OtoMet/,NA,NA,NA,NA,NA,Mesopelagic,700 - 1300,pelagic,Modern
TCAR010,Spotted_barracudina,Aulopiformes,Paralepididae,Arctozenus_risso,Irish_Slope,AR_Meso,NA,NA,09_2022,2022,Meso_pel,NA,NA,NA,NA,1.212533448,9.7,NA,NA,NA,-2.724461957,2.216624087,0,1,-19,NA,NA,/Users/trueman/Desktop/RNAscripts/OtoMet/,NA,NA,NA,NA,NA,Mesopelagic,700 - 1300,pelagic,Modern
TCAR032,Spotted_barracudina,Aulopiformes,Paralepididae,Arctozenus_risso,Irish_Slope,AR_Meso,NA,NA,09_2022,2022,Meso_pel,NA,NA,NA,NA,1.31,10.8,NA,NA,NA,-2.567562318,2.288245833,0,1,-19,NA,NA,/Users/trueman/Desktop/RNAscripts/OtoMet/,NA,NA,NA,NA,NA,Mesopelagic,700 - 1300,pelagic,Modern
TCAR011,Spotted_barracudina,Aulopiformes,Paralepididae,Arctozenus_risso,Irish_Slope,AR_Meso,NA,NA,09_2022,2022,Meso_pel,NA,NA,NA,NA,1.331067256,10,NA,NA,NA,-3.149190277,1.975895441,0,1,-19,NA,NA,/Users/trueman/Desktop/RNAscripts/OtoMet/,NA,NA,NA,NA,NA,Mesopelagic,700 - 1300,pelagic,Modern
TCAR008,Spotted_barracudina,Aulopiformes,Paralepididae,Arctozenus_risso,Irish_Slope,AR_Meso,NA,NA,09_2022,2022,Meso_pel,NA,NA,NA,NA,1.500920842,10.4,NA,NA,NA,-3.561926268,2.050501426,0,1,-19,NA,NA,/Users/trueman/Desktop/RNAscripts/OtoMet/,NA,NA,NA,NA,NA,Mesopelagic,700 - 1300,pelagic,Modern
MIAR008,Spotted_barracudina,Aulopiformes,Paralepididae,Arctozenus_risso,Rockall Trough,AR_Meso,NE Atlantic,Rockall Trough,NA,2021,Meso_pel,NA,NA,NA,Na,5.51,16.6,NA,NA,NA,-3.180654364,2.061037971,0,1.4,-19,NA,NA,/Users/trueman/Desktop/RNAscripts/OtoMet/Lauren_wrasse,NA,NA,NA,NA,NA,Mesopelagic,700 - 1300,pelagic,Modern
MIAR011,Spotted_barracudina,Aulopiformes,Paralepididae,Arctozenus_risso,Rockall Trough,AR_Meso,NE Atlantic,Rockall Trough,NA,2021,Meso_pel,NA,NA,NA,Na,5.85,18,NA,NA,NA,-3.234458648,2.304091374,0,1.4,-19,NA,NA,/Users/trueman/Desktop/RNAscripts/OtoMet/Lauren_wrasse,NA,NA,NA,NA,NA,Mesopelagic,700 - 1300,pelagic,Modern
MIAR001,Spotted_barracudina,Aulopiformes,Paralepididae,Arctozenus_risso,Rockall Trough,AR_Meso,NE Atlantic,Rockall Trough,NA,2021,Meso_pel,NA,NA,NA,Na,6.02,16.3,NA,NA,NA,-3.86616079,2.143378512,0,1.4,-19,NA,NA,/Users/trueman/Desktop/RNAscripts/OtoMet/Lauren_wrasse,NA,NA,NA,NA,NA,Mesopelagic,700 - 1300,pelagic,Modern
MIAR021,Spotted_barracudina,Aulopiformes,Paralepididae,Arctozenus_risso,Rockall Trough,AR_Meso,NE Atlantic,Rockall Trough,NA,2021,Meso_pel,NA,NA,NA,Na,6.61,17.6,NA,NA,NA,-3.803389126,2.095759886,0,1.4,-19,NA,NA,/Users/trueman/Desktop/RNAscripts/OtoMet/Lauren_wrasse,NA,NA,NA,NA,NA,Mesopelagic,700 - 1300,pelagic,Modern
MIAR016,Spotted_barracudina,Aulopiformes,Paralepididae,Arctozenus_risso,Rockall Trough,AR_Meso,NE Atlantic,Rockall Trough,NA,2021,Meso_pel,NA,NA,NA,Na,6.65,18.3,NA,NA,NA,-3.122864579,2.108656597,0,1.4,-19,NA,NA,/Users/trueman/Desktop/RNAscripts/OtoMet/Lauren_wrasse,NA,NA,NA,NA,NA,Mesopelagic,700 - 1300,pelagic,Modern
MIAR026,Spotted_barracudina,Aulopiformes,Paralepididae,Arctozenus_risso,Rockall Trough,AR_Meso,NE Atlantic,Rockall Trough,NA,2021,Meso_pel,NA,NA,NA,Na,6.99,18.1,NA,NA,NA,-3.22250214,2.282266171,0,1.4,-19,NA,NA,/Users/trueman/Desktop/RNAscripts/OtoMet/Lauren_wrasse,NA,NA,NA,NA,NA,Mesopelagic,700 - 1300,pelagic,Modern
MIAR015,Spotted_barracudina,Aulopiformes,Paralepididae,Arctozenus_risso,Rockall Trough,AR_Meso,NE Atlantic,Rockall Trough,NA,2021,Meso_pel,NA,NA,NA,Na,7.19,18.2,NA,NA,NA,-3.135817462,2.191989193,0,1.4,-19,NA,NA,/Users/trueman/Desktop/RNAscripts/OtoMet/Lauren_wrasse,NA,NA,NA,NA,NA,Mesopelagic,700 - 1300,pelagic,Modern
MIAR032,Spotted_barracudina,Aulopiformes,Paralepididae,Arctozenus_risso,Rockall Trough,AR_Meso,NE Atlantic,Rockall Trough,NA,2021,Meso_pel,NA,NA,NA,Na,7.69,18.6,NA,NA,NA,-3.951849093,1.949927844,0,1.4,-19,NA,NA,/Users/trueman/Desktop/RNAscripts/OtoMet/Lauren_wrasse,NA,NA,NA,NA,NA,Mesopelagic,700 - 1300,pelagic,Modern
MIAR018,Spotted_barracudina,Aulopiformes,Paralepididae,Arctozenus_risso,Rockall Trough,AR_Meso,NE Atlantic,Rockall Trough,NA,2021,Meso_pel,NA,NA,NA,Na,7.9,18.2,NA,NA,NA,-3.324132453,2.254488639,0,1.4,-19,NA,NA,/Users/trueman/Desktop/RNAscripts/OtoMet/Lauren_wrasse,NA,NA,NA,NA,NA,Mesopelagic,700 - 1300,pelagic,Modern
MIAR004,Spotted_barracudina,Aulopiformes,Paralepididae,Arctozenus_risso,Rockall Trough,AR_Meso,NE Atlantic,Rockall Trough,NA,2021,Meso_pel,NA,NA,NA,Na,7.98,19.1,NA,NA,NA,-3.351034595,2.11560098,0,1.4,-19,NA,NA,/Users/trueman/Desktop/RNAscripts/OtoMet/Lauren_wrasse,NA,NA,NA,NA,NA,Mesopelagic,700 - 1300,pelagic,Modern
MIAR012,Spotted_barracudina,Aulopiformes,Paralepididae,Arctozenus_risso,Rockall Trough,AR_Meso,NE Atlantic,Rockall Trough,NA,2021,Meso_pel,NA,NA,NA,Na,8.01,18,NA,NA,NA,-3.674856671,1.968776884,0,1.4,-19,NA,NA,/Users/trueman/Desktop/RNAscripts/OtoMet/Lauren_wrasse,NA,NA,NA,NA,NA,Mesopelagic,700 - 1300,pelagic,Modern
MIAR013,Spotted_barracudina,Aulopiformes,Paralepididae,Arctozenus_risso,Rockall Trough,AR_Meso,NE Atlantic,Rockall Trough,NA,2021,Meso_pel,NA,NA,NA,Na,8.18,18.7,NA,NA,NA,-3.176668862,2.027308111,0,1.4,-19,NA,NA,/Users/trueman/Desktop/RNAscripts/OtoMet/Lauren_wrasse,NA,NA,NA,NA,NA,Mesopelagic,700 - 1300,pelagic,Modern
MIAR022,Spotted_barracudina,Aulopiformes,Paralepididae,Arctozenus_risso,Rockall Trough,AR_Meso,NE Atlantic,Rockall Trough,NA,2021,Meso_pel,NA,NA,NA,Na,8.37,18.9,NA,NA,NA,-3.404838879,2.011435236,0,1.4,-19,NA,NA,/Users/trueman/Desktop/RNAscripts/OtoMet/Lauren_wrasse,NA,NA,NA,NA,NA,Mesopelagic,700 - 1300,pelagic,Modern
MIAR017,Spotted_barracudina,Aulopiformes,Paralepididae,Arctozenus_risso,Rockall Trough,AR_Meso,NE Atlantic,Rockall Trough,NA,2021,Meso_pel,NA,NA,NA,Na,8.87,18.9,NA,NA,NA,-3.452664908,1.933062914,0,1.4,-19,NA,NA,/Users/trueman/Desktop/RNAscripts/OtoMet/Lauren_wrasse,NA,NA,NA,NA,NA,Mesopelagic,700 - 1300,pelagic,Modern
MIAR028,Spotted_barracudina,Aulopiformes,Paralepididae,Arctozenus_risso,Rockall Trough,AR_Meso,NE Atlantic,Rockall Trough,NA,2021,Meso_pel,NA,NA,NA,Na,9.15,18.9,NA,NA,NA,-3.78645074,1.853698538,0,1.4,-19,NA,NA,/Users/trueman/Desktop/RNAscripts/OtoMet/Lauren_wrasse,NA,NA,NA,NA,NA,Mesopelagic,700 - 1300,pelagic,Modern
MIAR010,Spotted_barracudina,Aulopiformes,Paralepididae,Arctozenus_risso,Rockall Trough,AR_Meso,NE Atlantic,Rockall Trough,NA,2021,Meso_pel,NA,NA,NA,Na,9.16,20.2,NA,NA,NA,-4.02757364,2.144370567,0,1.4,-19,NA,NA,/Users/trueman/Desktop/RNAscripts/OtoMet/Lauren_wrasse,NA,NA,NA,NA,NA,Mesopelagic,700 - 1300,pelagic,Modern
MIAR009,Spotted_barracudina,Aulopiformes,Paralepididae,Arctozenus_risso,Rockall Trough,AR_Meso,NE Atlantic,Rockall Trough,NA,2021,Meso_pel,NA,NA,NA,Na,9.5,20,NA,NA,NA,-4.444058649,1.904293328,0,1.4,-19,NA,NA,/Users/trueman/Desktop/RNAscripts/OtoMet/Lauren_wrasse,NA,NA,NA,NA,NA,Mesopelagic,700 - 1300,pelagic,Modern
MIAR037,Spotted_barracudina,Aulopiformes,Paralepididae,Arctozenus_risso,Rockall Trough,AR_Meso,NE Atlantic,Rockall Trough,NA,2021,Meso_pel,NA,NA,NA,Na,9.63,19.5,NA,NA,NA,-3.63201252,1.938023188,0,1.4,-19,NA,NA,/Users/trueman/Desktop/RNAscripts/OtoMet/Lauren_wrasse,NA,NA,NA,NA,NA,Mesopelagic,700 - 1300,pelagic,Modern
MIAR007,Spotted_barracudina,Aulopiformes,Paralepididae,Arctozenus_risso,Rockall Trough,AR_Meso,NE Atlantic,Rockall Trough,NA,2021,Meso_pel,NA,NA,NA,Na,9.65,19.6,NA,NA,NA,-3.591161119,1.957864282,0,1.4,-19,NA,NA,/Users/trueman/Desktop/RNAscripts/OtoMet/Lauren_wrasse,NA,NA,NA,NA,NA,Mesopelagic,700 - 1300,pelagic,Modern
MIAR023,Spotted_barracudina,Aulopiformes,Paralepididae,Arctozenus_risso,Rockall Trough,AR_Meso,NE Atlantic,Rockall Trough,NA,2021,Meso_pel,NA,NA,NA,Na,9.69,20.5,NA,NA,NA,-3.448679406,1.878499905,0,1.4,-19,NA,NA,/Users/trueman/Desktop/RNAscripts/OtoMet/Lauren_wrasse,NA,NA,NA,NA,NA,Mesopelagic,700 - 1300,pelagic,Modern
MIAR029,Spotted_barracudina,Aulopiformes,Paralepididae,Arctozenus_risso,Rockall Trough,AR_Meso,NE Atlantic,Rockall Trough,NA,2021,Meso_pel,NA,NA,NA,Na,9.8,19.8,NA,NA,NA,-3.448679406,2.074926737,0,1.4,-19,NA,NA,/Users/trueman/Desktop/RNAscripts/OtoMet/Lauren_wrasse,NA,NA,NA,NA,NA,Mesopelagic,700 - 1300,pelagic,Modern
MIAR025,Spotted_barracudina,Aulopiformes,Paralepididae,Arctozenus_risso,Rockall Trough,AR_Meso,NE Atlantic,Rockall Trough,NA,2021,Meso_pel,NA,NA,NA,Na,10,20.2,NA,NA,NA,-3.680834925,2.092783722,0,1.4,-19,NA,NA,/Users/trueman/Desktop/RNAscripts/OtoMet/Lauren_wrasse,NA,NA,NA,NA,NA,Mesopelagic,700 - 1300,pelagic,Modern
MIAR024,Spotted_barracudina,Aulopiformes,Paralepididae,Arctozenus_risso,Rockall Trough,AR_Meso,NE Atlantic,Rockall Trough,NA,2021,Meso_pel,NA,NA,NA,Na,10.25,20.7,NA,NA,NA,-3.457646786,2.200917685,0,1.4,-19,NA,NA,/Users/trueman/Desktop/RNAscripts/OtoMet/Lauren_wrasse,NA,NA,NA,NA,NA,Mesopelagic,700 - 1300,pelagic,Modern
MIAR005,Spotted_barracudina,Aulopiformes,Paralepididae,Arctozenus_risso,Rockall Trough,AR_Meso,NE Atlantic,Rockall Trough,NA,2021,Meso_pel,NA,NA,NA,Na,10.44,19.9,NA,NA,NA,-3.993696869,1.905285383,0,1.4,-19,NA,NA,/Users/trueman/Desktop/RNAscripts/OtoMet/Lauren_wrasse,NA,NA,NA,NA,NA,Mesopelagic,700 - 1300,pelagic,Modern
MIAR039,Spotted_barracudina,Aulopiformes,Paralepididae,Arctozenus_risso,Rockall Trough,AR_Meso,NE Atlantic,Rockall Trough,NA,2021,Meso_pel,NA,NA,NA,Na,11.13,20.5,NA,NA,NA,-3.588171992,2.195957411,0,1.4,-19,NA,NA,/Users/trueman/Desktop/RNAscripts/OtoMet/Lauren_wrasse,NA,NA,NA,NA,NA,Mesopelagic,700 - 1300,pelagic,Modern
MIAR030,Spotted_barracudina,Aulopiformes,Paralepididae,Arctozenus_risso,Rockall Trough,AR_Meso,NE Atlantic,Rockall Trough,NA,2021,Meso_pel,NA,NA,NA,Na,11.26,20.8,NA,NA,NA,-3.3590056,1.940999352,0,1.4,-19,NA,NA,/Users/trueman/Desktop/RNAscripts/OtoMet/Lauren_wrasse,NA,NA,NA,NA,NA,Mesopelagic,700 - 1300,pelagic,Modern
MIAR027,Spotted_barracudina,Aulopiformes,Paralepididae,Arctozenus_risso,Rockall Trough,AR_Meso,NE Atlantic,Rockall Trough,NA,2021,Meso_pel,NA,NA,NA,Na,11.28,20.8,NA,NA,NA,-3.377936737,2.024331947,0,1.4,-19,NA,NA,/Users/trueman/Desktop/RNAscripts/OtoMet/Lauren_wrasse,NA,NA,NA,NA,NA,Mesopelagic,700 - 1300,pelagic,Modern
MIAR038,Spotted_barracudina,Aulopiformes,Paralepididae,Arctozenus_risso,Rockall Trough,AR_Meso,NE Atlantic,Rockall Trough,NA,2021,Meso_pel,NA,NA,NA,Na,11.3,20.7,NA,NA,NA,-3.878117297,2.11758509,0,1.4,-19,NA,NA,/Users/trueman/Desktop/RNAscripts/OtoMet/Lauren_wrasse,NA,NA,NA,NA,NA,Mesopelagic,700 - 1300,pelagic,Modern
MIAR035,Spotted_barracudina,Aulopiformes,Paralepididae,Arctozenus_risso,Rockall Trough,AR_Meso,NE Atlantic,Rockall Trough,NA,2021,Meso_pel,NA,NA,NA,Na,11.83,20.4,NA,NA,NA,-3.476577923,2.080879066,0,1.4,-19,NA,NA,/Users/trueman/Desktop/RNAscripts/OtoMet/Lauren_wrasse,NA,NA,NA,NA,NA,Mesopelagic,700 - 1300,pelagic,Modern
MIAR036,Spotted_barracudina,Aulopiformes,Paralepididae,Arctozenus_risso,Rockall Trough,AR_Meso,NE Atlantic,Rockall Trough,NA,2021,Meso_pel,NA,NA,NA,Na,12.13,20.9,NA,NA,NA,-3.404838879,2.160243442,0,1.4,-19,NA,NA,/Users/trueman/Desktop/RNAscripts/OtoMet/Lauren_wrasse,NA,NA,NA,NA,NA,Mesopelagic,700 - 1300,pelagic,Modern
MIAR006,Spotted_barracudina,Aulopiformes,Paralepididae,Arctozenus_risso,Rockall Trough,AR_Meso,NE Atlantic,Rockall Trough,NA,2021,Meso_pel,NA,NA,NA,Na,12.29,21.6,NA,NA,NA,-3.692791432,2.131473856,0,1.4,-19,NA,NA,/Users/trueman/Desktop/RNAscripts/OtoMet/Lauren_wrasse,NA,NA,NA,NA,NA,Mesopelagic,700 - 1300,pelagic,Modern
MIAR014,Spotted_barracudina,Aulopiformes,Paralepididae,Arctozenus_risso,Rockall Trough,AR_Meso,NE Atlantic,Rockall Trough,NA,2021,Meso_pel,NA,NA,NA,Na,12.52,22,NA,NA,NA,-3.932917956,2.315996031,0,1.4,-19,NA,NA,/Users/trueman/Desktop/RNAscripts/OtoMet/Lauren_wrasse,NA,NA,NA,NA,NA,Mesopelagic,700 - 1300,pelagic,Modern
MIAR020,Spotted_barracudina,Aulopiformes,Paralepididae,Arctozenus_risso,Rockall Trough,AR_Meso,NE Atlantic,Rockall Trough,NA,2021,Meso_pel,NA,NA,NA,Na,14.11,22,NA,NA,NA,-3.602121251,1.899333054,0,1.4,-19,NA,NA,/Users/trueman/Desktop/RNAscripts/OtoMet/Lauren_wrasse,NA,NA,NA,NA,NA,Mesopelagic,700 - 1300,pelagic,Modern
JCAH11,Hatchetfish_naked,Stomiiformes,Sternoptychinae,Argyropelecus_hemigymnus,NE Atlantic,HT_n-SOMeso,Porcupine Abyssal Plain,NA,5/17/2023,2023,Meso_pel,NA,NA,NA,NA,0.21,2.4,NA,NA,NA,-6.51,1.72,0,1.4,-19,NA,NA,/Users/trueman/Desktop/RNAscripts/OtoMet/Lauren_wrasse,NA,NA,NA,NA,NA,Mesopelagic,100-700,pelagic,Modern
JCAH10,Hatchetfish_naked,Stomiiformes,Sternoptychinae,Argyropelecus_hemigymnus,NE Atlantic,HT_n-SOMeso,Porcupine Abyssal Plain,NA,5/17/2023,2023,Meso_pel,NA,NA,NA,NA,0.27,2.4,NA,NA,NA,-6.26,2.08,0,1.4,-19,NA,NA,/Users/trueman/Desktop/RNAscripts/OtoMet/Lauren_wrasse,NA,NA,NA,NA,NA,Mesopelagic,100-700,pelagic,Modern
JCAH05,Hatchetfish_naked,Stomiiformes,Sternoptychinae,Argyropelecus_hemigymnus,NE Atlantic,HT_n-SOMeso,Porcupine Abyssal Plain,NA,5/18/2023,2023,Meso_pel,NA,NA,NA,NA,0.36,2.4,NA,NA,NA,-6.18,1.91,0,1.4,-19,NA,NA,/Users/trueman/Desktop/RNAscripts/OtoMet/Lauren_wrasse,NA,NA,NA,NA,NA,Mesopelagic,100-700,pelagic,Modern
JCAH08,Hatchetfish_naked,Stomiiformes,Sternoptychinae,Argyropelecus_hemigymnus,NE Atlantic,HT_n-SOMeso,Porcupine Abyssal Plain,NA,5/17/2023,2023,Meso_pel,NA,NA,NA,NA,0.37,2.7,NA,NA,NA,-6.25,1.99,0,1.4,-19,NA,NA,/Users/trueman/Desktop/RNAscripts/OtoMet/Lauren_wrasse,NA,NA,NA,NA,NA,Mesopelagic,100-700,pelagic,Modern
JCAH03,Hatchetfish_naked,Stomiiformes,Sternoptychinae,Argyropelecus_hemigymnus,NE Atlantic,HT_n-SOMeso,Porcupine Abyssal Plain,NA,5/18/2023,2023,Meso_pel,NA,NA,NA,NA,0.38,2.6,NA,NA,NA,-6.47,1.86,0,1.4,-19,NA,NA,/Users/trueman/Desktop/RNAscripts/OtoMet/Lauren_wrasse,NA,NA,NA,NA,NA,Mesopelagic,100-700,pelagic,Modern
JCAH12,Hatchetfish_naked,Stomiiformes,Sternoptychinae,Argyropelecus_hemigymnus,NE Atlantic,HT_n-SOMeso,Porcupine Abyssal Plain,NA,5/17/2023,2023,Meso_pel,NA,NA,NA,NA,0.42,2.8,NA,NA,NA,-5.76,2.04,0,1.4,-19,NA,NA,/Users/trueman/Desktop/RNAscripts/OtoMet/Lauren_wrasse,NA,NA,NA,NA,NA,Mesopelagic,100-700,pelagic,Modern
JCAH02,Hatchetfish_naked,Stomiiformes,Sternoptychinae,Argyropelecus_hemigymnus,NE Atlantic,HT_n-SOMeso,Porcupine Abyssal Plain,NA,5/18/2023,2023,Meso_pel,NA,NA,NA,NA,0.47,2.6,NA,NA,NA,-6.61,1.83,0,1.4,-19,NA,NA,/Users/trueman/Desktop/RNAscripts/OtoMet/Lauren_wrasse,NA,NA,NA,NA,NA,Mesopelagic,100-700,pelagic,Modern
JCAH13,Hatchetfish_naked,Stomiiformes,Sternoptychinae,Argyropelecus_hemigymnus,NE Atlantic,HT_n-SOMeso,Porcupine Abyssal Plain,NA,5/17/2023,2023,Meso_pel,NA,NA,NA,NA,0.57,2.9,NA,NA,NA,-5.84,1.75,0,1.4,-19,NA,NA,/Users/trueman/Desktop/RNAscripts/OtoMet/Lauren_wrasse,NA,NA,NA,NA,NA,Mesopelagic,100-700,pelagic,Modern
JCAH06,Hatchetfish_naked,Stomiiformes,Sternoptychinae,Argyropelecus_hemigymnus,NE Atlantic,HT_n-SOMeso,Porcupine Abyssal Plain,NA,5/18/2023,2023,Meso_pel,NA,NA,NA,NA,0.64,3.1,NA,NA,NA,-5.22,2.19,0,1.4,-19,NA,NA,/Users/trueman/Desktop/RNAscripts/OtoMet/Lauren_wrasse,NA,NA,NA,NA,NA,Mesopelagic,100-700,pelagic,Modern
JCAH07,Hatchetfish_halfnaked,Stomiiformes,Sternoptychinae,Argyropelecus_hemigymnus,NE Atlantic,HT_n-SOMeso,Porcupine Abyssal Plain,NA,5/18/2023,2023,Meso_pel,NA,NA,NA,NA,0.64,3,NA,NA,NA,-5.11,2.19,0,1.4,-19,NA,NA,/Users/trueman/Desktop/RNAscripts/OtoMet/Lauren_wrasse,NA,NA,NA,NA,NA,Mesopelagic,100-700,pelagic,Modern
JCAH09,Hatchetfish_naked,Stomiiformes,Sternoptychinae,Argyropelecus_hemigymnus,NE Atlantic,HT_n-SOMeso,Porcupine Abyssal Plain,NA,5/17/2023,2023,Meso_pel,NA,NA,NA,NA,0.72,3.2,NA,NA,NA,-4.06,2.03,0,1.4,-19,NA,NA,/Users/trueman/Desktop/RNAscripts/OtoMet/Lauren_wrasse,NA,NA,NA,NA,NA,Mesopelagic,100-700,pelagic,Modern
JCAH04,Hatchetfish_naked,Stomiiformes,Sternoptychinae,Argyropelecus_hemigymnus,NE Atlantic,HT-HN_SOMeso,Porcupine Abyssal Plain,NA,5/18/2023,2023,Meso_pel,NA,NA,NA,NA,0.24,2,NA,NA,NA,-6.19,1.81,0,1.4,-19,NA,NA,/Users/trueman/Desktop/RNAscripts/OtoMet/Lauren_wrasse,NA,NA,NA,NA,NA,Mesopelagic,100-700,pelagic,Modern
TCAO09,Hatchetfish_naked,Stomiiformes,Sternoptychinae,Argyropelecus_olfersii,NE Atlantic,HT-HN_SOMeso,Rockall Trough,NA,03/09/2022,2022,Meso_pel,NA,NA,NA,NA,0.20878704,5.2,NA,NA,NA,-6.47,1.46,0,1.4,-19.35,NA,NA,/Users/trueman/Desktop/RNAscripts/OtoMet/Lauren_wrasse,NA,NA,NA,NA,NA,Mesopelagic,100-800,pelagic,Modern
TCAO011,Hatchetfish_naked,Stomiiformes,Sternoptychinae,Argyropelecus_olfersii,NE Atlantic,HT-HN_SOMeso,Rockall Trough,NA,03/09/2022,2022,Meso_pel,NA,NA,NA,NA,1.18,3.7,NA,NA,NA,-6.1,1.54,0,1.4,-19.35,NA,NA,/Users/trueman/Desktop/RNAscripts/OtoMet/Lauren_wrasse,NA,NA,NA,NA,NA,Mesopelagic,100-800,pelagic,Modern
TCAO013,Hatchetfish_naked,Stomiiformes,Sternoptychinae,Argyropelecus_olfersii,NE Atlantic,HT-HN_SOMeso,Rockall Trough,NA,03/09/2022,2022,Meso_pel,NA,NA,NA,NA,0.45,2.5,NA,NA,NA,-5.49,1.74,0,1.4,-19.35,NA,NA,/Users/trueman/Desktop/RNAscripts/OtoMet/Lauren_wrasse,NA,NA,NA,NA,NA,Mesopelagic,100-800,pelagic,Modern
TCAO017,Hatchetfish_naked,Stomiiformes,Sternoptychinae,Argyropelecus_olfersii,NE Atlantic,HT-HN_SOMeso,Rockall Trough,NA,03/09/2022,2022,Meso_pel,NA,NA,NA,NA,5.43,6.1,NA,NA,NA,-4.67,1.68,0,1.4,-19.35,NA,NA,/Users/trueman/Desktop/RNAscripts/OtoMet/Lauren_wrasse,NA,NA,NA,NA,NA,Mesopelagic,100-800,pelagic,Modern
TCAO018,Hatchetfish_naked,Stomiiformes,Sternoptychinae,Argyropelecus_olfersii,NE Atlantic,HT-HN_SOMeso,Rockall Trough,NA,03/09/2022,2022,Meso_pel,NA,NA,NA,NA,7.43,6.3,NA,NA,NA,-4.87,1.94,0,1.4,-19.35,NA,NA,/Users/trueman/Desktop/RNAscripts/OtoMet/Lauren_wrasse,NA,NA,NA,NA,NA,Mesopelagic,100-800,pelagic,Modern
TCAO14,Hatchetfish_naked,Stomiiformes,Sternoptychinae,Argyropelecus_olfersii,NE Atlantic,HT-HN_SOMeso,Rockall Trough,NA,09/05/2022,2022,Meso_pel,NA,NA,NA,NA,0.76,3,NA,NA,NA,-6.27,1.3,0,1.4,-19.35,NA,NA,/Users/trueman/Desktop/RNAscripts/OtoMet/Lauren_wrasse,NA,NA,NA,NA,NA,Mesopelagic,100-800,pelagic,Modern
TCAO12,Hatchetfish_naked,Stomiiformes,Sternoptychinae,Argyropelecus_olfersii,NE Atlantic,HT-HN_SOMeso,Rockall Trough,NA,09/05/2022,2022,Meso_pel,NA,NA,NA,NA,0.77,3,NA,NA,NA,-6.01,1.7,0,1.4,-19.35,NA,NA,/Users/trueman/Desktop/RNAscripts/OtoMet/Lauren_wrasse,NA,NA,NA,NA,NA,Mesopelagic,100-800,pelagic,Modern
TCAO07,Hatchetfish_naked,Stomiiformes,Sternoptychinae,Argyropelecus_olfersii,NE Atlantic,HT-HN_SOMeso,Rockall Trough,NA,09/05/2022,2022,Meso_pel,NA,NA,NA,NA,2.689740918,4.9,NA,NA,NA,-5.63,1.46,0,1.4,-19.35,NA,NA,/Users/trueman/Desktop/RNAscripts/OtoMet/Lauren_wrasse,NA,NA,NA,NA,NA,Mesopelagic,100-800,pelagic,Modern
TCAO08,Hatchetfish_naked,Stomiiformes,Sternoptychinae,Argyropelecus_olfersii,NE Atlantic,HT-HN_SOMeso,Rockall Trough,NA,09/05/2022,2022,Meso_pel,NA,NA,NA,NA,4.234064378,4.3,NA,NA,NA,-6.32,1.44,0,1.4,-19.35,NA,NA,/Users/trueman/Desktop/RNAscripts/OtoMet/Lauren_wrasse,NA,NA,NA,NA,NA,Mesopelagic,100-800,pelagic,Modern
TCAO06,Hatchetfish_naked,Stomiiformes,Sternoptychinae,Argyropelecus_olfersii,NE Atlantic,HT-HN_SOMeso,Rockall Trough,NA,09/05/2022,2022,Meso_pel,NA,NA,NA,NA,5.499966198,4.7,NA,NA,NA,-6.62,1.52,0,1.4,-19.35,NA,NA,/Users/trueman/Desktop/RNAscripts/OtoMet/Lauren_wrasse,NA,NA,NA,NA,NA,Mesopelagic,100-800,pelagic,Modern
TCAO05,Hatchetfish_naked,Stomiiformes,Sternoptychinae,Argyropelecus_olfersii,NE Atlantic,HT-HN_SOMeso,Rockall Trough,NA,09/05/2022,2022,Meso_pel,NA,NA,NA,NA,5.655083528,4.3,NA,NA,NA,-4.99,1.99,0,1.4,-19.35,NA,NA,/Users/trueman/Desktop/RNAscripts/OtoMet/Lauren_wrasse,NA,NA,NA,NA,NA,Mesopelagic,100-800,pelagic,Modern
TCAO19,Hatchetfish_naked,Stomiiformes,Sternoptychinae,Argyropelecus_olfersii,NE Atlantic,HT-HN_SOMeso,Rockall Trough,NA,09/05/2022,2022,Meso_pel,NA,NA,NA,NA,13.13,8,NA,NA,NA,-3.75,1.71,0,1.4,-19.35,NA,NA,/Users/trueman/Desktop/RNAscripts/OtoMet/Lauren_wrasse,NA,NA,NA,NA,NA,Mesopelagic,100-800,pelagic,Modern
TCAO10,Hatchetfish_naked,Stomiiformes,Sternoptychinae,Argyropelecus_olfersii,NE Atlantic,HT-HN_SOMeso,Rockall Trough,NA,09/05/2022,2022,Meso_pel,NA,NA,NA,NA,,0,NA,NA,NA,-4.68,1.7,0,1.4,-19.35,NA,NA,/Users/trueman/Desktop/RNAscripts/OtoMet/Lauren_wrasse,NA,NA,NA,NA,NA,Mesopelagic,100-800,pelagic,Modern
TCAO04,Hatchetfish_naked,Stomiiformes,Sternoptychinae,Argyropelecus_olfersii,NE Atlantic,HT-HN_SOMeso,Rockall Trough,NA,09/04/2022,2022,Meso_pel,NA,NA,NA,NA,,0,NA,NA,NA,-6.27,1.3,0,1.4,-19.35,NA,NA,/Users/trueman/Desktop/RNAscripts/OtoMet/Lauren_wrasse,NA,NA,NA,NA,NA,Mesopelagic,100-800,pelagic,Modern
CLX_266,NA,Ophidiiformes,Bythitidae,Cataetyx_laticeps,Irish_Slope,CLX,NA,NA,NA,2006,SU_Deep,NA,NA,NA,NA,1795,NA,NA,NA,NA,0.60564856,3.060510782,0.182690772,1.153182484,-17.39149538,NA,NA,/Users/trueman/Desktop/RNAscripts/OtoMet/Coldfish_data/ColdfishNAotolithNAFMRNAexploration.Rmd,NA,NA,NA,NA,NA,Lower slope,500-2400,benthic,Modern
CLX_267,NA,Ophidiiformes,Bythitidae,Cataetyx_laticeps,Irish_Slope,CLX,NA,NA,NA,2006,SU_Deep,NA,NA,NA,NA,2225,NA,NA,NA,NA,0.347684065,3.554617119,0.182690772,1.153182484,-17.39149538,NA,NA,/Users/trueman/Desktop/RNAscripts/OtoMet/Coldfish_data/ColdfishNAotolithNAFMRNAexploration.Rmd,NA,NA,NA,NA,NA,Lower slope,500-2400,benthic,Modern
CLX_271,NA,Ophidiiformes,Bythitidae,Cataetyx_laticeps,Irish_Slope,CLX,NA,NA,NA,2009,SU_Deep,NA,NA,NA,NA,2827,NA,NA,NA,NA,0.116827264,3.551775675,0.055049538,1.118965697,-17.40111971,NA,NA,/Users/trueman/Desktop/RNAscripts/OtoMet/Coldfish_data/ColdfishNAotolithNAFMRNAexploration.Rmd,NA,NA,NA,NA,NA,Lower slope,500-2400,benthic,Modern
CLX_272,NA,Ophidiiformes,Bythitidae,Cataetyx_laticeps,Irish_Slope,CLX,NA,NA,NA,2009,SU_Deep,NA,NA,NA,NA,3050,NA,NA,NA,NA,0.275238065,3.605303514,0.055049538,1.118965697,-17.40111971,NA,NA,/Users/trueman/Desktop/RNAscripts/OtoMet/Coldfish_data/ColdfishNAotolithNAFMRNAexploration.Rmd,NA,NA,NA,NA,NA,Lower slope,500-2400,benthic,Modern
CLX_268,NA,Ophidiiformes,Bythitidae,Cataetyx_laticeps,Irish_Slope,CLX,NA,NA,NA,2006,SU_Deep,NA,NA,NA,NA,3530,NA,NA,NA,NA,0.420530333,2.625106055,0.182690772,1.153182484,-17.39149538,NA,NA,/Users/trueman/Desktop/RNAscripts/OtoMet/Coldfish_data/ColdfishNAotolithNAFMRNAexploration.Rmd,NA,NA,NA,NA,NA,Lower slope,500-2400,benthic,Modern
CLX_273,NA,Ophidiiformes,Bythitidae,Cataetyx_laticeps,Irish_Slope,CLX,NA,NA,NA,2009,SU_Deep,NA,NA,NA,NA,3789,NA,NA,NA,NA,0.609395965,3.802393268,0.055049538,1.118965697,-17.40111971,NA,NA,/Users/trueman/Desktop/RNAscripts/OtoMet/Coldfish_data/ColdfishNAotolithNAFMRNAexploration.Rmd,NA,NA,NA,NA,NA,Lower slope,500-2400,benthic,Modern
CLX_270,NA,Ophidiiformes,Bythitidae,Cataetyx_laticeps,Irish_Slope,CLX,NA,NA,NA,2009,SU_Deep,NA,NA,NA,NA,4060,NA,NA,NA,NA,0.430986112,3.451307977,0.055049538,1.118965697,-17.40111971,NA,NA,/Users/trueman/Desktop/RNAscripts/OtoMet/Coldfish_data/ColdfishNAotolithNAFMRNAexploration.Rmd,NA,NA,NA,NA,NA,Lower slope,500-2400,benthic,Modern
CLX_269,NA,Ophidiiformes,Bythitidae,Cataetyx_laticeps,Irish_Slope,CLX,NA,NA,NA,2009,SU_Deep,NA,NA,NA,NA,4491,NA,NA,NA,NA,0.32,2.78,0.055049538,1.118965697,-17.40111971,NA,NA,/Users/trueman/Desktop/RNAscripts/OtoMet/Coldfish_data/ColdfishNAotolithNAFMRNAexploration.Rmd,NA,NA,NA,NA,NA,Lower slope,500-2400,benthic,Modern
GUR-S33,Red_gurnard,Scorpaeniformes,Triglidae,Chelidonichthys_lucerna,Sussex,Gur_Sussex,Shoreham,NA,09_2022,2022,Meridian_Swaby,3.03,48.4,0.5,14.34074074,114,19,NA,NA,NA,-3.4,0.91,0,0.5,-18,NA,NA,/Users/trueman/Desktop/RNAscripts/OtoMet/Lauren_wrasse,NA,NA,NA,NA,NA,Shelf,20 - 318,benthic,Modern
GUR-S19,Red_gurnard,Scorpaeniformes,Triglidae,Chelidonichthys_lucerna,Sussex,Gur_Sussex,Shoreham,NA,09_2022,2022,Meridian_Swaby,3.03,48.4,0.5,14.34074074,153,24,NA,NA,NA,-3.2,1.02,0,0.5,-18,NA,NA,/Users/trueman/Desktop/RNAscripts/OtoMet/Lauren_wrasse,NA,NA,NA,NA,NA,Shelf,20 - 318,benthic,Modern
GUR-S5,Red_gurnard,Scorpaeniformes,Triglidae,Chelidonichthys_lucerna,Sussex,Gur_Sussex,Shoreham,NA,09_2022,2022,Meridian_Swaby,3.03,48.4,0.5,14.34074074,156,24,NA,NA,NA,-2.76,1.32,0,0.5,-18,NA,NA,/Users/trueman/Desktop/RNAscripts/OtoMet/Lauren_wrasse,NA,NA,NA,NA,NA,Shelf,20 - 318,benthic,Modern
GUR-S9,Red_gurnard,Scorpaeniformes,Triglidae,Chelidonichthys_lucerna,Sussex,Gur_Sussex,Shoreham,NA,09_2022,2022,Meridian_Swaby,3.03,48.4,0.5,14.34074074,158,25,NA,NA,NA,-4.08,0.92,0,0.5,-18,NA,NA,/Users/trueman/Desktop/RNAscripts/OtoMet/Lauren_wrasse,NA,NA,NA,NA,NA,Shelf,20 - 318,benthic,Modern
GUR-S8,Red_gurnard,Scorpaeniformes,Triglidae,Chelidonichthys_lucerna,Sussex,Gur_Sussex,Shoreham,NA,09_2022,2022,Meridian_Swaby,3.03,48.4,0.5,14.34074074,167,25,NA,NA,NA,-2.73,0.72,0,0.5,-18,NA,NA,/Users/trueman/Desktop/RNAscripts/OtoMet/Lauren_wrasse,NA,NA,NA,NA,NA,Shelf,20 - 318,benthic,Modern
GUR-S23,Red_gurnard,Scorpaeniformes,Triglidae,Chelidonichthys_lucerna,Sussex,Gur_Sussex,Shoreham,NA,09_2022,2022,Meridian_Swaby,3.03,48.4,0.5,14.34074074,168,25.5,NA,NA,NA,-3.64,0.86,0,0.5,-18,NA,NA,/Users/trueman/Desktop/RNAscripts/OtoMet/Lauren_wrasse,NA,NA,NA,NA,NA,Shelf,20 - 318,benthic,Modern
GUR-S7,Red_gurnard,Scorpaeniformes,Triglidae,Chelidonichthys_lucerna,Sussex,Gur_Sussex,Shoreham,NA,09_2022,2022,Meridian_Swaby,3.03,48.4,0.5,14.34074074,175,26,NA,NA,NA,-3.31,0.72,0,0.5,-18,NA,NA,/Users/trueman/Desktop/RNAscripts/OtoMet/Lauren_wrasse,NA,NA,NA,NA,NA,Shelf,20 - 318,benthic,Modern
GUR-S16,Red_gurnard,Scorpaeniformes,Triglidae,Chelidonichthys_lucerna,Sussex,Gur_Sussex,Shoreham,NA,09_2022,2022,Meridian_Swaby,3.03,48.4,0.5,14.34074074,184,26,NA,NA,NA,-3.69,1.08,0,0.5,-18,NA,NA,/Users/trueman/Desktop/RNAscripts/OtoMet/Lauren_wrasse,NA,NA,NA,NA,NA,Shelf,20 - 318,benthic,Modern
GUR-S11,Red_gurnard,Scorpaeniformes,Triglidae,Chelidonichthys_lucerna,Sussex,Gur_Sussex,Shoreham,NA,09_2022,2022,Meridian_Swaby,3.03,48.4,0.5,14.34074074,187,25,NA,NA,NA,-3.63,0.55,0,0.5,-18,NA,NA,/Users/trueman/Desktop/RNAscripts/OtoMet/Lauren_wrasse,NA,NA,NA,NA,NA,Shelf,20 - 318,benthic,Modern
GUR-MS9,Red_gurnard,Scorpaeniformes,Triglidae,Chelidonichthys_lucerna,Sussex,Gur_Sussex,Shoreham,NA,09_2022,2022,Meridian_Swaby,3.03,48.4,0.5,14.34074074,194,28,NA,NA,NA,-3.52,0.53,0,0.5,-18,NA,NA,/Users/trueman/Desktop/RNAscripts/OtoMet/Lauren_wrasse,NA,NA,NA,NA,NA,Shelf,20 - 318,benthic,Modern
GUR-MS5,Red_gurnard,Scorpaeniformes,Triglidae,Chelidonichthys_lucerna,Sussex,Gur_Sussex,Shoreham,NA,09_2022,2022,Meridian_Swaby,3.03,48.4,0.5,14.34074074,196,27,NA,NA,NA,-2.8,0.46,0,0.5,-18,NA,NA,/Users/trueman/Desktop/RNAscripts/OtoMet/Lauren_wrasse,NA,NA,NA,NA,NA,Shelf,20 - 318,benthic,Modern
GUR-S6,Red_gurnard,Scorpaeniformes,Triglidae,Chelidonichthys_lucerna,Sussex,Gur_Sussex,Shoreham,NA,09_2022,2022,Meridian_Swaby,3.03,48.4,0.5,14.34074074,196,28,NA,NA,NA,-3.77,0.48,0,0.5,-18,NA,NA,/Users/trueman/Desktop/RNAscripts/OtoMet/Lauren_wrasse,NA,NA,NA,NA,NA,Shelf,20 - 318,benthic,Modern
GUR-S30,Red_gurnard,Scorpaeniformes,Triglidae,Chelidonichthys_lucerna,Sussex,Gur_Sussex,Shoreham,NA,09_2022,2022,Meridian_Swaby,3.03,48.4,0.5,14.34074074,199,27,NA,NA,NA,-3.57,0.79,0,0.5,-18,NA,NA,/Users/trueman/Desktop/RNAscripts/OtoMet/Lauren_wrasse,NA,NA,NA,NA,NA,Shelf,20 - 318,benthic,Modern
GUR-MS1,Red_gurnard,Scorpaeniformes,Triglidae,Chelidonichthys_lucerna,Sussex,Gur_Sussex,Shoreham,NA,09_2022,2022,Meridian_Swaby,3.03,48.4,0.5,14.34074074,200,29,NA,NA,NA,-3.33,0.83,0,0.5,-18,NA,NA,/Users/trueman/Desktop/RNAscripts/OtoMet/Lauren_wrasse,NA,NA,NA,NA,NA,Shelf,20 - 318,benthic,Modern
GUR-S12,Red_gurnard,Scorpaeniformes,Triglidae,Chelidonichthys_lucerna,Sussex,Gur_Sussex,Shoreham,NA,09_2022,2022,Meridian_Swaby,3.03,48.4,0.5,14.34074074,200,28,NA,NA,NA,-3.4,0.7,0,0.5,-18,NA,NA,/Users/trueman/Desktop/RNAscripts/OtoMet/Lauren_wrasse,NA,NA,NA,NA,NA,Shelf,20 - 318,benthic,Modern
GUR-MS13,Red_gurnard,Scorpaeniformes,Triglidae,Chelidonichthys_lucerna,Sussex,Gur_Sussex,Shoreham,NA,09_2022,2022,Meridian_Swaby,3.03,48.4,0.5,14.34074074,203,27,NA,NA,NA,-3.96,0.55,0,0.5,-18,NA,NA,/Users/trueman/Desktop/RNAscripts/OtoMet/Lauren_wrasse,NA,NA,NA,NA,NA,Shelf,20 - 318,benthic,Modern
GUR-MS7,Red_gurnard,Scorpaeniformes,Triglidae,Chelidonichthys_lucerna,Sussex,Gur_Sussex,Shoreham,NA,09_2022,2022,Meridian_Swaby,3.03,48.4,0.5,14.34074074,204,27,NA,NA,NA,-2.86,0.48,0,0.5,-18,NA,NA,/Users/trueman/Desktop/RNAscripts/OtoMet/Lauren_wrasse,NA,NA,NA,NA,NA,Shelf,20 - 318,benthic,Modern
GUR-S34,Red_gurnard,Scorpaeniformes,Triglidae,Chelidonichthys_lucerna,Sussex,Gur_Sussex,Shoreham,NA,09_2022,2022,Meridian_Swaby,3.03,48.4,0.5,14.34074074,204,24,NA,NA,NA,-3.35,0.54,0,0.5,-18,NA,NA,/Users/trueman/Desktop/RNAscripts/OtoMet/Lauren_wrasse,NA,NA,NA,NA,NA,Shelf,20 - 318,benthic,Modern
GUR-CT2,Red_gurnard,Scorpaeniformes,Triglidae,Chelidonichthys_lucerna,Sussex,Gur_Sussex,Shoreham,NA,09_2022,2022,Meridian_Swaby,3.03,48.4,0.5,14.34074074,211,29,NA,NA,NA,-3.38,0.52,0,0.5,-18,NA,NA,/Users/trueman/Desktop/RNAscripts/OtoMet/Lauren_wrasse,NA,NA,NA,NA,NA,Shelf,20 - 318,benthic,Modern
GUR-WM3,Red_gurnard,Scorpaeniformes,Triglidae,Chelidonichthys_lucerna,Sussex,Gur_Sussex,Shoreham,NA,09_2022,2022,Meridian_Swaby,3.03,48.4,0.5,14.34074074,212,29,NA,NA,NA,-2.81,0.9,0,0.5,-18,NA,NA,/Users/trueman/Desktop/RNAscripts/OtoMet/Lauren_wrasse,NA,NA,NA,NA,NA,Shelf,20 - 318,benthic,Modern
GUR-S1,Red_gurnard,Scorpaeniformes,Triglidae,Chelidonichthys_lucerna,Sussex,Gur_Sussex,Shoreham,NA,09_2022,2022,Meridian_Swaby,3.03,48.4,0.5,14.34074074,214,27,NA,NA,NA,-2.24,0.96,0,0.5,-18,NA,NA,/Users/trueman/Desktop/RNAscripts/OtoMet/Lauren_wrasse,NA,NA,NA,NA,NA,Shelf,20 - 318,benthic,Modern
GUR-S22,Red_gurnard,Scorpaeniformes,Triglidae,Chelidonichthys_lucerna,Sussex,Gur_Sussex,Shoreham,NA,09_2022,2022,Meridian_Swaby,3.03,48.4,0.5,14.34074074,217,27,NA,NA,NA,-2.93,0.8,0,0.5,-18,NA,NA,/Users/trueman/Desktop/RNAscripts/OtoMet/Lauren_wrasse,NA,NA,NA,NA,NA,Shelf,20 - 318,benthic,Modern
GUR-S37,Red_gurnard,Scorpaeniformes,Triglidae,Chelidonichthys_lucerna,Sussex,Gur_Sussex,Shoreham,NA,09_2022,2022,Meridian_Swaby,3.03,48.4,0.5,14.34074074,218,29,NA,NA,NA,-2.8,0.66,0,0.5,-18,NA,NA,/Users/trueman/Desktop/RNAscripts/OtoMet/Lauren_wrasse,NA,NA,NA,NA,NA,Shelf,20 - 318,benthic,Modern
GUR-S4,Red_gurnard,Scorpaeniformes,Triglidae,Chelidonichthys_lucerna,Sussex,Gur_Sussex,Shoreham,NA,09_2022,2022,Meridian_Swaby,3.03,48.4,0.5,14.34074074,218,27,NA,NA,NA,-3.25,0.74,0,0.5,-18,NA,NA,/Users/trueman/Desktop/RNAscripts/OtoMet/Lauren_wrasse,NA,NA,NA,NA,NA,Shelf,20 - 318,benthic,Modern
GUR-S32,Red_gurnard,Scorpaeniformes,Triglidae,Chelidonichthys_lucerna,Sussex,Gur_Sussex,Shoreham,NA,09_2022,2022,Meridian_Swaby,3.03,48.4,0.5,14.34074074,222,28,NA,NA,NA,-3.35,0.99,0,0.5,-18,NA,NA,/Users/trueman/Desktop/RNAscripts/OtoMet/Lauren_wrasse,NA,NA,NA,NA,NA,Shelf,20 - 318,benthic,Modern
GUR-S13,Red_gurnard,Scorpaeniformes,Triglidae,Chelidonichthys_lucerna,Sussex,Gur_Sussex,Shoreham,NA,09_2022,2022,Meridian_Swaby,3.03,48.4,0.5,14.34074074,228,29,NA,NA,NA,-2.72,1.35,0,0.5,-18,NA,NA,/Users/trueman/Desktop/RNAscripts/OtoMet/Lauren_wrasse,NA,NA,NA,NA,NA,Shelf,20 - 318,benthic,Modern
GUR-S36,Red_gurnard,Scorpaeniformes,Triglidae,Chelidonichthys_lucerna,Sussex,Gur_Sussex,Shoreham,NA,09_2022,2022,Meridian_Swaby,3.03,48.4,0.5,14.34074074,233,28,NA,NA,NA,-3.61,1.03,0,0.5,-18,NA,NA,/Users/trueman/Desktop/RNAscripts/OtoMet/Lauren_wrasse,NA,NA,NA,NA,NA,Shelf,20 - 318,benthic,Modern
GUR-S15,Red_gurnard,Scorpaeniformes,Triglidae,Chelidonichthys_lucerna,Sussex,Gur_Sussex,Shoreham,NA,09_2022,2022,Meridian_Swaby,3.03,48.4,0.5,14.34074074,234,29,NA,NA,NA,-3.05,0.51,0,0.5,-18,NA,NA,/Users/trueman/Desktop/RNAscripts/OtoMet/Lauren_wrasse,NA,NA,NA,NA,NA,Shelf,20 - 318,benthic,Modern
GUR-MS12,Red_gurnard,Scorpaeniformes,Triglidae,Chelidonichthys_lucerna,Sussex,Gur_Sussex,Shoreham,NA,09_2022,2022,Meridian_Swaby,3.03,48.4,0.5,14.34074074,235,29,NA,NA,NA,-2.78,1.37,0,0.5,-18,NA,NA,/Users/trueman/Desktop/RNAscripts/OtoMet/Lauren_wrasse,NA,NA,NA,NA,NA,Shelf,20 - 318,benthic,Modern
GUR-S3,Red_gurnard,Scorpaeniformes,Triglidae,Chelidonichthys_lucerna,Sussex,Gur_Sussex,Shoreham,NA,09_2022,2022,Meridian_Swaby,3.03,48.4,0.5,14.34074074,238,30,NA,NA,NA,-2.95,1.13,0,0.5,-18,NA,NA,/Users/trueman/Desktop/RNAscripts/OtoMet/Lauren_wrasse,NA,NA,NA,NA,NA,Shelf,20 - 318,benthic,Modern
GUR-S17,Red_gurnard,Scorpaeniformes,Triglidae,Chelidonichthys_lucerna,Sussex,Gur_Sussex,Shoreham,NA,09_2022,2022,Meridian_Swaby,3.03,48.4,0.5,14.34074074,243,29,NA,NA,NA,-3.43,0.68,0,0.5,-18,NA,NA,/Users/trueman/Desktop/RNAscripts/OtoMet/Lauren_wrasse,NA,NA,NA,NA,NA,Shelf,20 - 318,benthic,Modern
GUR-S2,Red_gurnard,Scorpaeniformes,Triglidae,Chelidonichthys_lucerna,Sussex,Gur_Sussex,Shoreham,NA,09_2022,2022,Meridian_Swaby,3.03,48.4,0.5,14.34074074,245,30,NA,NA,NA,-3.9,0.78,0,0.5,-18,NA,NA,/Users/trueman/Desktop/RNAscripts/OtoMet/Lauren_wrasse,NA,NA,NA,NA,NA,Shelf,20 - 318,benthic,Modern
GUR-S26,Red_gurnard,Scorpaeniformes,Triglidae,Chelidonichthys_lucerna,Sussex,Gur_Sussex,Shoreham,NA,09_2022,2022,Meridian_Swaby,3.03,48.4,0.5,14.34074074,248,28,NA,NA,NA,-3.62,0.9,0,0.5,-18,NA,NA,/Users/trueman/Desktop/RNAscripts/OtoMet/Lauren_wrasse,NA,NA,NA,NA,NA,Shelf,20 - 318,benthic,Modern
GUR-S18,Red_gurnard,Scorpaeniformes,Triglidae,Chelidonichthys_lucerna,Sussex,Gur_Sussex,Shoreham,NA,09_2022,2022,Meridian_Swaby,3.03,48.4,0.5,14.34074074,249,28,NA,NA,NA,-3.27,0.47,0,0.5,-18,NA,NA,/Users/trueman/Desktop/RNAscripts/OtoMet/Lauren_wrasse,NA,NA,NA,NA,NA,Shelf,20 - 318,benthic,Modern
GUR-WM1,Red_gurnard,Scorpaeniformes,Triglidae,Chelidonichthys_lucerna,Sussex,Gur_Sussex,Shoreham,NA,09_2022,2022,Meridian_Swaby,3.03,48.4,0.5,14.34074074,258,30,NA,NA,NA,-3.43,1.01,0,0.5,-18,NA,NA,/Users/trueman/Desktop/RNAscripts/OtoMet/Lauren_wrasse,NA,NA,NA,NA,NA,Shelf,20 - 318,benthic,Modern
GUR-MS3,Red_gurnard,Scorpaeniformes,Triglidae,Chelidonichthys_lucerna,Sussex,Gur_Sussex,Shoreham,NA,09_2022,2022,Meridian_Swaby,3.03,48.4,0.5,14.34074074,264,30,NA,NA,NA,-2.14,0.5,0,0.5,-18,NA,NA,/Users/trueman/Desktop/RNAscripts/OtoMet/Lauren_wrasse,NA,NA,NA,NA,NA,Shelf,20 - 318,benthic,Modern
GUR-S24,Red_gurnard,Scorpaeniformes,Triglidae,Chelidonichthys_lucerna,Sussex,Gur_Sussex,Shoreham,NA,09_2022,2022,Meridian_Swaby,3.03,48.4,0.5,14.34074074,264,28,NA,NA,NA,-3.8,0.76,0,0.5,-18,NA,NA,/Users/trueman/Desktop/RNAscripts/OtoMet/Lauren_wrasse,NA,NA,NA,NA,NA,Shelf,20 - 318,benthic,Modern
GUR-S21,Red_gurnard,Scorpaeniformes,Triglidae,Chelidonichthys_lucerna,Sussex,Gur_Sussex,Shoreham,NA,09_2022,2022,Meridian_Swaby,3.03,48.4,0.5,14.34074074,268,28,NA,NA,NA,-3.55,1.11,0,0.5,-18,NA,NA,/Users/trueman/Desktop/RNAscripts/OtoMet/Lauren_wrasse,NA,NA,NA,NA,NA,Shelf,20 - 318,benthic,Modern
GUR-S10,Red_gurnard,Scorpaeniformes,Triglidae,Chelidonichthys_lucerna,Sussex,Gur_Sussex,Shoreham,NA,09_2022,2022,Meridian_Swaby,3.03,48.4,0.5,14.34074074,269,30,NA,NA,NA,-3.12,0.77,0,0.5,-18,NA,NA,/Users/trueman/Desktop/RNAscripts/OtoMet/Lauren_wrasse,NA,NA,NA,NA,NA,Shelf,20 - 318,benthic,Modern
GUR-S38,Red_gurnard,Scorpaeniformes,Triglidae,Chelidonichthys_lucerna,Sussex,Gur_Sussex,Shoreham,NA,09_2022,2022,Meridian_Swaby,3.03,48.4,0.5,14.34074074,275,24,NA,NA,NA,-3.05,0.57,0,0.5,-18,NA,NA,/Users/trueman/Desktop/RNAscripts/OtoMet/Lauren_wrasse,NA,NA,NA,NA,NA,Shelf,20 - 318,benthic,Modern
GUR-WM4,Red_gurnard,Scorpaeniformes,Triglidae,Chelidonichthys_lucerna,Sussex,Gur_Sussex,Shoreham,NA,09_2022,2022,Meridian_Swaby,3.03,48.4,0.5,14.34074074,279,29,NA,NA,NA,-3.92,0.35,0,0.5,-18,NA,NA,/Users/trueman/Desktop/RNAscripts/OtoMet/Lauren_wrasse,NA,NA,NA,NA,NA,Shelf,20 - 318,benthic,Modern
GUR-MS15,Red_gurnard,Scorpaeniformes,Triglidae,Chelidonichthys_lucerna,Sussex,Gur_Sussex,Shoreham,NA,09_2022,2022,Meridian_Swaby,3.03,48.4,0.5,14.34074074,297,30,NA,NA,NA,-3.92,0.46,0,0.5,-18,NA,NA,/Users/trueman/Desktop/RNAscripts/OtoMet/Lauren_wrasse,NA,NA,NA,NA,NA,Shelf,20 - 318,benthic,Modern
GUR-S25,Red_gurnard,Scorpaeniformes,Triglidae,Chelidonichthys_lucerna,Sussex,Gur_Sussex,Shoreham,NA,09_2022,2022,Meridian_Swaby,3.03,48.4,0.5,14.34074074,302,30,NA,NA,NA,-3.39,0.72,0,0.5,-18,NA,NA,/Users/trueman/Desktop/RNAscripts/OtoMet/Lauren_wrasse,NA,NA,NA,NA,NA,Shelf,20 - 318,benthic,Modern
GUR-WM2,Red_gurnard,Scorpaeniformes,Triglidae,Chelidonichthys_lucerna,Sussex,Gur_Sussex,Shoreham,NA,09_2022,2022,Meridian_Swaby,3.03,48.4,0.5,14.34074074,328,33,NA,NA,NA,-2.67,0.36,0,0.5,-18,NA,NA,/Users/trueman/Desktop/RNAscripts/OtoMet/Lauren_wrasse,NA,NA,NA,NA,NA,Shelf,20 - 318,benthic,Modern
GUR-WM5,Red_gurnard,Scorpaeniformes,Triglidae,Chelidonichthys_lucerna,Sussex,Gur_Sussex,Shoreham,NA,09_2022,2022,Meridian_Swaby,3.03,48.4,0.5,14.34074074,343,32,NA,NA,NA,-3,1.54,0,0.5,-18,NA,NA,/Users/trueman/Desktop/RNAscripts/OtoMet/Lauren_wrasse,NA,NA,NA,NA,NA,Shelf,20 - 318,benthic,Modern
GUR-S14,Red_gurnard,Scorpaeniformes,Triglidae,Chelidonichthys_lucerna,Sussex,Gur_Sussex,Shoreham,NA,09_2022,2022,Meridian_Swaby,3.03,48.4,0.5,14.34074074,363,32,NA,NA,NA,-3.5,0.7,0,0.5,-18,NA,NA,/Users/trueman/Desktop/RNAscripts/OtoMet/Lauren_wrasse,NA,NA,NA,NA,NA,Shelf,20 - 318,benthic,Modern
GUR-S27,Red_gurnard,Scorpaeniformes,Triglidae,Chelidonichthys_lucerna,Sussex,Gur_Sussex,Shoreham,NA,09_2022,2022,Meridian_Swaby,3.03,48.4,0.5,14.34074074,371,33,NA,NA,NA,-2.76,1.54,0,0.5,-18,NA,NA,/Users/trueman/Desktop/RNAscripts/OtoMet/Lauren_wrasse,NA,NA,NA,NA,NA,Shelf,20 - 318,benthic,Modern
GUR-MS14,Red_gurnard,Scorpaeniformes,Triglidae,Chelidonichthys_lucerna,Sussex,Gur_Sussex,Shoreham,NA,09_2022,2022,Meridian_Swaby,3.03,48.4,0.5,14.34074074,438,35,NA,NA,NA,-4.02,0.54,0,0.5,-18,NA,NA,/Users/trueman/Desktop/RNAscripts/OtoMet/Lauren_wrasse,NA,NA,NA,NA,NA,Shelf,20 - 318,benthic,Modern
GUR-S29,Red_gurnard,Scorpaeniformes,Triglidae,Chelidonichthys_lucerna,Sussex,Gur_Sussex,Shoreham,NA,09_2022,2022,Meridian_Swaby,3.03,48.4,0.5,14.34074074,462,36,NA,NA,NA,-3.17,1.1,0,0.5,-18,NA,NA,/Users/trueman/Desktop/RNAscripts/OtoMet/Lauren_wrasse,NA,NA,NA,NA,NA,Shelf,20 - 318,benthic,Modern
GUR-S35,Red_gurnard,Scorpaeniformes,Triglidae,Chelidonichthys_lucerna,Sussex,Gur_Sussex,Shoreham,NA,09_2022,2022,Meridian_Swaby,3.03,48.4,0.5,14.34074074,506,36,NA,NA,NA,-3.53,1.21,0,0.5,-18,NA,NA,/Users/trueman/Desktop/RNAscripts/OtoMet/Lauren_wrasse,NA,NA,NA,NA,NA,Shelf,20 - 318,benthic,Modern
H10,Herring,Clupeiformes,Clupeidae,Clupea_harengus,N.Sea,CL_H_NS,NA,NA,NA,2011,CT,2.45,31,0.3,9.185185185,145,NA,NA,NA,NA,-2.35,2.02,-0.5,0.4,-19.37858719,NA,NA,NA,NA,NA,NA,NA,NA,Shelf,0 - 200,pelagic,Modern
H267,Herring,Clupeiformes,Clupeidae,Clupea_harengus,N.Sea,CL_H_NS,NA,NA,NA,2011,CT,2.45,31,0.3,9.185185185,176,NA,NA,NA,NA,-3.62,1.95,-0.5,0.4,-19.37858719,NA,NA,NA,NA,NA,NA,NA,NA,Shelf,0 - 200,pelagic,Modern
H67,Herring,Clupeiformes,Clupeidae,Clupea_harengus,N.Sea,CL_H_NS,NA,NA,NA,2011,CT,2.45,31,0.3,9.185185185,179,NA,NA,NA,NA,-2.65,2.09,-0.5,0.4,-19.37858719,NA,NA,NA,NA,NA,NA,NA,NA,Shelf,0 - 200,pelagic,Modern
H339,Herring,Clupeiformes,Clupeidae,Clupea_harengus,N.Sea,CL_H_NS,NA,NA,NA,2011,CT,2.45,31,0.3,9.185185185,182,NA,NA,NA,NA,-1.88,2.23,-0.5,0.4,-19.37858719,NA,NA,NA,NA,NA,NA,NA,NA,Shelf,0 - 200,pelagic,Modern
H8,Herring,Clupeiformes,Clupeidae,Clupea_harengus,N.Sea,CL_H_NS,NA,NA,NA,2011,CT,2.45,31,0.3,9.185185185,185,NA,NA,NA,NA,-2.36,2.12,-0.5,0.4,-19.37858719,NA,NA,NA,NA,NA,NA,NA,NA,Shelf,0 - 200,pelagic,Modern
H298,Herring,Clupeiformes,Clupeidae,Clupea_harengus,N.Sea,CL_H_NS,NA,NA,NA,2011,CT,2.45,31,0.3,9.185185185,189,NA,NA,NA,NA,-3.14,2.29,-0.5,0.4,-19.37858719,NA,NA,NA,NA,NA,NA,NA,NA,Shelf,0 - 200,pelagic,Modern
H266,Herring,Clupeiformes,Clupeidae,Clupea_harengus,N.Sea,CL_H_NS,NA,NA,NA,2011,CT,2.45,31,0.3,9.185185185,198,NA,NA,NA,NA,-2.33,2.15,-0.5,0.4,-19.37858719,NA,NA,NA,NA,NA,NA,NA,NA,Shelf,0 - 200,pelagic,Modern
H260,Herring,Clupeiformes,Clupeidae,Clupea_harengus,N.Sea,CL_H_NS,NA,NA,NA,2011,CT,2.45,31,0.3,9.185185185,199,NA,NA,NA,NA,-2.56,2.14,-0.5,0.4,-19.37858719,NA,NA,NA,NA,NA,NA,NA,NA,Shelf,0 - 200,pelagic,Modern
H63,Herring,Clupeiformes,Clupeidae,Clupea_harengus,N.Sea,CL_H_NS,NA,NA,NA,2011,CT,2.45,31,0.3,9.185185185,202,NA,NA,NA,NA,-2.96,2,-0.5,0.4,-19.37858719,NA,NA,NA,NA,NA,NA,NA,NA,Shelf,0 - 200,pelagic,Modern
H115,Herring,Clupeiformes,Clupeidae,Clupea_harengus,N.Sea,CL_H_NS,NA,NA,NA,2011,CT,2.45,31,0.3,9.185185185,210,NA,NA,NA,NA,-3.04,1.76,-0.5,0.4,-19.37858719,NA,NA,NA,NA,NA,NA,NA,NA,Shelf,0 - 200,pelagic,Modern
H77,Herring,Clupeiformes,Clupeidae,Clupea_harengus,N.Sea,CL_H_NS,NA,NA,NA,2011,CT,2.45,31,0.3,9.185185185,211,NA,NA,NA,NA,-2.32,2.18,-0.5,0.4,-19.37858719,NA,NA,NA,NA,NA,NA,NA,NA,Shelf,0 - 200,pelagic,Modern
H113,Herring,Clupeiformes,Clupeidae,Clupea_harengus,N.Sea,CL_H_NS,NA,NA,NA,2011,CT,2.45,31,0.3,9.185185185,212,NA,NA,NA,NA,-1.94,2.18,-0.5,0.4,-19.37858719,NA,NA,NA,NA,NA,NA,NA,NA,Shelf,0 - 200,pelagic,Modern
H264,Herring,Clupeiformes,Clupeidae,Clupea_harengus,N.Sea,CL_H_NS,NA,NA,NA,2011,CT,2.45,31,0.3,9.185185185,212,NA,NA,NA,NA,-3.59,2.12,-0.5,0.4,-19.37858719,NA,NA,NA,NA,NA,NA,NA,NA,Shelf,0 - 200,pelagic,Modern
H114,Herring,Clupeiformes,Clupeidae,Clupea_harengus,N.Sea,CL_H_NS,NA,NA,NA,2011,CT,2.45,31,0.3,9.185185185,217,NA,NA,NA,NA,-2.88,2.28,-0.5,0.4,-19.37858719,NA,NA,NA,NA,NA,NA,NA,NA,Shelf,0 - 200,pelagic,Modern
H335,Herring,Clupeiformes,Clupeidae,Clupea_harengus,N.Sea,CL_H_NS,NA,NA,NA,2011,CT,2.45,31,0.3,9.185185185,233,NA,NA,NA,NA,-3.1,2.23,-0.5,0.4,-19.37858719,NA,NA,NA,NA,NA,NA,NA,NA,Shelf,0 - 200,pelagic,Modern
H70,Herring,Clupeiformes,Clupeidae,Clupea_harengus,N.Sea,CL_H_NS,NA,NA,NA,2011,CT,2.45,31,0.3,9.185185185,238,NA,NA,NA,NA,-3.22,2.02,-0.5,0.4,-19.37858719,NA,NA,NA,NA,NA,NA,NA,NA,Shelf,0 - 200,pelagic,Modern
H336,Herring,Clupeiformes,Clupeidae,Clupea_harengus,N.Sea,CL_H_NS,NA,NA,NA,2011,CT,2.45,31,0.3,9.185185185,243,NA,NA,NA,NA,-2.88,2.22,-0.5,0.4,-19.37858719,NA,NA,NA,NA,NA,NA,NA,NA,Shelf,0 - 200,pelagic,Modern
H68,Herring,Clupeiformes,Clupeidae,Clupea_harengus,N.Sea,CL_H_NS,NA,NA,NA,2011,CT,2.45,31,0.3,9.185185185,255,NA,NA,NA,NA,-1.94,2.49,-0.5,0.4,-19.37858719,NA,NA,NA,NA,NA,NA,NA,NA,Shelf,0 - 200,pelagic,Modern
H295,Herring,Clupeiformes,Clupeidae,Clupea_harengus,N.Sea,CL_H_NS,NA,NA,NA,2011,CT,2.45,31,0.3,9.185185185,268,NA,NA,NA,NA,-2.77,2.49,-0.5,0.4,-19.37858719,NA,NA,NA,NA,NA,NA,NA,NA,Shelf,0 - 200,pelagic,Modern
H.269,Herring,Clupeiformes,Clupeidae,Clupea_harengus,N.Sea,CL_H_NS,NA,NA,NA,2011,CT,2.45,31,0.3,9.185185185,NA,NA,NA,NA,NA,-2.91,2.39,-0.5,0.4,-19.37858719,NA,NA,NA,NA,NA,NA,NA,NA,Shelf,0 - 200,pelagic,Modern
H.281,Herring,Clupeiformes,Clupeidae,Clupea_harengus,N.Sea,CL_H_NS,NA,NA,NA,2011,CT,2.45,31,0.3,9.185185185,NA,NA,NA,NA,NA,-2.77,2.12,-0.5,0.4,-19.37858719,NA,NA,NA,NA,NA,NA,NA,NA,Shelf,0 - 200,pelagic,Modern
H.282,Herring,Clupeiformes,Clupeidae,Clupea_harengus,N.Sea,CL_H_NS,NA,NA,NA,2011,CT,2.45,31,0.3,9.185185185,NA,NA,NA,NA,NA,-3.3,2.14,-0.5,0.4,-19.37858719,NA,NA,NA,NA,NA,NA,NA,NA,Shelf,0 - 200,pelagic,Modern
H.287,Herring,Clupeiformes,Clupeidae,Clupea_harengus,N.Sea,CL_H_NS,NA,NA,NA,2011,CT,2.45,31,0.3,9.185185185,NA,NA,NA,NA,NA,-2.74,2.36,-0.5,0.4,-19.37858719,NA,NA,NA,NA,NA,NA,NA,NA,Shelf,0 - 200,pelagic,Modern
H.289,Herring,Clupeiformes,Clupeidae,Clupea_harengus,N.Sea,CL_H_NS,NA,NA,NA,2011,CT,2.45,31,0.3,9.185185185,NA,NA,NA,NA,NA,-2.9,2.29,-0.5,0.4,-19.37858719,NA,NA,NA,NA,NA,NA,NA,NA,Shelf,0 - 200,pelagic,Modern
H.292,Herring,Clupeiformes,Clupeidae,Clupea_harengus,N.Sea,CL_H_NS,NA,NA,NA,2011,CT,2.45,31,0.3,9.185185185,NA,NA,NA,NA,NA,-3.27,2.5,-0.5,0.4,-19.37858719,NA,NA,NA,NA,NA,NA,NA,NA,Shelf,0 - 200,pelagic,Modern
H.293,Herring,Clupeiformes,Clupeidae,Clupea_harengus,N.Sea,CL_H_NS,NA,NA,NA,2011,CT,2.45,31,0.3,9.185185185,NA,NA,NA,NA,NA,-2.22,2.31,-0.5,0.4,-19.37858719,NA,NA,NA,NA,NA,NA,NA,NA,Shelf,0 - 200,pelagic,Modern
H.326,Herring,Clupeiformes,Clupeidae,Clupea_harengus,N.Sea,CL_H_NS,NA,NA,NA,2011,CT,2.45,31,0.3,9.185185185,NA,NA,NA,NA,NA,-2.77,2.21,-0.5,0.4,-19.37858719,NA,NA,NA,NA,NA,NA,NA,NA,Shelf,0 - 200,pelagic,Modern
H.327,Herring,Clupeiformes,Clupeidae,Clupea_harengus,N.Sea,CL_H_NS,NA,NA,NA,2011,CT,2.45,31,0.3,9.185185185,NA,NA,NA,NA,NA,-2.43,2.48,-0.5,0.4,-19.37858719,NA,NA,NA,NA,NA,NA,NA,NA,Shelf,0 - 200,pelagic,Modern
H.337,Herring,Clupeiformes,Clupeidae,Clupea_harengus,N.Sea,CL_H_NS,NA,NA,NA,2011,CT,2.45,31,0.3,9.185185185,NA,NA,NA,NA,NA,-2.41,2.26,-0.5,0.4,-19.37858719,NA,NA,NA,NA,NA,NA,NA,NA,Shelf,0 - 200,pelagic,Modern
CCA_197,hollownose_spearsnout,Gadiformes,Macrouridae,Coelorinchus_caelorhincus,Irish_Slope,CCA,NA,NA,NA,2006,SU_Deep,1.33,12.8,0.1,3.792592593,158,NA,NA,NA,NA,-0.261336024,2.282862175,0.055448863,1.154764415,-18.49189206,NA,NA,/Users/trueman/Desktop/RNAscripts/OtoMet/Coldfish_data/ColdfishNAotolithNAFMRNAexploration.Rmd,NA,NA,NA,NA,NA,Upper slope,200-500,demersal,Modern
CCA_203,hollownose_spearsnout,Gadiformes,Macrouridae,Coelorinchus_caelorhincus,Irish_Slope,CCA,NA,NA,NA,2009,SU_Deep,1.33,12.8,0.1,3.792592593,162,NA,NA,NA,NA,-1.597265542,1.493804054,0.215061082,1.118663394,-18.54807071,NA,NA,/Users/trueman/Desktop/RNAscripts/OtoMet/Coldfish_data/ColdfishNAotolithNAFMRNAexploration.Rmd,NA,NA,NA,NA,NA,Upper slope,200-500,demersal,Modern
CCA_204,hollownose_spearsnout,Gadiformes,Macrouridae,Coelorinchus_caelorhincus,Irish_Slope,CCA,NA,NA,NA,2009,SU_Deep,1.33,12.8,0.1,3.792592593,180,NA,NA,NA,NA,-0.8,2.06,0.215061082,1.118663394,-18.54807071,NA,NA,/Users/trueman/Desktop/RNAscripts/OtoMet/Coldfish_data/ColdfishNAotolithNAFMRNAexploration.Rmd,NA,NA,NA,NA,NA,Upper slope,200-500,demersal,Modern
CCA_205,hollownose_spearsnout,Gadiformes,Macrouridae,Coelorinchus_caelorhincus,Irish_Slope,CCA,NA,NA,NA,2009,SU_Deep,1.33,12.8,0.1,3.792592593,205,NA,NA,NA,NA,-0.559368508,1.910128062,0.215061082,1.118663394,-18.54807071,NA,NA,/Users/trueman/Desktop/RNAscripts/OtoMet/Coldfish_data/ColdfishNAotolithNAFMRNAexploration.Rmd,NA,NA,NA,NA,NA,Upper slope,200-500,demersal,Modern
CCA_206,hollownose_spearsnout,Gadiformes,Macrouridae,Coelorinchus_caelorhincus,Irish_Slope,CCA,NA,NA,NA,2009,SU_Deep,1.33,12.8,0.1,3.792592593,205,NA,NA,NA,NA,-1.236996396,2.222154135,0.215061082,1.118663394,-18.54807071,NA,NA,/Users/trueman/Desktop/RNAscripts/OtoMet/Coldfish_data/ColdfishNAotolithNAFMRNAexploration.Rmd,NA,NA,NA,NA,NA,Upper slope,200-500,demersal,Modern
CCA_192,hollownose_spearsnout,Gadiformes,Macrouridae,Coelorinchus_caelorhincus,Irish_Slope,CCA,NA,NA,NA,2006,SU_Deep,1.33,12.8,0.1,3.792592593,206,NA,NA,NA,NA,-0.31,2.061,0.055448863,1.149181685,-18.4860088,NA,NA,/Users/trueman/Desktop/RNAscripts/OtoMet/Coldfish_data/ColdfishNAotolithNAFMRNAexploration.Rmd,NA,NA,NA,NA,NA,Upper slope,200-500,demersal,Modern
CCA_194,hollownose_spearsnout,Gadiformes,Macrouridae,Coelorinchus_caelorhincus,Irish_Slope,CCA,NA,NA,NA,2006,SU_Deep,1.33,12.8,0.1,3.792592593,206,NA,NA,NA,NA,-0.8162159,2.278891175,0.055448863,1.154764415,-18.49189206,NA,NA,/Users/trueman/Desktop/RNAscripts/OtoMet/Coldfish_data/ColdfishNAotolithNAFMRNAexploration.Rmd,NA,NA,NA,NA,NA,Upper slope,200-500,demersal,Modern
CCA_195,hollownose_spearsnout,Gadiformes,Macrouridae,Coelorinchus_caelorhincus,Irish_Slope,CCA,NA,NA,NA,2006,SU_Deep,1.33,12.8,0.1,3.792592593,206,NA,NA,NA,NA,-0.538775962,2.244144922,0.055448863,1.154764415,-18.49189206,NA,NA,/Users/trueman/Desktop/RNAscripts/OtoMet/Coldfish_data/ColdfishNAotolithNAFMRNAexploration.Rmd,NA,NA,NA,NA,NA,Upper slope,200-500,demersal,Modern
CCA_201,hollownose_spearsnout,Gadiformes,Macrouridae,Coelorinchus_caelorhincus,Irish_Slope,CCA,NA,NA,NA,2006,SU_Deep,1.33,12.8,0.1,3.792592593,206,NA,NA,NA,NA,0.053,2.323,0.055448863,1.154764415,-18.49189206,NA,NA,/Users/trueman/Desktop/RNAscripts/OtoMet/Coldfish_data/ColdfishNAotolithNAFMRNAexploration.Rmd,NA,NA,NA,NA,NA,Upper slope,200-500,demersal,Modern
CCA_202,hollownose_spearsnout,Gadiformes,Macrouridae,Coelorinchus_caelorhincus,Irish_Slope,CCA,NA,NA,NA,2006,SU_Deep,1.33,12.8,0.1,3.792592593,206,NA,NA,NA,NA,-0.089488192,2.478508897,0.055448863,1.154764415,-18.49189206,NA,NA,/Users/trueman/Desktop/RNAscripts/OtoMet/Coldfish_data/ColdfishNAotolithNAFMRNAexploration.Rmd,NA,NA,NA,NA,NA,Upper slope,200-500,demersal,Modern
CCA_208,hollownose_spearsnout,Gadiformes,Macrouridae,Coelorinchus_caelorhincus,Irish_Slope,CCA,NA,NA,NA,2009,SU_Deep,1.33,12.8,0.1,3.792592593,234,NA,NA,NA,NA,-0.55,2.8,0.064682047,1.111747213,-18.53915694,NA,NA,/Users/trueman/Desktop/RNAscripts/OtoMet/Coldfish_data/ColdfishNAotolithNAFMRNAexploration.Rmd,NA,NA,NA,NA,NA,Upper slope,200-500,demersal,Modern
CCA_207,hollownose_spearsnout,Gadiformes,Macrouridae,Coelorinchus_caelorhincus,Irish_Slope,CCA,NA,NA,NA,2009,SU_Deep,1.33,12.8,0.1,3.792592593,262,NA,NA,NA,NA,-0.03,1.94,0.215061082,1.118663394,-18.54807071,NA,NA,/Users/trueman/Desktop/RNAscripts/OtoMet/Coldfish_data/ColdfishNAotolithNAFMRNAexploration.Rmd,NA,NA,NA,NA,NA,Upper slope,200-500,demersal,Modern
CCA_193,hollownose_spearsnout,Gadiformes,Macrouridae,Coelorinchus_caelorhincus,Irish_Slope,CCA,NA,NA,NA,2006,SU_Deep,1.33,12.8,0.1,3.792592593,263,NA,NA,NA,NA,-0.321215148,2.313637427,0.055448863,1.154764415,-18.49189206,NA,NA,/Users/trueman/Desktop/RNAscripts/OtoMet/Coldfish_data/ColdfishNAotolithNAFMRNAexploration.Rmd,NA,NA,NA,NA,NA,Upper slope,200-500,demersal,Modern
CCA_191,hollownose_spearsnout,Gadiformes,Macrouridae,Coelorinchus_caelorhincus,Irish_Slope,CCA,NA,NA,NA,2006,SU_Deep,1.33,12.8,0.1,3.792592593,328,NA,NA,NA,NA,0.053,2.323,0.055448863,1.149181685,-18.4860088,NA,NA,/Users/trueman/Desktop/RNAscripts/OtoMet/Coldfish_data/ColdfishNAotolithNAFMRNAexploration.Rmd,NA,NA,NA,NA,NA,Upper slope,200-500,demersal,Modern
CCA_196,hollownose_spearsnout,Gadiformes,Macrouridae,Coelorinchus_caelorhincus,Irish_Slope,CCA,NA,NA,NA,2006,SU_Deep,1.33,12.8,0.1,3.792592593,330,NA,NA,NA,NA,0.042051534,2.451629685,0.055448863,1.154764415,-18.49189206,NA,NA,/Users/trueman/Desktop/RNAscripts/OtoMet/Coldfish_data/ColdfishNAotolithNAFMRNAexploration.Rmd,NA,NA,NA,NA,NA,Upper slope,200-500,demersal,Modern
CCA_198,hollownose_spearsnout,Gadiformes,Macrouridae,Coelorinchus_caelorhincus,Irish_Slope,CCA,NA,NA,NA,2006,SU_Deep,1.33,12.8,0.1,3.792592593,330,NA,NA,NA,NA,-0.582687319,2.389086431,0.055448863,1.154764415,-18.49189206,NA,NA,/Users/trueman/Desktop/RNAscripts/OtoMet/Coldfish_data/ColdfishNAotolithNAFMRNAexploration.Rmd,NA,NA,NA,NA,NA,Upper slope,200-500,demersal,Modern
CCA_199,hollownose_spearsnout,Gadiformes,Macrouridae,Coelorinchus_caelorhincus,Irish_Slope,CCA,NA,NA,NA,2006,SU_Deep,1.33,12.8,0.1,3.792592593,330,NA,NA,NA,NA,-0.611628896,2.322572177,0.055448863,1.154764415,-18.49189206,NA,NA,/Users/trueman/Desktop/RNAscripts/OtoMet/Coldfish_data/ColdfishNAotolithNAFMRNAexploration.Rmd,NA,NA,NA,NA,NA,Upper slope,200-500,demersal,Modern
CCA_200,hollownose_spearsnout,Gadiformes,Macrouridae,Coelorinchus_caelorhincus,Irish_Slope,CCA,NA,NA,NA,2006,SU_Deep,1.33,12.8,0.1,3.792592593,708,NA,NA,NA,NA,-0.31,2.061,0.055448863,1.154764415,-18.49189206,NA,NA,/Users/trueman/Desktop/RNAscripts/OtoMet/Coldfish_data/ColdfishNAotolithNAFMRNAexploration.Rmd,NA,NA,NA,NA,NA,Upper slope,200-500,demersal,Modern
CLA_258,spearsnout,Gadiformes,Macrouridae,Coelorinchus_labiatus,Irish_Slope,CLA,NA,NA,NA,2006,SU_Deep,1.42,8.4,0.4,2.488888889,75,NA,NA,NA,NA,-0.518767801,3.014517613,0.182690772,1.153182484,-18.89970174,NA,NA,/Users/trueman/Desktop/RNAscripts/OtoMet/Coldfish_data/ColdfishNAotolithNAFMRNAexploration.Rmd,NA,NA,NA,NA,NA,Slope,460-2220,demersal,Modern
CLA_260,spearsnout,Gadiformes,Macrouridae,Coelorinchus_labiatus,Irish_Slope,CLA,NA,NA,NA,2006,SU_Deep,1.42,8.4,0.4,2.488888889,75,NA,NA,NA,NA,-0.779656676,2.806168903,0.182690772,1.153182484,-18.89970174,NA,NA,/Users/trueman/Desktop/RNAscripts/OtoMet/Coldfish_data/ColdfishNAotolithNAFMRNAexploration.Rmd,NA,NA,NA,NA,NA,Slope,460-2220,demersal,Modern
CLA_257,spearsnout,Gadiformes,Macrouridae,Coelorinchus_labiatus,Irish_Slope,CLA,NA,NA,NA,2006,SU_Deep,1.42,8.4,0.4,2.488888889,98,NA,NA,NA,NA,-0.966826121,2.744391221,0.182690772,1.153182484,-18.89970174,NA,NA,/Users/trueman/Desktop/RNAscripts/OtoMet/Coldfish_data/ColdfishNAotolithNAFMRNAexploration.Rmd,NA,NA,NA,NA,NA,Slope,460-2220,demersal,Modern
CLA_259,spearsnout,Gadiformes,Macrouridae,Coelorinchus_labiatus,Irish_Slope,CLA,NA,NA,NA,2006,SU_Deep,1.42,8.4,0.4,2.488888889,124,NA,NA,NA,NA,-0.807579107,2.788398994,0.182690772,1.153182484,-18.89970174,NA,NA,/Users/trueman/Desktop/RNAscripts/OtoMet/Coldfish_data/ColdfishNAotolithNAFMRNAexploration.Rmd,NA,NA,NA,NA,NA,Slope,460-2220,demersal,Modern
CLA_255,spearsnout,Gadiformes,Macrouridae,Coelorinchus_labiatus,Irish_Slope,CLA,NA,NA,NA,2006,SU_Deep,1.42,8.4,0.4,2.488888889,896,NA,NA,NA,NA,-0.101,2.862,0.182690772,1.153182484,-18.89970174,NA,NA,/Users/trueman/Desktop/RNAscripts/OtoMet/Coldfish_data/ColdfishNAotolithNAFMRNAexploration.Rmd,NA,NA,NA,NA,NA,Slope,460-2220,demersal,Modern
CLA_254,spearsnout,Gadiformes,Macrouridae,Coelorinchus_labiatus,Irish_Slope,CLA,NA,NA,NA,2006,SU_Deep,1.42,8.4,0.4,2.488888889,1432,NA,NA,NA,NA,-1.55803224,2.329218439,0.182690772,1.153182484,-18.89970174,NA,NA,/Users/trueman/Desktop/RNAscripts/OtoMet/Coldfish_data/ColdfishNAotolithNAFMRNAexploration.Rmd,NA,NA,NA,NA,NA,Slope,460-2220,demersal,Modern
CLA_256,spearsnout,Gadiformes,Macrouridae,Coelorinchus_labiatus,Irish_Slope,CLA,NA,NA,NA,2006,SU_Deep,1.42,8.4,0.4,2.488888889,1432,NA,NA,NA,NA,-0.813,2.69,0.182690772,1.153182484,-18.89970174,NA,NA,/Users/trueman/Desktop/RNAscripts/OtoMet/Coldfish_data/ColdfishNAotolithNAFMRNAexploration.Rmd,NA,NA,NA,NA,NA,Slope,460-2220,demersal,Modern
CRU_312,roundnose_grenadier,Gadiformes,Macrouridae,Coryphaenoides_rupestris,Irish_Slope,CRU,NA,NA,NA,2006,SU_Deep,2.89,88.1,0.1,26.1037037,510,NA,NA,NA,NA,-1.48287014,3.770001766,0.149004016,1.15899345,-19.90403396,NA,NA,/Users/trueman/Desktop/RNAscripts/OtoMet/Coldfish_data/ColdfishNAotolithNAFMRNAexploration.Rmd,NA,NA,NA,NA,NA,Slope,400-1200,pelagic,Modern
CRU_316,roundnose_grenadier,Gadiformes,Macrouridae,Coryphaenoides_rupestris,Irish_Slope,CRU,NA,NA,NA,2006,SU_Deep,2.89,88.1,0.1,26.1037037,510,NA,NA,NA,NA,-2.307206071,3.009555219,0.149004016,1.15899345,-19.90403396,NA,NA,/Users/trueman/Desktop/RNAscripts/OtoMet/Coldfish_data/ColdfishNAotolithNAFMRNAexploration.Rmd,NA,NA,NA,NA,NA,Slope,400-1200,pelagic,Modern
CRU_319,roundnose_grenadier,Gadiformes,Macrouridae,Coryphaenoides_rupestris,Irish_Slope,CRU,NA,NA,NA,2006,SU_Deep,2.89,88.1,0.1,26.1037037,510,NA,NA,NA,NA,-3.017415338,3.68675116,0.149004016,1.15899345,-19.90403396,NA,NA,/Users/trueman/Desktop/RNAscripts/OtoMet/Coldfish_data/ColdfishNAotolithNAFMRNAexploration.Rmd,NA,NA,NA,NA,NA,Slope,400-1200,pelagic,Modern
CRU_313,roundnose_grenadier,Gadiformes,Macrouridae,Coryphaenoides_rupestris,Irish_Slope,CRU,NA,NA,NA,2006,SU_Deep,2.89,88.1,0.1,26.1037037,631,NA,NA,NA,NA,-2.537740696,3.262706485,0.149004016,1.15899345,-19.90403396,NA,NA,/Users/trueman/Desktop/RNAscripts/OtoMet/Coldfish_data/ColdfishNAotolithNAFMRNAexploration.Rmd,NA,NA,NA,NA,NA,Slope,400-1200,pelagic,Modern
CRU_314,roundnose_grenadier,Gadiformes,Macrouridae,Coryphaenoides_rupestris,Irish_Slope,CRU,NA,NA,NA,2006,SU_Deep,2.89,88.1,0.1,26.1037037,631,NA,NA,NA,NA,-1.271297238,3.548618502,0.149004016,1.15899345,-19.90403396,NA,NA,/Users/trueman/Desktop/RNAscripts/OtoMet/Coldfish_data/ColdfishNAotolithNAFMRNAexploration.Rmd,NA,NA,NA,NA,NA,Slope,400-1200,pelagic,Modern
CRU_311,roundnose_grenadier,Gadiformes,Macrouridae,Coryphaenoides_rupestris,Irish_Slope,CRU,NA,NA,NA,2006,SU_Deep,2.89,88.1,0.1,26.1037037,659,NA,NA,NA,NA,-1.170998508,2.956128135,0.167936668,1.152842107,-19.91375302,NA,NA,/Users/trueman/Desktop/RNAscripts/OtoMet/Coldfish_data/ColdfishNAotolithNAFMRNAexploration.Rmd,NA,NA,NA,NA,NA,Slope,400-1200,pelagic,Modern
CRU_315,roundnose_grenadier,Gadiformes,Macrouridae,Coryphaenoides_rupestris,Irish_Slope,CRU,NA,NA,NA,2006,SU_Deep,2.89,88.1,0.1,26.1037037,771,NA,NA,NA,NA,-1.664503481,3.037352221,0.149004016,1.15899345,-19.90403396,NA,NA,/Users/trueman/Desktop/RNAscripts/OtoMet/Coldfish_data/ColdfishNAotolithNAFMRNAexploration.Rmd,NA,NA,NA,NA,NA,Slope,400-1200,pelagic,Modern
CRU_317,roundnose_grenadier,Gadiformes,Macrouridae,Coryphaenoides_rupestris,Irish_Slope,CRU,NA,NA,NA,2006,SU_Deep,2.89,88.1,0.1,26.1037037,771,NA,NA,NA,NA,-1.855854636,3.458944952,0.149004016,1.15899345,-19.90403396,NA,NA,/Users/trueman/Desktop/RNAscripts/OtoMet/Coldfish_data/ColdfishNAotolithNAFMRNAexploration.Rmd,NA,NA,NA,NA,NA,Slope,400-1200,pelagic,Modern
CRU_309,roundnose_grenadier,Gadiformes,Macrouridae,Coryphaenoides_rupestris,Irish_Slope,CRU,NA,NA,NA,2006,SU_Deep,2.89,88.1,0.1,26.1037037,997,NA,NA,NA,NA,-0.664383643,2.730356204,0.167936668,1.152842107,-19.91375302,NA,NA,/Users/trueman/Desktop/RNAscripts/OtoMet/Coldfish_data/ColdfishNAotolithNAFMRNAexploration.Rmd,NA,NA,NA,NA,NA,Slope,400-1200,pelagic,Modern
CRU_318,roundnose_grenadier,Gadiformes,Macrouridae,Coryphaenoides_rupestris,Irish_Slope,CRU,NA,NA,NA,2006,SU_Deep,2.89,88.1,0.1,26.1037037,1111,NA,NA,NA,NA,-2.535258065,3.451981443,0.149004016,1.15899345,-19.90403396,NA,NA,/Users/trueman/Desktop/RNAscripts/OtoMet/Coldfish_data/ColdfishNAotolithNAFMRNAexploration.Rmd,NA,NA,NA,NA,NA,Slope,400-1200,pelagic,Modern
CRU_310,roundnose_grenadier,Gadiformes,Macrouridae,Coryphaenoides_rupestris,Irish_Slope,CRU,NA,NA,NA,2006,SU_Deep,2.89,88.1,0.1,26.1037037,1441,NA,NA,NA,NA,-1.266857756,3.126124663,0.167936668,1.152842107,-19.91375302,NA,NA,/Users/trueman/Desktop/RNAscripts/OtoMet/Coldfish_data/ColdfishNAotolithNAFMRNAexploration.Rmd,NA,NA,NA,NA,NA,Slope,400-1200,pelagic,Modern
RIRC_003,Rock_cook,Labriformes,Labridae,Ctenolabrus_exoletus,Dorset,CE_Dorset,Ringstead,NA,NA,2021,Lauren_Henley,1.9,16.1,0.3,4.77037037,6.54,8,NA,NA,NA,-4.996601785,1.300334797,0,-1,-19.54,NA,NA,/Users/trueman/Desktop/RNAscripts/OtoMet/Lauren_wrasse,NA,NA,NA,NA,NA,Shelf,03-Oct,demersal,Modern
RIRC_001,Rock_cook,Labriformes,Labridae,Ctenolabrus_exoletus,Dorset,CE_Dorset,Ringstead,NA,NA,2021,Lauren_Henley,1.9,16.1,0.3,4.77037037,7.962315527,8.5,NA,NA,NA,-6.73,0.53,0,-1,-18.89,NA,NA,/Users/trueman/Desktop/RNAscripts/OtoMet/Lauren_wrasse,NA,NA,NA,NA,NA,Shelf,03-Oct,demersal,Modern
RIRC_004,Rock_cook,Labriformes,Labridae,Ctenolabrus_exoletus,Dorset,CE_Dorset,Ringstead,NA,NA,2021,Lauren_Henley,1.9,16.1,0.3,4.77037037,13.5,10,NA,NA,NA,-6.675733095,0.557374271,0,-1,-19.3,NA,NA,/Users/trueman/Desktop/RNAscripts/OtoMet/Lauren_wrasse,NA,NA,NA,NA,NA,Shelf,03-Oct,demersal,Modern
RIRC_007,Rock_cook,Labriformes,Labridae,Ctenolabrus_exoletus,Dorset,CE_Dorset,Ringstead,NA,NA,2021,Lauren_Henley,1.9,16.1,0.3,4.77037037,15.82,10.5,NA,NA,NA,-4.752419314,1.211459142,0,-1,-18.64,NA,NA,/Users/trueman/Desktop/RNAscripts/OtoMet/Lauren_wrasse,NA,NA,NA,NA,NA,Shelf,03-Oct,demersal,Modern
RIRC_011,Rock_cook,Labriformes,Labridae,Ctenolabrus_exoletus,Dorset,CE_Dorset,Ringstead,NA,NA,2021,Lauren_Henley,1.9,16.1,0.3,4.77037037,15.82,10.5,NA,NA,NA,-4.938319549,1.232429802,0,-1,-19.34,NA,NA,/Users/trueman/Desktop/RNAscripts/OtoMet/Lauren_wrasse,NA,NA,NA,NA,NA,Shelf,03-Oct,demersal,Modern
RIRC_002,Rock_cook,Labriformes,Labridae,Ctenolabrus_exoletus,Dorset,CE_Dorset,Ringstead,NA,NA,2021,Lauren_Henley,1.9,16.1,0.3,4.77037037,18.40577471,11,NA,NA,NA,-3.89,1.43,0,-1,-18.75,NA,NA,/Users/trueman/Desktop/RNAscripts/OtoMet/Lauren_wrasse,NA,NA,NA,NA,NA,Shelf,03-Oct,demersal,Modern
RIRC_009,Rock_cook,Labriformes,Labridae,Ctenolabrus_exoletus,Dorset,CE_Dorset,Ringstead,NA,NA,2021,Lauren_Henley,1.9,16.1,0.3,4.77037037,18.40577471,11,NA,NA,NA,-4.03,1.34,0,-1,-19.11,NA,NA,/Users/trueman/Desktop/RNAscripts/OtoMet/Lauren_wrasse,NA,NA,NA,NA,NA,Shelf,03-Oct,demersal,Modern
RIRC_010,Rock_cook,Labriformes,Labridae,Ctenolabrus_exoletus,Dorset,CE_Dorset,Ringstead,NA,NA,2021,Lauren_Henley,1.9,16.1,0.3,4.77037037,18.41,11,NA,NA,NA,-3.601847591,1.598917051,0,-1,-18.45,NA,NA,/Users/trueman/Desktop/RNAscripts/OtoMet/Lauren_wrasse,NA,NA,NA,NA,NA,Shelf,03-Oct,demersal,Modern
RIRC_015,Rock_cook,Labriformes,Labridae,Ctenolabrus_exoletus,Dorset,CE_Dorset,Ringstead,NA,NA,2021,Lauren_Henley,1.9,16.1,0.3,4.77037037,18.41,11,NA,NA,NA,-4.463017868,1.332290088,0,-1,-18.95,NA,NA,/Users/trueman/Desktop/RNAscripts/OtoMet/Lauren_wrasse,NA,NA,NA,NA,NA,Shelf,03-Oct,demersal,Modern
RIRC_012,Rock_cook,Labriformes,Labridae,Ctenolabrus_exoletus,Dorset,CE_Dorset,Ringstead,NA,NA,2021,Lauren_Henley,1.9,16.1,0.3,4.77037037,21.26649196,11.5,NA,NA,NA,-4.20778187,1.519028823,0,-1,-18.93,NA,NA,/Users/trueman/Desktop/RNAscripts/OtoMet/Lauren_wrasse,NA,NA,NA,NA,NA,Shelf,03-Oct,demersal,Modern
RIRC_008,Rock_cook,Labriformes,Labridae,Ctenolabrus_exoletus,Dorset,CE_Dorset,Ringstead,NA,NA,2021,Lauren_Henley,1.9,16.1,0.3,4.77037037,21.27,11.5,NA,NA,NA,-3.631993575,1.463107063,0,-1,-18.54,NA,NA,/Users/trueman/Desktop/RNAscripts/OtoMet/Lauren_wrasse,NA,NA,NA,NA,NA,Shelf,03-Oct,demersal,Modern
RIRC_013,Rock_cook,Labriformes,Labridae,Ctenolabrus_exoletus,Dorset,CE_Dorset,Ringstead,NA,NA,2021,Lauren_Henley,1.9,16.1,0.3,4.77037037,21.27,11.5,NA,NA,NA,-4.20778187,1.519028823,0,-1,-18.68,NA,NA,/Users/trueman/Desktop/RNAscripts/OtoMet/Lauren_wrasse,NA,NA,NA,NA,NA,Shelf,03-Oct,demersal,Modern
RIGO_045,Goldsinny,Labriformes,Labridae,Ctenolabrus_rupestris,Dorset,CR_Dorset,Ringstead,NA,NA,2021,Lauren_Henley,1.9,16.1,0.3,4.77037037,3.48,6,NA,NA,NA,-8.87,0.18,0,-1,-19.74,NA,NA,/Users/trueman/Desktop/RNAscripts/OtoMet/Lauren_wrasse,NA,NA,NA,NA,NA,Shelf,Jan-50,demersal,Modern
RIGO_036,Goldsinny,Labriformes,Labridae,Ctenolabrus_rupestris,Dorset,CR_Dorset,Ringstead,NA,NA,2021,Lauren_Henley,1.9,16.1,0.3,4.77037037,5.56,7,NA,NA,NA,-5.66,0.92,0,-1,-19.39,NA,NA,/Users/trueman/Desktop/RNAscripts/OtoMet/Lauren_wrasse,NA,NA,NA,NA,NA,Shelf,Jan-50,demersal,Modern
RIGO_037,Goldsinny,Labriformes,Labridae,Ctenolabrus_rupestris,Dorset,CR_Dorset,Ringstead,NA,NA,2021,Lauren_Henley,1.9,16.1,0.3,4.77037037,5.56,7,NA,NA,NA,-6.679962247,0.667515735,0,-1,-19.48,NA,NA,/Users/trueman/Desktop/RNAscripts/OtoMet/Lauren_wrasse,NA,NA,NA,NA,NA,Shelf,Jan-50,demersal,Modern
RIGO_044,Goldsinny,Labriformes,Labridae,Ctenolabrus_rupestris,Dorset,CR_Dorset,Ringstead,NA,NA,2021,Lauren_Henley,1.9,16.1,0.3,4.77037037,5.56,7,NA,NA,NA,-8.49905247,0.161116708,0,-1,-20.35,NA,NA,/Users/trueman/Desktop/RNAscripts/OtoMet/Lauren_wrasse,NA,NA,NA,NA,NA,Shelf,Jan-50,demersal,Modern
RIGO_066,Goldsinny,Labriformes,Labridae,Ctenolabrus_rupestris,Dorset,CR_Dorset,Ringstead,NA,NA,2021,Lauren_Henley,1.9,16.1,0.3,4.77037037,5.56,7,NA,NA,NA,-8.139260837,0.371340117,0,-1,-19.64,NA,NA,/Users/trueman/Desktop/RNAscripts/OtoMet/Lauren_wrasse,NA,NA,NA,NA,NA,Shelf,Jan-50,demersal,Modern
RIGO_064,Goldsinny,Labriformes,Labridae,Ctenolabrus_rupestris,Dorset,CR_Dorset,Ringstead,NA,NA,2021,Lauren_Henley,1.9,16.1,0.3,4.77037037,8.35,8,NA,NA,NA,-7.02,0.62,0,-1,-19.56,NA,NA,/Users/trueman/Desktop/RNAscripts/OtoMet/Lauren_wrasse,NA,NA,NA,NA,NA,Shelf,Jan-50,demersal,Modern
RIGO_065,Goldsinny,Labriformes,Labridae,Ctenolabrus_rupestris,Dorset,CR_Dorset,Ringstead,NA,NA,2021,Lauren_Henley,1.9,16.1,0.3,4.77037037,8.35,8,NA,NA,NA,-7.998610624,0.257187707,0,-1,-19.03,NA,NA,/Users/trueman/Desktop/RNAscripts/OtoMet/Lauren_wrasse,NA,NA,NA,NA,NA,Shelf,Jan-50,demersal,Modern
RIGO_035,Goldsinny,Labriformes,Labridae,Ctenolabrus_rupestris,Dorset,CR_Dorset,Ringstead,NA,NA,2021,Lauren_Henley,1.9,16.1,0.3,4.77037037,11.95,9,NA,NA,NA,-5.76,1.01,0,-1,-19.66,NA,NA,/Users/trueman/Desktop/RNAscripts/OtoMet/Lauren_wrasse,NA,NA,NA,NA,NA,Shelf,Jan-50,demersal,Modern
RIGO_039,Goldsinny,Labriformes,Labridae,Ctenolabrus_rupestris,Dorset,CR_Dorset,Ringstead,NA,NA,2021,Lauren_Henley,1.9,16.1,0.3,4.77037037,11.95,9,NA,NA,NA,-7.289567768,0.530389611,0,-1,-19.55,NA,NA,/Users/trueman/Desktop/RNAscripts/OtoMet/Lauren_wrasse,NA,NA,NA,NA,NA,Shelf,Jan-50,demersal,Modern
RIGO_041,Goldsinny,Labriformes,Labridae,Ctenolabrus_rupestris,Dorset,CR_Dorset,Ringstead,NA,NA,2021,Lauren_Henley,1.9,16.1,0.3,4.77037037,11.95,9,NA,NA,NA,-7.096171377,0.700738246,0,-1,-19.6,NA,NA,/Users/trueman/Desktop/RNAscripts/OtoMet/Lauren_wrasse,NA,NA,NA,NA,NA,Shelf,Jan-50,demersal,Modern
RIGO_004,Goldsinny,Labriformes,Labridae,Ctenolabrus_rupestris,Dorset,CR_Dorset,Ringstead,NA,NA,2021,Lauren_Henley,1.9,16.1,0.3,4.77037037,14.08,9.5,NA,NA,NA,-5.57,0.89,0,-1,-19.2,NA,NA,/Users/trueman/Desktop/RNAscripts/OtoMet/Lauren_wrasse,NA,NA,NA,NA,NA,Shelf,Jan-50,demersal,Modern
RIGO_005,Goldsinny,Labriformes,Labridae,Ctenolabrus_rupestris,Dorset,CR_Dorset,Ringstead,NA,NA,2021,Lauren_Henley,1.9,16.1,0.3,4.77037037,14.08,9.5,NA,NA,NA,-5.62,1.11,0,-1,-18.97,NA,NA,/Users/trueman/Desktop/RNAscripts/OtoMet/Lauren_wrasse,NA,NA,NA,NA,NA,Shelf,Jan-50,demersal,Modern
RIGO_025,Goldsinny,Labriformes,Labridae,Ctenolabrus_rupestris,Dorset,CR_Dorset,Ringstead,NA,NA,2021,Lauren_Henley,1.9,16.1,0.3,4.77037037,14.08,9.5,NA,NA,NA,-6.61332778,0.907120514,0,-1,-19.43,NA,NA,/Users/trueman/Desktop/RNAscripts/OtoMet/Lauren_wrasse,NA,NA,NA,NA,NA,Shelf,Jan-50,demersal,Modern
RIGO_008,Goldsinny,Labriformes,Labridae,Ctenolabrus_rupestris,Dorset,CR_Dorset,Ringstead,NA,NA,2021,Lauren_Henley,1.9,16.1,0.3,4.77037037,16.46,10,NA,NA,NA,-4.49,1,0,-1,-18.53,NA,NA,/Users/trueman/Desktop/RNAscripts/OtoMet/Lauren_wrasse,NA,NA,NA,NA,NA,Shelf,Jan-50,demersal,Modern
RIGO_010,Goldsinny,Labriformes,Labridae,Ctenolabrus_rupestris,Dorset,CR_Dorset,Ringstead,NA,NA,2021,Lauren_Henley,1.9,16.1,0.3,4.77037037,16.46,10,NA,NA,NA,-4.09,1.27,0,-1,-19.2,NA,NA,/Users/trueman/Desktop/RNAscripts/OtoMet/Lauren_wrasse,NA,NA,NA,NA,NA,Shelf,Jan-50,demersal,Modern
RIGO_032,Goldsinny,Labriformes,Labridae,Ctenolabrus_rupestris,Dorset,CR_Dorset,Ringstead,NA,NA,2021,Lauren_Henley,1.9,16.1,0.3,4.77037037,19.09,10.5,NA,NA,NA,-3.599947526,1.426694145,0,-1,-19.12,NA,NA,/Users/trueman/Desktop/RNAscripts/OtoMet/Lauren_wrasse,NA,NA,NA,NA,NA,Shelf,Jan-50,demersal,Modern
RIGO_033,Goldsinny,Labriformes,Labridae,Ctenolabrus_rupestris,Dorset,CR_Dorset,Ringstead,NA,NA,2021,Lauren_Henley,1.9,16.1,0.3,4.77037037,19.09,10.5,NA,NA,NA,-5.034069347,0.924681004,0,-1,-19.05,NA,NA,/Users/trueman/Desktop/RNAscripts/OtoMet/Lauren_wrasse,NA,NA,NA,NA,NA,Shelf,Jan-50,demersal,Modern
RIGO_040,Goldsinny,Labriformes,Labridae,Ctenolabrus_rupestris,Dorset,CR_Dorset,Ringstead,NA,NA,2021,Lauren_Henley,1.9,16.1,0.3,4.77037037,19.09,10.5,NA,NA,NA,-3.769857593,1.342665957,0,-1,-19.78,NA,NA,/Users/trueman/Desktop/RNAscripts/OtoMet/Lauren_wrasse,NA,NA,NA,NA,NA,Shelf,Jan-50,demersal,Modern
RIGO_038,Goldsinny,Labriformes,Labridae,Ctenolabrus_rupestris,Dorset,CR_Dorset,Ringstead,NA,NA,2021,Lauren_Henley,1.9,16.1,0.3,4.77037037,21.99,11,NA,NA,NA,-4.840592626,1.271642131,0,-1,-19.43,NA,NA,/Users/trueman/Desktop/RNAscripts/OtoMet/Lauren_wrasse,NA,NA,NA,NA,NA,Shelf,Jan-50,demersal,Modern
RIGO_053,Goldsinny,Labriformes,Labridae,Ctenolabrus_rupestris,Dorset,CR_Dorset,Ringstead,NA,NA,2021,Lauren_Henley,1.9,16.1,0.3,4.77037037,21.99,11,NA,NA,NA,-3.39183283,1.677778373,0,-1,-18.7,NA,NA,/Users/trueman/Desktop/RNAscripts/OtoMet/Lauren_wrasse,NA,NA,NA,NA,NA,Shelf,Jan-50,demersal,Modern
RIGO_003,Goldsinny,Labriformes,Labridae,Ctenolabrus_rupestris,Dorset,CR_Dorset,Ringstead,NA,NA,2021,Lauren_Henley,1.9,16.1,0.3,4.77037037,25.17,11.5,NA,NA,NA,-5.798724539,1.018557232,0,-1,-19.25,NA,NA,/Users/trueman/Desktop/RNAscripts/OtoMet/Lauren_wrasse,NA,NA,NA,NA,NA,Shelf,Jan-50,demersal,Modern
RIGO_030,Goldsinny,Labriformes,Labridae,Ctenolabrus_rupestris,Dorset,CR_Dorset,Ringstead,NA,NA,2021,Lauren_Henley,1.9,16.1,0.3,4.77037037,25.17,11.5,NA,NA,NA,-3.783932983,1.388681393,0,-1,-19.15,NA,NA,/Users/trueman/Desktop/RNAscripts/OtoMet/Lauren_wrasse,NA,NA,NA,NA,NA,Shelf,Jan-50,demersal,Modern
RIGO_031,Goldsinny,Labriformes,Labridae,Ctenolabrus_rupestris,Dorset,CR_Dorset,Ringstead,NA,NA,2021,Lauren_Henley,1.9,16.1,0.3,4.77037037,25.17,11.5,NA,NA,NA,-3.585872136,1.543733407,0,-1,-19.39,NA,NA,/Users/trueman/Desktop/RNAscripts/OtoMet/Lauren_wrasse,NA,NA,NA,NA,NA,Shelf,Jan-50,demersal,Modern
RIGO_043,Goldsinny,Labriformes,Labridae,Ctenolabrus_rupestris,Dorset,CR_Dorset,Ringstead,NA,NA,2021,Lauren_Henley,1.9,16.1,0.3,4.77037037,25.17,11.5,NA,NA,NA,-5.410831945,1.010815019,0,-1,-19.3,NA,NA,/Users/trueman/Desktop/RNAscripts/OtoMet/Lauren_wrasse,NA,NA,NA,NA,NA,Shelf,Jan-50,demersal,Modern
RIGO_048,Goldsinny,Labriformes,Labridae,Ctenolabrus_rupestris,Dorset,CR_Dorset,Ringstead,NA,NA,2021,Lauren_Henley,1.9,16.1,0.3,4.77037037,28.65,12,NA,NA,NA,-4.254453167,1.296650521,0,-1,-18.53,NA,NA,/Users/trueman/Desktop/RNAscripts/OtoMet/Lauren_wrasse,NA,NA,NA,NA,NA,Shelf,Jan-50,demersal,Modern
RIGO_051,Goldsinny,Labriformes,Labridae,Ctenolabrus_rupestris,Dorset,CR_Dorset,Ringstead,NA,NA,2021,Lauren_Henley,1.9,16.1,0.3,4.77037037,28.65,12,NA,NA,NA,-4.683752565,1.192615621,0,-1,-19.24,NA,NA,/Users/trueman/Desktop/RNAscripts/OtoMet/Lauren_wrasse,NA,NA,NA,NA,NA,Shelf,Jan-50,demersal,Modern
RIGO_054,Goldsinny,Labriformes,Labridae,Ctenolabrus_rupestris,Dorset,CR_Dorset,Ringstead,NA,NA,2021,Lauren_Henley,1.9,16.1,0.3,4.77037037,28.65,12,NA,NA,NA,-4.286247178,1.195048945,0,-1,-18.25,NA,NA,/Users/trueman/Desktop/RNAscripts/OtoMet/Lauren_wrasse,NA,NA,NA,NA,NA,Shelf,Jan-50,demersal,Modern
RIGO_055,Goldsinny,Labriformes,Labridae,Ctenolabrus_rupestris,Dorset,CR_Dorset,Ringstead,NA,NA,2021,Lauren_Henley,1.9,16.1,0.3,4.77037037,28.65,12,NA,NA,NA,-4.351856499,1.51317966,0,-1,-18.53,NA,NA,/Users/trueman/Desktop/RNAscripts/OtoMet/Lauren_wrasse,NA,NA,NA,NA,NA,Shelf,Jan-50,demersal,Modern
RIGO_056,Goldsinny,Labriformes,Labridae,Ctenolabrus_rupestris,Dorset,CR_Dorset,Ringstead,NA,NA,2021,Lauren_Henley,1.9,16.1,0.3,4.77037037,28.65,12,NA,NA,NA,-3.88849067,1.537341487,0,-1,-19.01,NA,NA,/Users/trueman/Desktop/RNAscripts/OtoMet/Lauren_wrasse,NA,NA,NA,NA,NA,Shelf,Jan-50,demersal,Modern
RIGO_060,Goldsinny,Labriformes,Labridae,Ctenolabrus_rupestris,Dorset,CR_Dorset,Ringstead,NA,NA,2021,Lauren_Henley,1.9,16.1,0.3,4.77037037,28.65,12,NA,NA,NA,-3.810579602,0.897053086,0,-1,-18.96,NA,NA,/Users/trueman/Desktop/RNAscripts/OtoMet/Lauren_wrasse,NA,NA,NA,NA,NA,Shelf,Jan-50,demersal,Modern
RIGO_062,Goldsinny,Labriformes,Labridae,Ctenolabrus_rupestris,Dorset,CR_Dorset,Ringstead,NA,NA,2021,Lauren_Henley,1.9,16.1,0.3,4.77037037,28.65,12,NA,NA,NA,-3.641168312,1.480712266,0,-1,-19.2,NA,NA,/Users/trueman/Desktop/RNAscripts/OtoMet/Lauren_wrasse,NA,NA,NA,NA,NA,Shelf,Jan-50,demersal,Modern
RIGO_063,Goldsinny,Labriformes,Labridae,Ctenolabrus_rupestris,Dorset,CR_Dorset,Ringstead,NA,NA,2021,Lauren_Henley,1.9,16.1,0.3,4.77037037,28.65,12,NA,NA,NA,-6.181741466,0.697718018,0,-1,-19.14,NA,NA,/Users/trueman/Desktop/RNAscripts/OtoMet/Lauren_wrasse,NA,NA,NA,NA,NA,Shelf,Jan-50,demersal,Modern
RIGO_034,Goldsinny,Labriformes,Labridae,Ctenolabrus_rupestris,Dorset,CR_Dorset,Ringstead,NA,NA,2021,Lauren_Henley,1.9,16.1,0.3,4.77037037,32.44,12.5,NA,NA,NA,-4.248420856,1.361672333,0,-1,-19.2,NA,NA,/Users/trueman/Desktop/RNAscripts/OtoMet/Lauren_wrasse,NA,NA,NA,NA,NA,Shelf,Jan-50,demersal,Modern
RIGO_052,Goldsinny,Labriformes,Labridae,Ctenolabrus_rupestris,Dorset,CR_Dorset,Ringstead,NA,NA,2021,Lauren_Henley,1.9,16.1,0.3,4.77037037,32.44,12.5,NA,NA,NA,-3.562748281,1.520725689,0,-1,-18.6,NA,NA,/Users/trueman/Desktop/RNAscripts/OtoMet/Lauren_wrasse,NA,NA,NA,NA,NA,Shelf,Jan-50,demersal,Modern
RIGO_057,Goldsinny,Labriformes,Labridae,Ctenolabrus_rupestris,Dorset,CR_Dorset,Ringstead,NA,NA,2021,Lauren_Henley,1.9,16.1,0.3,4.77037037,32.44,12.5,NA,NA,NA,-3.179696593,1.544733742,0,-1,-18.32,NA,NA,/Users/trueman/Desktop/RNAscripts/OtoMet/Lauren_wrasse,NA,NA,NA,NA,NA,Shelf,Jan-50,demersal,Modern
RIGO_046,Goldsinny,Labriformes,Labridae,Ctenolabrus_rupestris,Dorset,CR_Dorset,Ringstead,NA,NA,2021,Lauren_Henley,1.9,16.1,0.3,4.77037037,36.54,13,NA,NA,NA,-3.254095084,1.386680722,0,-1,-18.68,NA,NA,/Users/trueman/Desktop/RNAscripts/OtoMet/Lauren_wrasse,NA,NA,NA,NA,NA,Shelf,Jan-50,demersal,Modern
RIGO_049,Goldsinny,Labriformes,Labridae,Ctenolabrus_rupestris,Dorset,CR_Dorset,Ringstead,NA,NA,2021,Lauren_Henley,1.9,16.1,0.3,4.77037037,36.54,13,NA,NA,NA,-3.713556032,1.2426324,0,-1,-18.68,NA,NA,/Users/trueman/Desktop/RNAscripts/OtoMet/Lauren_wrasse,NA,NA,NA,NA,NA,Shelf,Jan-50,demersal,Modern
RIGO_050,Goldsinny,Labriformes,Labridae,Ctenolabrus_rupestris,Dorset,CR_Dorset,Ringstead,NA,NA,2021,Lauren_Henley,1.9,16.1,0.3,4.77037037,36.54,13,NA,NA,NA,-4.713914115,1.403686427,0,-1,-18.33,NA,NA,/Users/trueman/Desktop/RNAscripts/OtoMet/Lauren_wrasse,NA,NA,NA,NA,NA,Shelf,Jan-50,demersal,Modern
RIGO_059,Goldsinny,Labriformes,Labridae,Ctenolabrus_rupestris,Dorset,CR_Dorset,Ringstead,NA,NA,2021,Lauren_Henley,1.9,16.1,0.3,4.77037037,36.54,13,NA,NA,NA,-3.837233388,1.122563466,0,-1,-18.48,NA,NA,/Users/trueman/Desktop/RNAscripts/OtoMet/Lauren_wrasse,NA,NA,NA,NA,NA,Shelf,Jan-50,demersal,Modern
ETE_437,cardinalfish,Perciformes,Epigonidae,Epigonus_telescopus,Irish_Slope,ETE,NA,NA,NA,2006,SU_Deep,2.28,70.9,0,21.00740741,57,NA,NA,NA,NA,-2.697870074,2.101708114,0.055448863,1.149181685,-19.46714114,NA,NA,/Users/trueman/Desktop/RNAscripts/OtoMet/Coldfish_data/ColdfishNAotolithNAFMRNAexploration.Rmd,NA,NA,NA,NA,NA,Upper slope,300-800,demersal,Modern
ETE_439,cardinalfish,Perciformes,Epigonidae,Epigonus_telescopus,Irish_Slope,ETE,NA,NA,NA,2006,SU_Deep,2.28,70.9,0,21.00740741,141,NA,NA,NA,NA,-2.699187039,2.200264487,0.055448863,1.149181685,-19.46714114,NA,NA,/Users/trueman/Desktop/RNAscripts/OtoMet/Coldfish_data/ColdfishNAotolithNAFMRNAexploration.Rmd,NA,NA,NA,NA,NA,Upper slope,300-800,demersal,Modern
ETE_445,cardinalfish,Perciformes,Epigonidae,Epigonus_telescopus,Irish_Slope,ETE,NA,NA,NA,2006,SU_Deep,2.28,70.9,0,21.00740741,143,NA,NA,NA,NA,-1.84352256,2.223350432,0.055448863,1.149181685,-19.46714114,NA,NA,/Users/trueman/Desktop/RNAscripts/OtoMet/Coldfish_data/ColdfishNAotolithNAFMRNAexploration.Rmd,NA,NA,NA,NA,NA,Upper slope,300-800,demersal,Modern
ETE_444,cardinalfish,Perciformes,Epigonidae,Epigonus_telescopus,Irish_Slope,ETE,NA,NA,NA,2006,SU_Deep,2.28,70.9,0,21.00740741,223,NA,NA,NA,NA,-1.915728872,2.184126877,0.055448863,1.149181685,-19.46714114,NA,NA,/Users/trueman/Desktop/RNAscripts/OtoMet/Coldfish_data/ColdfishNAotolithNAFMRNAexploration.Rmd,NA,NA,NA,NA,NA,Upper slope,300-800,demersal,Modern
ETE_446,cardinalfish,Perciformes,Epigonidae,Epigonus_telescopus,Irish_Slope,ETE,NA,NA,NA,2006,SU_Deep,2.28,70.9,0,21.00740741,255,NA,NA,NA,NA,-2.203711412,2.249133561,0.055448863,1.149181685,-19.46714114,NA,NA,/Users/trueman/Desktop/RNAscripts/OtoMet/Coldfish_data/ColdfishNAotolithNAFMRNAexploration.Rmd,NA,NA,NA,NA,NA,Upper slope,300-800,demersal,Modern
ETE_438,cardinalfish,Perciformes,Epigonidae,Epigonus_telescopus,Irish_Slope,ETE,NA,NA,NA,2006,SU_Deep,2.28,70.9,0,21.00740741,506,NA,NA,NA,NA,-0.565034852,2.308967367,0.055448863,1.149181685,-19.46714114,NA,NA,/Users/trueman/Desktop/RNAscripts/OtoMet/Coldfish_data/ColdfishNAotolithNAFMRNAexploration.Rmd,NA,NA,NA,NA,NA,Upper slope,300-800,demersal,Modern
ETE_441,cardinalfish,Perciformes,Epigonidae,Epigonus_telescopus,Irish_Slope,ETE,NA,NA,NA,2009,SU_Deep,2.28,70.9,0,21.00740741,1860,NA,NA,NA,NA,-3.618496318,1.906425893,0.160572641,1.121922929,-19.47004634,NA,NA,/Users/trueman/Desktop/RNAscripts/OtoMet/Coldfish_data/ColdfishNAotolithNAFMRNAexploration.Rmd,NA,NA,NA,NA,NA,Upper slope,300-800,demersal,Modern
ETE_440,cardinalfish,Perciformes,Epigonidae,Epigonus_telescopus,Irish_Slope,ETE,NA,NA,NA,2009,SU_Deep,2.28,70.9,0,21.00740741,1994,NA,NA,NA,NA,-3.027336065,2.053635998,0.160572641,1.121922929,-19.47004634,NA,NA,/Users/trueman/Desktop/RNAscripts/OtoMet/Coldfish_data/ColdfishNAotolithNAFMRNAexploration.Rmd,NA,NA,NA,NA,NA,Upper slope,300-800,demersal,Modern
ETE_443,cardinalfish,Perciformes,Epigonidae,Epigonus_telescopus,Irish_Slope,ETE,NA,NA,NA,2009,SU_Deep,2.28,70.9,0,21.00740741,2134,NA,NA,NA,NA,-1.95,2.06,0.21497757,1.122168772,-19.46999382,NA,NA,/Users/trueman/Desktop/RNAscripts/OtoMet/Coldfish_data/ColdfishNAotolithNAFMRNAexploration.Rmd,NA,NA,NA,NA,NA,Upper slope,300-800,demersal,Modern
ETE_442,cardinalfish,Perciformes,Epigonidae,Epigonus_telescopus,Irish_Slope,ETE,NA,NA,NA,2009,SU_Deep,2.28,70.9,0,21.00740741,3309,NA,NA,NA,NA,-2.19,2.32,0.054019469,1.106447998,-19.46841329,NA,NA,/Users/trueman/Desktop/RNAscripts/OtoMet/Coldfish_data/ColdfishNAotolithNAFMRNAexploration.Rmd,NA,NA,NA,NA,NA,Upper slope,300-800,demersal,Modern
MIGT009,Silvery_cod,Gadiformes,Gadidae,Gadiculus_thori,Irish_Slope,GT_Meso,NA,NA,09_2022,2023,Meso_pel,2.34,16,0.8,NA,9.02,9.5,NA,NA,NA,-2.000192373,3.050307682,0,1.4,-22,NA,NA,/Users/trueman/Desktop/RNAscripts/OtoMet/Lauren_wrasse,NA,NA,NA,NA,NA,Mesopelagic,100-1000,pelagic,Modern
MIGT011,Silvery_cod,Gadiformes,Gadidae,Gadiculus_thori,Irish_Slope,GT_Meso,NA,NA,09_2022,2023,Meso_pel,2.34,16,0.8,NA,10.51,10.2,NA,NA,NA,-2.214174757,3.035160531,0,1.4,-22,NA,NA,/Users/trueman/Desktop/RNAscripts/OtoMet/Lauren_wrasse,NA,NA,NA,NA,NA,Mesopelagic,100-1000,pelagic,Modern
MIGT003,Silvery_cod,Gadiformes,Gadidae,Gadiculus_thori,Irish_Slope,GT_Meso,NA,NA,09_2022,2023,Meso_pel,2.34,16,0.8,NA,10.79,9.8,NA,NA,NA,-2.002226714,3.072243664,0,1.4,-22,NA,NA,/Users/trueman/Desktop/RNAscripts/OtoMet/Lauren_wrasse,NA,NA,NA,NA,NA,Mesopelagic,100-1000,pelagic,Modern
MIGT010,Silvery_cod,Gadiformes,Gadidae,Gadiculus_thori,Irish_Slope,GT_Meso,NA,NA,09_2022,2023,Meso_pel,2.34,16,0.8,NA,12.56,9.7,NA,NA,NA,-1.820153187,3.230780986,0,1.4,-22,NA,NA,/Users/trueman/Desktop/RNAscripts/OtoMet/Lauren_wrasse,NA,NA,NA,NA,NA,Mesopelagic,100-1000,pelagic,Modern
MIGT008,Silvery_cod,Gadiformes,Gadidae,Gadiculus_thori,Irish_Slope,GT_Meso,NA,NA,09_2022,2023,Meso_pel,2.34,16,0.8,NA,14.84,11.1,NA,NA,NA,-2.147682101,3.030365881,0,1.4,-22,NA,NA,/Users/trueman/Desktop/RNAscripts/OtoMet/Lauren_wrasse,NA,NA,NA,NA,NA,Mesopelagic,100-1000,pelagic,Modern
MIGT012,Silvery_cod,Gadiformes,Gadidae,Gadiculus_thori,Irish_Slope,GT_Meso,NA,NA,09_2022,2023,Meso_pel,2.34,16,0.8,NA,15.41,11.2,NA,NA,NA,-1.588507314,3.250687926,0,1.4,-22,NA,NA,/Users/trueman/Desktop/RNAscripts/OtoMet/Lauren_wrasse,NA,NA,NA,NA,NA,Mesopelagic,100-1000,pelagic,Modern
MIGT013,Silvery_cod,Gadiformes,Gadidae,Gadiculus_thori,Irish_Slope,GT_Meso,NA,NA,09_2022,2023,Meso_pel,2.34,16,0.8,NA,15.47,11.4,NA,NA,NA,-2.477560567,3.243703242,0,1.4,-22,NA,NA,/Users/trueman/Desktop/RNAscripts/OtoMet/Lauren_wrasse,NA,NA,NA,NA,NA,Mesopelagic,100-1000,pelagic,Modern
MIGT014,Silvery_cod,Gadiformes,Gadidae,Gadiculus_thori,Irish_Slope,GT_Meso,NA,NA,09_2022,2023,Meso_pel,2.34,16,0.8,NA,15.81,10.8,NA,NA,NA,-2.376646464,3.300578526,0,1.4,-22,NA,NA,/Users/trueman/Desktop/RNAscripts/OtoMet/Lauren_wrasse,NA,NA,NA,NA,NA,Mesopelagic,100-1000,pelagic,Modern
MIGT004,Silvery_cod,Gadiformes,Gadidae,Gadiculus_thori,Irish_Slope,GT_Meso,NA,NA,09_2022,2023,Meso_pel,2.34,16,0.8,NA,15.93,11.9,NA,NA,NA,-2.412146441,3.199871193,0,1.4,-22,NA,NA,/Users/trueman/Desktop/RNAscripts/OtoMet/Lauren_wrasse,NA,NA,NA,NA,NA,Mesopelagic,100-1000,pelagic,Modern
MIGT005,Silvery_cod,Gadiformes,Gadidae,Gadiculus_thori,Irish_Slope,GT_Meso,NA,NA,09_2022,2023,Meso_pel,2.34,16,0.8,NA,15.98,10.5,NA,NA,NA,-1.568912064,3.035351331,0,1.4,-22,NA,NA,/Users/trueman/Desktop/RNAscripts/OtoMet/Lauren_wrasse,NA,NA,NA,NA,NA,Mesopelagic,100-1000,pelagic,Modern
MIGT016,Silvery_cod,Gadiformes,Gadidae,Gadiculus_thori,Irish_Slope,GT_Meso,NA,NA,09_2022,2023,Meso_pel,2.34,16,0.8,NA,16.77,11.9,NA,NA,NA,-2.144544025,3.26765073,0,1.4,-22,NA,NA,/Users/trueman/Desktop/RNAscripts/OtoMet/Lauren_wrasse,NA,NA,NA,NA,NA,Mesopelagic,100-1000,pelagic,Modern
MIGT017,Silvery_cod,Gadiformes,Gadidae,Gadiculus_thori,Irish_Slope,GT_Meso,NA,NA,09_2022,2023,Meso_pel,2.34,16,0.8,NA,17.43,11,NA,NA,NA,-2.128397769,3.210775445,0,1.4,-22,NA,NA,/Users/trueman/Desktop/RNAscripts/OtoMet/Lauren_wrasse,NA,NA,NA,NA,NA,Mesopelagic,100-1000,pelagic,Modern
MIGT022,Silvery_cod,Gadiformes,Gadidae,Gadiculus_thori,Irish_Slope,GT_Meso,NA,NA,09_2022,2023,Meso_pel,2.34,16,0.8,NA,17.71,11.4,NA,NA,NA,-2.646087121,3.146915476,0,1.4,-22,NA,NA,/Users/trueman/Desktop/RNAscripts/OtoMet/Lauren_wrasse,NA,NA,NA,NA,NA,Mesopelagic,100-1000,pelagic,Modern
MIGT019,Silvery_cod,Gadiformes,Gadidae,Gadiculus_thori,Irish_Slope,GT_Meso,NA,NA,09_2022,2023,Meso_pel,2.34,16,0.8,NA,19.32,11.7,NA,NA,NA,-1.615754122,3.303571962,0,1.4,-22,NA,NA,/Users/trueman/Desktop/RNAscripts/OtoMet/Lauren_wrasse,NA,NA,NA,NA,NA,Mesopelagic,100-1000,pelagic,Modern
MIGT020,Silvery_cod,Gadiformes,Gadidae,Gadiculus_thori,Irish_Slope,GT_Meso,NA,NA,09_2022,2023,Meso_pel,2.34,16,0.8,NA,19.56,11.9,NA,NA,NA,-1.433099594,3.122967988,0,1.4,-22,NA,NA,/Users/trueman/Desktop/RNAscripts/OtoMet/Lauren_wrasse,NA,NA,NA,NA,NA,Mesopelagic,100-1000,pelagic,Modern
MIGT021,Silvery_cod,Gadiformes,Gadidae,Gadiculus_thori,Irish_Slope,GT_Meso,NA,NA,09_2022,2023,Meso_pel,2.34,16,0.8,NA,20.15,11.9,NA,NA,NA,-2.315088861,3.134941732,0,1.4,-22,NA,NA,/Users/trueman/Desktop/RNAscripts/OtoMet/Lauren_wrasse,NA,NA,NA,NA,NA,Mesopelagic,100-1000,pelagic,Modern
MIGT015,Silvery_cod,Gadiformes,Gadidae,Gadiculus_thori,Irish_Slope,GT_Meso,NA,NA,09_2022,2023,Meso_pel,2.34,16,0.8,NA,21.05,11.8,NA,NA,NA,-2.211147334,3.116981116,0,1.4,-22,NA,NA,/Users/trueman/Desktop/RNAscripts/OtoMet/Lauren_wrasse,NA,NA,NA,NA,NA,Mesopelagic,100-1000,pelagic,Modern
MIGT018,Silvery_cod,Gadiformes,Gadidae,Gadiculus_thori,Irish_Slope,GT_Meso,NA,NA,09_2022,2023,Meso_pel,2.34,16,0.8,NA,22.65,12,NA,NA,NA,-1.3029204,3.229733873,0,1.4,-22,NA,NA,/Users/trueman/Desktop/RNAscripts/OtoMet/Lauren_wrasse,NA,NA,NA,NA,NA,Mesopelagic,100-1000,pelagic,Modern
MIGT007,Silvery_cod,Gadiformes,Gadidae,Gadiculus_thori,Irish_Slope,GT_Meso,NA,NA,09_2022,2023,Meso_pel,2.34,16,0.8,NA,23.27,12.2,NA,NA,NA,-1.732676521,3.086202925,0,1.4,-22,NA,NA,/Users/trueman/Desktop/RNAscripts/OtoMet/Lauren_wrasse,NA,NA,NA,NA,NA,Mesopelagic,100-1000,pelagic,Modern
MIGT006,Silvery_cod,Gadiformes,Gadidae,Gadiculus_thori,Irish_Slope,GT_Meso,NA,NA,09_2022,2023,Meso_pel,2.34,16,0.8,NA,24.13,12,NA,NA,NA,-1.382769855,3.1589905,0,1.4,-22,NA,NA,/Users/trueman/Desktop/RNAscripts/OtoMet/Lauren_wrasse,NA,NA,NA,NA,NA,Mesopelagic,100-1000,pelagic,Modern
MIGT023,Silvery_cod,Gadiformes,Gadidae,Gadiculus_thori,Irish_Slope,GT_Meso,NA,NA,09_2022,2023,Meso_pel,2.34,16,0.8,NA,31.16,13.5,NA,NA,NA,-2.73287325,3.273637602,0,1.4,-22,NA,NA,/Users/trueman/Desktop/RNAscripts/OtoMet/Lauren_wrasse,NA,NA,NA,NA,NA,Mesopelagic,100-1000,pelagic,Modern
MIGT024,Silvery_cod,Gadiformes,Gadidae,Gadiculus_thori,Irish_Slope,GT_Meso,NA,NA,09_2022,2023,Meso_pel,2.34,16,0.8,NA,31.21,13.1,NA,NA,NA,-2.400865849,3.319536955,0,1.4,-22,NA,NA,/Users/trueman/Desktop/RNAscripts/OtoMet/Lauren_wrasse,NA,NA,NA,NA,NA,Mesopelagic,100-1000,pelagic,Modern
MIGT025,Silvery_cod,Gadiformes,Gadidae,Gadiculus_thori,Irish_Slope,GT_Meso,NA,NA,09_2022,2023,Meso_pel,2.34,16,0.8,NA,33.5,13.3,NA,NA,NA,-2.131425192,3.253681362,0,1.4,-22,NA,NA,/Users/trueman/Desktop/RNAscripts/OtoMet/Lauren_wrasse,NA,NA,NA,NA,NA,Mesopelagic,100-1000,pelagic,Modern
MIGT026,Silvery_cod,Gadiformes,Gadidae,Gadiculus_thori,Irish_Slope,GT_Meso,NA,NA,09_2022,2023,Meso_pel,2.34,16,0.8,NA,34.91,14.3,NA,NA,NA,-0.917428524,3.329515075,0,1.4,-22,NA,NA,/Users/trueman/Desktop/RNAscripts/OtoMet/Lauren_wrasse,NA,NA,NA,NA,NA,Mesopelagic,100-1000,pelagic,Modern
MIGT002,Silvery_cod,Gadiformes,Gadidae,Gadiculus_thori,Irish_Slope,GT_Meso,NA,NA,09_2022,2023,Meso_pel,2.34,16,0.8,NA,NA,0,NA,NA,NA,-2.600322991,3.268670409,0,1.4,-22,NA,NA,/Users/trueman/Desktop/RNAscripts/OtoMet/Lauren_wrasse,NA,NA,NA,NA,NA,Mesopelagic,100-1000,pelagic,Modern
GCY_462,Witch,Pleuronectiformes,Pleuronectidae,Glyptocephalus_cynoglossus,NorthSea,GCY,NA,NA,NA,2010,Cefas-SA,2.58,43.7,0.2,12.94814815,215,NA,NA,NA,NA,-0.45,2.55,0.287623064,1.031022885,-19.35131136,NA,NA,/Users/trueman/Desktop/RNAscripts/OtoMet/Coldfish_data/ColdfishNAotolithNAFMRNAexploration.Rmd,NA,NA,NA,NA,NA,Shelf,45-366,benthic,Modern
GCY_459,Witch,Pleuronectiformes,Pleuronectidae,Glyptocephalus_cynoglossus,NorthSea,GCY,NA,NA,NA,2010,Cefas-SA,2.58,43.7,0.2,12.94814815,325,NA,NA,NA,NA,-0.12,2.51,0.281078541,1.024785394,-19.34509839,NA,NA,/Users/trueman/Desktop/RNAscripts/OtoMet/Coldfish_data/ColdfishNAotolithNAFMRNAexploration.Rmd,NA,NA,NA,NA,NA,Shelf,45-366,benthic,Modern
GCY_461,Witch,Pleuronectiformes,Pleuronectidae,Glyptocephalus_cynoglossus,NorthSea,GCY,NA,NA,NA,2010,Cefas-SA,2.58,43.7,0.2,12.94814815,484,NA,NA,NA,NA,-0.06,2.48,0.277235085,1.023199047,-19.35425083,NA,NA,/Users/trueman/Desktop/RNAscripts/OtoMet/Coldfish_data/ColdfishNAotolithNAFMRNAexploration.Rmd,NA,NA,NA,NA,NA,Shelf,45-366,benthic,Modern
GCY_460,Witch,Pleuronectiformes,Pleuronectidae,Glyptocephalus_cynoglossus,NorthSea,GCY,NA,NA,NA,2010,Cefas-SA,2.58,43.7,0.2,12.94814815,789,NA,NA,NA,NA,-0.42,2.67,0.287623064,1.031022885,-19.35131136,NA,NA,/Users/trueman/Desktop/RNAscripts/OtoMet/Coldfish_data/ColdfishNAotolithNAFMRNAexploration.Rmd,NA,NA,NA,NA,NA,Shelf,45-366,benthic,Modern
GCY_463,Witch,Pleuronectiformes,Pleuronectidae,Glyptocephalus_cynoglossus,NorthSea,GCY,NA,NA,NA,2010,Cefas-SA,2.58,43.7,0.2,12.94814815,1027,NA,NA,NA,NA,-0.39,2.48,0.273583751,1.119105998,-19.35673806,NA,NA,/Users/trueman/Desktop/RNAscripts/OtoMet/Coldfish_data/ColdfishNAotolithNAFMRNAexploration.Rmd,NA,NA,NA,NA,NA,Shelf,45-366,benthic,Modern
HDA_610,bluemouth_redfish,Scorpaeniformes,Scorpaenidae,Helicolenus_dactylopterus,Irish_Slope,HDA,NA,NA,NA,2006,SU_Deep,1.92,37.2,0.1,11.02222222,132,NA,NA,NA,NA,-3.224157902,1.445585644,0.216929394,1.152465157,-18.51827818,NA,NA,/Users/trueman/Desktop/RNAscripts/OtoMet/Coldfish_data/ColdfishNAotolithNAFMRNAexploration.Rmd,NA,NA,NA,NA,NA,Upper slope,150-600,benthic,Modern
HDA_609,bluemouth_redfish,Scorpaeniformes,Scorpaenidae,Helicolenus_dactylopterus,Irish_Slope,HDA,NA,NA,NA,2006,SU_Deep,1.92,37.2,0.1,11.02222222,259,NA,NA,NA,NA,-3.409735368,1.609132824,0.216929394,1.152465157,-18.51827818,NA,NA,/Users/trueman/Desktop/RNAscripts/OtoMet/Coldfish_data/ColdfishNAotolithNAFMRNAexploration.Rmd,NA,NA,NA,NA,NA,Upper slope,150-600,benthic,Modern
HDA_608,bluemouth_redfish,Scorpaeniformes,Scorpaenidae,Helicolenus_dactylopterus,Irish_Slope,HDA,NA,NA,NA,2006,SU_Deep,1.92,37.2,0.1,11.02222222,356,NA,NA,NA,NA,-1.830109416,2.16895115,0.216929394,1.152465157,-18.51827818,NA,NA,/Users/trueman/Desktop/RNAscripts/OtoMet/Coldfish_data/ColdfishNAotolithNAFMRNAexploration.Rmd,NA,NA,NA,NA,NA,Upper slope,150-600,benthic,Modern
HDA_611,bluemouth_redfish,Scorpaeniformes,Scorpaenidae,Helicolenus_dactylopterus,Irish_Slope,HDA,NA,NA,NA,2009,SU_Deep,1.92,37.2,0.1,11.02222222,416,NA,NA,NA,NA,-2.585752859,2.243578513,0.213102946,1.118043129,-18.53257876,NA,NA,/Users/trueman/Desktop/RNAscripts/OtoMet/Coldfish_data/ColdfishNAotolithNAFMRNAexploration.Rmd,NA,NA,NA,NA,NA,Upper slope,150-600,benthic,Modern
HDA_612,bluemouth_redfish,Scorpaeniformes,Scorpaenidae,Helicolenus_dactylopterus,Irish_Slope,HDA,NA,NA,NA,2009,SU_Deep,1.92,37.2,0.1,11.02222222,416,NA,NA,NA,NA,-3.49,1.93,0.213102946,1.118043129,-18.53257876,NA,NA,/Users/trueman/Desktop/RNAscripts/OtoMet/Coldfish_data/ColdfishNAotolithNAFMRNAexploration.Rmd,NA,NA,NA,NA,NA,Upper slope,150-600,benthic,Modern
HDA_615,bluemouth_redfish,Scorpaeniformes,Scorpaenidae,Helicolenus_dactylopterus,Irish_Slope,HDA,NA,NA,NA,2009,SU_Deep,1.92,37.2,0.1,11.02222222,416,NA,NA,NA,NA,1.01,3.37,0.213102946,1.118043129,-18.53257876,NA,NA,/Users/trueman/Desktop/RNAscripts/OtoMet/Coldfish_data/ColdfishNAotolithNAFMRNAexploration.Rmd,NA,NA,NA,NA,NA,Upper slope,150-600,benthic,Modern
HDA_613,bluemouth_redfish,Scorpaeniformes,Scorpaenidae,Helicolenus_dactylopterus,Irish_Slope,HDA,NA,NA,NA,2009,SU_Deep,1.92,37.2,0.1,11.02222222,744,NA,NA,NA,NA,-2.083040505,2.228465007,0.213102946,1.118043129,-18.53257876,NA,NA,/Users/trueman/Desktop/RNAscripts/OtoMet/Coldfish_data/ColdfishNAotolithNAFMRNAexploration.Rmd,NA,NA,NA,NA,NA,Upper slope,150-600,benthic,Modern
HDA_614,bluemouth_redfish,Scorpaeniformes,Scorpaenidae,Helicolenus_dactylopterus,Irish_Slope,HDA,NA,NA,NA,2009,SU_Deep,1.92,37.2,0.1,11.02222222,744,NA,NA,NA,NA,-2.34,1.87,0.213102946,1.118043129,-18.53257876,NA,NA,/Users/trueman/Desktop/RNAscripts/OtoMet/Coldfish_data/ColdfishNAotolithNAFMRNAexploration.Rmd,NA,NA,NA,NA,NA,Upper slope,150-600,benthic,Modern
SWBA_022,Ballan,Labriformes,Labridae,Labrus_bergylta,Dorset,LB_Dorset,BlacknorNAPoint,NA,NA,2021,Lauren_Henley,2.32,45,0.1,13.33333333,1204.67,41.5,NA,NA,NA,-2.39600823,1.882520263,0,-1,-18.18,NA,NA,/Users/trueman/Desktop/RNAscripts/OtoMet/Lauren_wrasse,NA,NA,NA,NA,NA,Shelf,Jan-50,demersal,Modern
SWBA_021,Ballan,Labriformes,Labridae,Labrus_bergylta,Dorset,LB_Dorset,BlacknorNAPoint,NA,NA,2021,Lauren_Henley,2.32,45,0.1,13.33333333,1401.19,43.5,NA,NA,NA,-2.194030137,1.927457391,0,-1,-17.92,NA,NA,/Users/trueman/Desktop/RNAscripts/OtoMet/Lauren_wrasse,NA,NA,NA,NA,NA,Shelf,Jan-50,demersal,Modern
SCBA_029,Ballan,Labriformes,Labridae,Labrus_bergylta,Dorset,LB_Dorset,ChesilNAcoveNANTZ,NA,NA,2021,Lauren_Henley,2.32,45,0.1,13.33333333,145.83,21.5,NA,NA,NA,-4.815725881,1.412178317,0,-1,-18.79,NA,NA,/Users/trueman/Desktop/RNAscripts/OtoMet/Lauren_wrasse,NA,NA,NA,NA,NA,Shelf,Jan-50,demersal,Modern
SCBA_015,Ballan,Labriformes,Labridae,Labrus_bergylta,Dorset,LB_Dorset,ChesilNAcoveNANTZ,NA,NA,2021,Lauren_Henley,2.32,45,0.1,13.33333333,360.47,28.5,NA,NA,NA,-3.202915735,1.780662771,0,-1,-18.17,NA,NA,/Users/trueman/Desktop/RNAscripts/OtoMet/Lauren_wrasse,NA,NA,NA,NA,NA,Shelf,Jan-50,demersal,Modern
SCBA_009,Ballan,Labriformes,Labridae,Labrus_bergylta,Dorset,LB_Dorset,ChesilNAcoveNANTZ,NA,NA,2021,Lauren_Henley,2.32,45,0.1,13.33333333,497.08,31.5,NA,NA,NA,-3.116497248,1.658833223,0,-1,-18.32,NA,NA,/Users/trueman/Desktop/RNAscripts/OtoMet/Lauren_wrasse,NA,NA,NA,NA,NA,Shelf,Jan-50,demersal,Modern
SCBA_011,Ballan,Labriformes,Labridae,Labrus_bergylta,Dorset,LB_Dorset,ChesilNAcoveNANTZ,NA,NA,2021,Lauren_Henley,2.32,45,0.1,13.33333333,697.17,35,NA,NA,NA,-2.139767366,2.095222671,0,-1,-17.86,NA,NA,/Users/trueman/Desktop/RNAscripts/OtoMet/Lauren_wrasse,NA,NA,NA,NA,NA,Shelf,Jan-50,demersal,Modern
SEBA_003,Ballan,Labriformes,Labridae,Labrus_bergylta,Dorset,LB_Dorset,EastNAPortlandNANTZ,NA,NA,2021,Lauren_Henley,2.32,45,0.1,13.33333333,75.3,17.5,NA,NA,NA,-6.58,0.73,0,-1,-18.95,NA,NA,/Users/trueman/Desktop/RNAscripts/OtoMet/Lauren_wrasse,NA,NA,NA,NA,NA,Shelf,Jan-50,demersal,Modern
SEBA_007,Ballan,Labriformes,Labridae,Labrus_bergylta,Dorset,LB_Dorset,EastNAPortlandNANTZ,NA,NA,2021,Lauren_Henley,2.32,45,0.1,13.33333333,181.09,23,NA,NA,NA,-4.041978957,1.405188097,0,-1,-18.66,NA,NA,/Users/trueman/Desktop/RNAscripts/OtoMet/Lauren_wrasse,NA,NA,NA,NA,NA,Shelf,Jan-50,demersal,Modern
SEBA_014,Ballan,Labriformes,Labridae,Labrus_bergylta,Dorset,LB_Dorset,EastNAPortlandNANTZ,NA,NA,2021,Lauren_Henley,2.32,45,0.1,13.33333333,207.61,24,NA,NA,NA,-4.334395002,1.267380902,0,-1,-18.25,NA,NA,/Users/trueman/Desktop/RNAscripts/OtoMet/Lauren_wrasse,NA,NA,NA,NA,NA,Shelf,Jan-50,demersal,Modern
SEBA_006,Ballan,Labriformes,Labridae,Labrus_bergylta,Dorset,LB_Dorset,EastNAPortlandNANTZ,NA,NA,2021,Lauren_Henley,2.32,45,0.1,13.33333333,236.68,25,NA,NA,NA,-4.595660197,1.262387888,0,-1,-18.84,NA,NA,/Users/trueman/Desktop/RNAscripts/OtoMet/Lauren_wrasse,NA,NA,NA,NA,NA,Shelf,Jan-50,demersal,Modern
SEBA_009,Ballan,Labriformes,Labridae,Labrus_bergylta,Dorset,LB_Dorset,EastNAPortlandNANTZ,NA,NA,2021,Lauren_Henley,2.32,45,0.1,13.33333333,268.44,26,NA,NA,NA,-4.311283081,1.271375314,0,-1,-18.51,NA,NA,/Users/trueman/Desktop/RNAscripts/OtoMet/Lauren_wrasse,NA,NA,NA,NA,NA,Shelf,Jan-50,demersal,Modern
SEBA_011,Ballan,Labriformes,Labridae,Labrus_bergylta,Dorset,LB_Dorset,EastNAPortlandNANTZ,NA,NA,2021,Lauren_Henley,2.32,45,0.1,13.33333333,522.86,32,NA,NA,NA,-3.260193105,1.600914257,0,-1,-18.64,NA,NA,/Users/trueman/Desktop/RNAscripts/OtoMet/Lauren_wrasse,NA,NA,NA,NA,NA,Shelf,Jan-50,demersal,Modern
SPBA_029,Ballan,Labriformes,Labridae,Labrus_bergylta,Dorset,LB_Dorset,PortlandNABill,NA,NA,2021,Lauren_Henley,2.32,45,0.1,13.33333333,45.91,15,NA,NA,NA,-7.39,0.21,0,-1,-19.04,NA,NA,/Users/trueman/Desktop/RNAscripts/OtoMet/Lauren_wrasse,NA,NA,NA,NA,NA,Shelf,Jan-50,demersal,Modern
SPBA_001,Ballan,Labriformes,Labridae,Labrus_bergylta,Dorset,LB_Dorset,PortlandNABill,NA,NA,2021,Lauren_Henley,2.32,45,0.1,13.33333333,82.43,18,NA,NA,NA,-6.33,0.78,0,-1,-19.53,NA,NA,/Users/trueman/Desktop/RNAscripts/OtoMet/Lauren_wrasse,NA,NA,NA,NA,NA,Shelf,Jan-50,demersal,Modern
SPBA_031,Ballan,Labriformes,Labridae,Labrus_bergylta,Dorset,LB_Dorset,PortlandNABill,NA,NA,2021,Lauren_Henley,2.32,45,0.1,13.33333333,125.15,20.5,NA,NA,NA,-5.57,0.9,0,-1,-18.73,NA,NA,/Users/trueman/Desktop/RNAscripts/OtoMet/Lauren_wrasse,NA,NA,NA,NA,NA,Shelf,Jan-50,demersal,Modern
SPBA_013,Ballan,Labriformes,Labridae,Labrus_bergylta,Dorset,LB_Dorset,PortlandNABill,NA,NA,2021,Lauren_Henley,2.32,45,0.1,13.33333333,303.03,27,NA,NA,NA,-5.279974035,0.964804237,0,-1,-19.1,NA,NA,/Users/trueman/Desktop/RNAscripts/OtoMet/Lauren_wrasse,NA,NA,NA,NA,NA,Shelf,Jan-50,demersal,Modern
SPBA_019,Ballan,Labriformes,Labridae,Labrus_bergylta,Dorset,LB_Dorset,PortlandNABill,NA,NA,2021,Lauren_Henley,2.32,45,0.1,13.33333333,340.56,28,NA,NA,NA,-4.971480132,1.243414434,0,-1,-19.28,NA,NA,/Users/trueman/Desktop/RNAscripts/OtoMet/Lauren_wrasse,NA,NA,NA,NA,NA,Shelf,Jan-50,demersal,Modern
SPBA_007,Ballan,Labriformes,Labridae,Labrus_bergylta,Dorset,LB_Dorset,PortlandNABill,NA,NA,2021,Lauren_Henley,2.32,45,0.1,13.33333333,577.16,33,NA,NA,NA,-4.702176008,1.524021837,0,-1,-19.09,NA,NA,/Users/trueman/Desktop/RNAscripts/OtoMet/Lauren_wrasse,NA,NA,NA,NA,NA,Shelf,Jan-50,demersal,Modern
SPBA_045,Ballan,Labriformes,Labridae,Labrus_bergylta,Dorset,LB_Dorset,PortlandNABill,NA,NA,2021,Lauren_Henley,2.32,45,0.1,13.33333333,1300.37,42.5,NA,NA,NA,-2.362847647,1.878525851,0,-1,-19.27,NA,NA,/Users/trueman/Desktop/RNAscripts/OtoMet/Lauren_wrasse,NA,NA,NA,NA,NA,Shelf,Jan-50,demersal,Modern
SPBA_042,Ballan,Labriformes,Labridae,Labrus_bergylta,Dorset,LB_Dorset,PortlandNABill,NA,NA,2021,Lauren_Henley,2.32,45,0.1,13.33333333,1350.13,43,NA,NA,NA,-3.02,1.62,0,-1,-18.88,NA,NA,/Users/trueman/Desktop/RNAscripts/OtoMet/Lauren_wrasse,NA,NA,NA,NA,NA,Shelf,Jan-50,demersal,Modern
SPBA_044,Ballan,Labriformes,Labridae,Labrus_bergylta,Dorset,LB_Dorset,PortlandNABill,NA,NA,2021,Lauren_Henley,2.32,45,0.1,13.33333333,1922.03,48,NA,NA,NA,-2.757760038,2.022324663,0,-1,-19.24,NA,NA,/Users/trueman/Desktop/RNAscripts/OtoMet/Lauren_wrasse,NA,NA,NA,NA,NA,Shelf,Jan-50,demersal,Modern
RIBA_009,Ballan,Labriformes,Labridae,Labrus_bergylta,Dorset,LB_Dorset,Ringstead,NA,NA,2021,Lauren_Henley,2.32,45,0.1,13.33333333,12.49,10,NA,NA,NA,-7.4,0.25,0,-1,-19.77,NA,NA,/Users/trueman/Desktop/RNAscripts/OtoMet/Lauren_wrasse,NA,NA,NA,NA,NA,Shelf,Jan-50,demersal,Modern
RIBA_014,Ballan,Labriformes,Labridae,Labrus_bergylta,Dorset,LB_Dorset,Ringstead,NA,NA,2021,Lauren_Henley,2.32,45,0.1,13.33333333,12.49,10,NA,NA,NA,-6.99,0.89,0,-1,-19.1,NA,NA,/Users/trueman/Desktop/RNAscripts/OtoMet/Lauren_wrasse,NA,NA,NA,NA,NA,Shelf,Jan-50,demersal,Modern
RIBA_017,Ballan,Labriformes,Labridae,Labrus_bergylta,Dorset,LB_Dorset,Ringstead,NA,NA,2021,Lauren_Henley,2.32,45,0.1,13.33333333,16.96,11,NA,NA,NA,-8.21,0.74,0,-1,-22.09,NA,NA,/Users/trueman/Desktop/RNAscripts/OtoMet/Lauren_wrasse,NA,NA,NA,NA,NA,Shelf,Jan-50,demersal,Modern
RIBA_012,Ballan,Labriformes,Labridae,Labrus_bergylta,Dorset,LB_Dorset,Ringstead,NA,NA,2021,Lauren_Henley,2.32,45,0.1,13.33333333,22.42,12,NA,NA,NA,-7.44,0.64,0,-1,-20.47,NA,NA,/Users/trueman/Desktop/RNAscripts/OtoMet/Lauren_wrasse,NA,NA,NA,NA,NA,Shelf,Jan-50,demersal,Modern
RIBA_002,Ballan,Labriformes,Labridae,Labrus_bergylta,Dorset,LB_Dorset,Ringstead,NA,NA,2021,Lauren_Henley,2.32,45,0.1,13.33333333,29,13,NA,NA,NA,-7.1,0.78,0,-1,-20.34,NA,NA,/Users/trueman/Desktop/RNAscripts/OtoMet/Lauren_wrasse,NA,NA,NA,NA,NA,Shelf,Jan-50,demersal,Modern
RIBA_005,Ballan,Labriformes,Labridae,Labrus_bergylta,Dorset,LB_Dorset,Ringstead,NA,NA,2021,Lauren_Henley,2.32,45,0.1,13.33333333,29,13,NA,NA,NA,-6.54170406,1.003552198,0,-1,-20.3,NA,NA,/Users/trueman/Desktop/RNAscripts/OtoMet/Lauren_wrasse,NA,NA,NA,NA,NA,Shelf,Jan-50,demersal,Modern
RIBA_013,Ballan,Labriformes,Labridae,Labrus_bergylta,Dorset,LB_Dorset,Ringstead,NA,NA,2021,Lauren_Henley,2.32,45,0.1,13.33333333,29,13,NA,NA,NA,-7.2,0.46,0,-1,-19.25,NA,NA,/Users/trueman/Desktop/RNAscripts/OtoMet/Lauren_wrasse,NA,NA,NA,NA,NA,Shelf,Jan-50,demersal,Modern
RIBA_015,Ballan,Labriformes,Labridae,Labrus_bergylta,Dorset,LB_Dorset,Ringstead,NA,NA,2021,Lauren_Henley,2.32,45,0.1,13.33333333,29,13,NA,NA,NA,-6.388885538,1.060571326,0,-1,-21.39,NA,NA,/Users/trueman/Desktop/RNAscripts/OtoMet/Lauren_wrasse,NA,NA,NA,NA,NA,Shelf,Jan-50,demersal,Modern
RIBA_016,Ballan,Labriformes,Labridae,Labrus_bergylta,Dorset,LB_Dorset,Ringstead,NA,NA,2021,Lauren_Henley,2.32,45,0.1,13.33333333,29,13,NA,NA,NA,-6.61,0.66,0,-1,-19.54,NA,NA,/Users/trueman/Desktop/RNAscripts/OtoMet/Lauren_wrasse,NA,NA,NA,NA,NA,Shelf,Jan-50,demersal,Modern
RIBA_008,Ballan,Labriformes,Labridae,Labrus_bergylta,Dorset,LB_Dorset,Ringstead,NA,NA,2021,Lauren_Henley,2.32,45,0.1,13.33333333,32.73,13.5,NA,NA,NA,-7.27,0.91,0,-1,-20.36,NA,NA,/Users/trueman/Desktop/RNAscripts/OtoMet/Lauren_wrasse,NA,NA,NA,NA,NA,Shelf,Jan-50,demersal,Modern
RIBA_001,Ballan,Labriformes,Labridae,Labrus_bergylta,Dorset,LB_Dorset,Ringstead,NA,NA,2021,Lauren_Henley,2.32,45,0.1,13.33333333,36.79,14,NA,NA,NA,-6.09,1.04,0,-1,-19.64,NA,NA,/Users/trueman/Desktop/RNAscripts/OtoMet/Lauren_wrasse,NA,NA,NA,NA,NA,Shelf,Jan-50,demersal,Modern
RIBA_004,Ballan,Labriformes,Labridae,Labrus_bergylta,Dorset,LB_Dorset,Ringstead,NA,NA,2021,Lauren_Henley,2.32,45,0.1,13.33333333,36.79,14,NA,NA,NA,-6.32,0.99,0,-1,-20.24,NA,NA,/Users/trueman/Desktop/RNAscripts/OtoMet/Lauren_wrasse,NA,NA,NA,NA,NA,Shelf,Jan-50,demersal,Modern
RIBA_006,Ballan,Labriformes,Labridae,Labrus_bergylta,Dorset,LB_Dorset,Ringstead,NA,NA,2021,Lauren_Henley,2.32,45,0.1,13.33333333,36.79,14,NA,NA,NA,-6.899621122,0.861504547,0,-1,-20.55,NA,NA,/Users/trueman/Desktop/RNAscripts/OtoMet/Lauren_wrasse,NA,NA,NA,NA,NA,Shelf,Jan-50,demersal,Modern
RIBA_011,Ballan,Labriformes,Labridae,Labrus_bergylta,Dorset,LB_Dorset,Ringstead,NA,NA,2021,Lauren_Henley,2.32,45,0.1,13.33333333,36.79,14,NA,NA,NA,-6.510537124,0.755468977,0,-1,-18.69,NA,NA,/Users/trueman/Desktop/RNAscripts/OtoMet/Lauren_wrasse,NA,NA,NA,NA,NA,Shelf,Jan-50,demersal,Modern
RIBA_007,Ballan,Labriformes,Labridae,Labrus_bergylta,Dorset,LB_Dorset,Ringstead,NA,NA,2021,Lauren_Henley,2.32,45,0.1,13.33333333,41.17,14.5,NA,NA,NA,-6.97,0.97,0,-1,-19.96,NA,NA,/Users/trueman/Desktop/RNAscripts/OtoMet/Lauren_wrasse,NA,NA,NA,NA,NA,Shelf,Jan-50,demersal,Modern
RIBA_024,Ballan,Labriformes,Labridae,Labrus_bergylta,Dorset,LB_Dorset,Ringstead,NA,NA,2021,Lauren_Henley,2.32,45,0.1,13.33333333,56.48,16,NA,NA,NA,-6.35,0.78,0,-1,-19.08,NA,NA,/Users/trueman/Desktop/RNAscripts/OtoMet/Lauren_wrasse,NA,NA,NA,NA,NA,Shelf,Jan-50,demersal,Modern
RIBA_029,Ballan,Labriformes,Labridae,Labrus_bergylta,Dorset,LB_Dorset,Ringstead,NA,NA,2021,Lauren_Henley,2.32,45,0.1,13.33333333,68.61,17,NA,NA,NA,-5.13,1.26,0,-1,-19.1,NA,NA,/Users/trueman/Desktop/RNAscripts/OtoMet/Lauren_wrasse,NA,NA,NA,NA,NA,Shelf,Jan-50,demersal,Modern
RIBA_022,Ballan,Labriformes,Labridae,Labrus_bergylta,Dorset,LB_Dorset,Ringstead,NA,NA,2021,Lauren_Henley,2.32,45,0.1,13.33333333,90.01,18.5,NA,NA,NA,-5.28,1.33,0,-1,-19.94,NA,NA,/Users/trueman/Desktop/RNAscripts/OtoMet/Lauren_wrasse,NA,NA,NA,NA,NA,Shelf,Jan-50,demersal,Modern
RIBA_018,Ballan,Labriformes,Labridae,Labrus_bergylta,Dorset,LB_Dorset,Ringstead,NA,NA,2021,Lauren_Henley,2.32,45,0.1,13.33333333,98.06,19,NA,NA,NA,-4.31,1.31,0,-1,-18.5,NA,NA,/Users/trueman/Desktop/RNAscripts/OtoMet/Lauren_wrasse,NA,NA,NA,NA,NA,Shelf,Jan-50,demersal,Modern
RIBA_030,Ballan,Labriformes,Labridae,Labrus_bergylta,Dorset,LB_Dorset,Ringstead,NA,NA,2021,Lauren_Henley,2.32,45,0.1,13.33333333,98.06,19,NA,NA,NA,-5.9,1.25,0,-1,-19.66,NA,NA,/Users/trueman/Desktop/RNAscripts/OtoMet/Lauren_wrasse,NA,NA,NA,NA,NA,Shelf,Jan-50,demersal,Modern
RIBA_031,Ballan,Labriformes,Labridae,Labrus_bergylta,Dorset,LB_Dorset,Ringstead,NA,NA,2021,Lauren_Henley,2.32,45,0.1,13.33333333,115.62,20,NA,NA,NA,-5.87,1.18,0,-1,-20.06,NA,NA,/Users/trueman/Desktop/RNAscripts/OtoMet/Lauren_wrasse,NA,NA,NA,NA,NA,Shelf,Jan-50,demersal,Modern
RIBA_032,Ballan,Labriformes,Labridae,Labrus_bergylta,Dorset,LB_Dorset,Ringstead,NA,NA,2021,Lauren_Henley,2.32,45,0.1,13.33333333,115.62,20,NA,NA,NA,-5.47,1.32,0,-1,-20.06,NA,NA,/Users/trueman/Desktop/RNAscripts/OtoMet/Lauren_wrasse,NA,NA,NA,NA,NA,Shelf,Jan-50,demersal,Modern
RIBA_026,Ballan,Labriformes,Labridae,Labrus_bergylta,Dorset,LB_Dorset,Ringstead,NA,NA,2021,Lauren_Henley,2.32,45,0.1,13.33333333,135.22,21,NA,NA,NA,-5.46,0.97,0,-1,-20.43,NA,NA,/Users/trueman/Desktop/RNAscripts/OtoMet/Lauren_wrasse,NA,NA,NA,NA,NA,Shelf,Jan-50,demersal,Modern
RIBA_021,Ballan,Labriformes,Labridae,Labrus_bergylta,Dorset,LB_Dorset,Ringstead,NA,NA,2021,Lauren_Henley,2.32,45,0.1,13.33333333,157.01,22,NA,NA,NA,-5.17,1.39,0,-1,-19.68,NA,NA,/Users/trueman/Desktop/RNAscripts/OtoMet/Lauren_wrasse,NA,NA,NA,NA,NA,Shelf,Jan-50,demersal,Modern
RIBA_028,Ballan,Labriformes,Labridae,Labrus_bergylta,Dorset,LB_Dorset,Ringstead,NA,NA,2021,Lauren_Henley,2.32,45,0.1,13.33333333,157.01,22,NA,NA,NA,-5.08,1.36,0,-1,-20.05,NA,NA,/Users/trueman/Desktop/RNAscripts/OtoMet/Lauren_wrasse,NA,NA,NA,NA,NA,Shelf,Jan-50,demersal,Modern
RIBA_034,Ballan,Labriformes,Labridae,Labrus_bergylta,Dorset,LB_Dorset,Ringstead,NA,NA,2021,Lauren_Henley,2.32,45,0.1,13.33333333,168.75,22.5,NA,NA,NA,-4.82878914,1.418169934,0,-1,-19.28,NA,NA,/Users/trueman/Desktop/RNAscripts/OtoMet/Lauren_wrasse,NA,NA,NA,NA,NA,Shelf,Jan-50,demersal,Modern
RIBA_020,Ballan,Labriformes,Labridae,Labrus_bergylta,Dorset,LB_Dorset,Ringstead,NA,NA,2021,Lauren_Henley,2.32,45,0.1,13.33333333,340.56,28,NA,NA,NA,-4.08,1.54,0,-1,-19.2,NA,NA,/Users/trueman/Desktop/RNAscripts/OtoMet/Lauren_wrasse,NA,NA,NA,NA,NA,Shelf,Jan-50,demersal,Modern
RIBA_023,Ballan,Labriformes,Labridae,Labrus_bergylta,Dorset,LB_Dorset,Ringstead,NA,NA,2021,Lauren_Henley,2.32,45,0.1,13.33333333,381.17,29,NA,NA,NA,-4.69,1.32,0,-1,-19.57,NA,NA,/Users/trueman/Desktop/RNAscripts/OtoMet/Lauren_wrasse,NA,NA,NA,NA,NA,Shelf,Jan-50,demersal,Modern
RIBA_027,Ballan,Labriformes,Labridae,Labrus_bergylta,Dorset,LB_Dorset,Ringstead,NA,NA,2021,Lauren_Henley,2.32,45,0.1,13.33333333,425,30,NA,NA,NA,-4.07,1.46,0,-1,-19.22,NA,NA,/Users/trueman/Desktop/RNAscripts/OtoMet/Lauren_wrasse,NA,NA,NA,NA,NA,Shelf,Jan-50,demersal,Modern
RIBA_019,Ballan,Labriformes,Labridae,Labrus_bergylta,Dorset,LB_Dorset,Ringstead,NA,NA,2021,Lauren_Henley,2.32,45,0.1,13.33333333,472.19,31,NA,NA,NA,-3.89,1.67,0,-1,-19.34,NA,NA,/Users/trueman/Desktop/RNAscripts/OtoMet/Lauren_wrasse,NA,NA,NA,NA,NA,Shelf,Jan-50,demersal,Modern
SWBA_017,Ballan,Labriformes,Labridae,Labrus_bergylta,Dorset,LB_Dorset,WestNASideNAofNAPortlandNA-NANoNApotNAzone,NA,NA,2021,Lauren_Henley,2.32,45,0.1,13.33333333,62.34,16.5,NA,NA,NA,-5.2,1.1,0,-1,-19.25,NA,NA,/Users/trueman/Desktop/RNAscripts/OtoMet/Lauren_wrasse,NA,NA,NA,NA,NA,Shelf,Jan-50,demersal,Modern
SWBA_001,Ballan,Labriformes,Labridae,Labrus_bergylta,Dorset,LB_Dorset,WestNASideNAofNAPortlandNA-NANoNApotNAzone,NA,NA,2021,Lauren_Henley,2.32,45,0.1,13.33333333,285.37,26.5,NA,NA,NA,-3.838995998,1.484077723,0,-1,-18.34,NA,NA,/Users/trueman/Desktop/RNAscripts/OtoMet/Lauren_wrasse,NA,NA,NA,NA,NA,Shelf,Jan-50,demersal,Modern
SWBA_019,Ballan,Labriformes,Labridae,Labrus_bergylta,Dorset,LB_Dorset,WestNASideNAofNAPortlandNA-NANoNApotNAzone,NA,NA,2021,Lauren_Henley,2.32,45,0.1,13.33333333,665.7,34.5,NA,NA,NA,-2.499509442,1.760690714,0,-1,-18.78,NA,NA,/Users/trueman/Desktop/RNAscripts/OtoMet/Lauren_wrasse,NA,NA,NA,NA,NA,Shelf,Jan-50,demersal,Modern
RICK_011,Cuckoo,Labriformes,Labridae,Labrus_mixtus,Dorset,LM_Dorset,Ringstead,NA,NA,2021,Lauren_Henley,2.23,42.9,0.1,12.71111111,16.24148663,12,NA,NA,NA,-5.47,0.63,0,-1,-18.41,NA,NA,/Users/trueman/Desktop/RNAscripts/OtoMet/Lauren_wrasse,NA,NA,NA,NA,NA,Shelf,40-80,demersal,Modern
RICK_012,Cuckoo,Labriformes,Labridae,Labrus_mixtus,Dorset,LM_Dorset,Ringstead,NA,NA,2021,Lauren_Henley,2.23,42.9,0.1,12.71111111,16.24148663,12,NA,NA,NA,-5.45,0.92,0,-1,-18.55,NA,NA,/Users/trueman/Desktop/RNAscripts/OtoMet/Lauren_wrasse,NA,NA,NA,NA,NA,Shelf,40-80,demersal,Modern
RICK_013,Cuckoo,Labriformes,Labridae,Labrus_mixtus,Dorset,LM_Dorset,Ringstead,NA,NA,2021,Lauren_Henley,2.23,42.9,0.1,12.71111111,16.24148663,12,NA,NA,NA,-5.30208109,0.843973291,0,-1,-18.98,NA,NA,/Users/trueman/Desktop/RNAscripts/OtoMet/Lauren_wrasse,NA,NA,NA,NA,NA,Shelf,40-80,demersal,Modern
RICK_014,Cuckoo,Labriformes,Labridae,Labrus_mixtus,Dorset,LM_Dorset,Ringstead,NA,NA,2021,Lauren_Henley,2.23,42.9,0.1,12.71111111,16.24148663,12,NA,NA,NA,-5.71,0.94,0,-1,-18.78,NA,NA,/Users/trueman/Desktop/RNAscripts/OtoMet/Lauren_wrasse,NA,NA,NA,NA,NA,Shelf,40-80,demersal,Modern
RICK_002,Cuckoo,Labriformes,Labridae,Labrus_mixtus,Dorset,LM_Dorset,Ringstead,NA,NA,2021,Lauren_Henley,2.23,42.9,0.1,12.71111111,21.07374268,13,NA,NA,NA,-5.07,0.79,0,-1,-18.78,NA,NA,/Users/trueman/Desktop/RNAscripts/OtoMet/Lauren_wrasse,NA,NA,NA,NA,NA,Shelf,40-80,demersal,Modern
RICK_010,Cuckoo,Labriformes,Labridae,Labrus_mixtus,Dorset,LM_Dorset,Ringstead,NA,NA,2021,Lauren_Henley,2.23,42.9,0.1,12.71111111,21.07374268,13,NA,NA,NA,-4.78,1.07,0,-1,-18.34,NA,NA,/Users/trueman/Desktop/RNAscripts/OtoMet/Lauren_wrasse,NA,NA,NA,NA,NA,Shelf,40-80,demersal,Modern
RICK_007,Cuckoo,Labriformes,Labridae,Labrus_mixtus,Dorset,LM_Dorset,Ringstead,NA,NA,2021,Lauren_Henley,2.23,42.9,0.1,12.71111111,41.41678923,16,NA,NA,NA,-4.43,1.36,0,-1,-18.5,NA,NA,/Users/trueman/Desktop/RNAscripts/OtoMet/Lauren_wrasse,NA,NA,NA,NA,NA,Shelf,40-80,demersal,Modern
RICK_009,Cuckoo,Labriformes,Labridae,Labrus_mixtus,Dorset,LM_Dorset,Ringstead,NA,NA,2021,Lauren_Henley,2.23,42.9,0.1,12.71111111,60.76125507,18,NA,NA,NA,-4,1.38,0,-1,-18.05,NA,NA,/Users/trueman/Desktop/RNAscripts/OtoMet/Lauren_wrasse,NA,NA,NA,NA,NA,Shelf,40-80,demersal,Modern
RICK_006,Cuckoo,Labriformes,Labridae,Labrus_mixtus,Dorset,LM_Dorset,Ringstead,NA,NA,2021,Lauren_Henley,2.23,42.9,0.1,12.71111111,72.44930469,19,NA,NA,NA,-3.09,1.59,0,-1,-18.21,NA,NA,/Users/trueman/Desktop/RNAscripts/OtoMet/Lauren_wrasse,NA,NA,NA,NA,NA,Shelf,40-80,demersal,Modern
RICK_005,Cuckoo,Labriformes,Labridae,Labrus_mixtus,Dorset,LM_Dorset,Ringstead,NA,NA,2021,Lauren_Henley,2.23,42.9,0.1,12.71111111,85.60943094,20,NA,NA,NA,-3.3,1.65,0,-1,-18.77,NA,NA,/Users/trueman/Desktop/RNAscripts/OtoMet/Lauren_wrasse,NA,NA,NA,NA,NA,Shelf,40-80,demersal,Modern
RICK_008,Cuckoo,Labriformes,Labridae,Labrus_mixtus,Dorset,LM_Dorset,Ringstead,NA,NA,2021,Lauren_Henley,2.23,42.9,0.1,12.71111111,85.60943094,20,NA,NA,NA,-3.38,1.64,0,-1,-18.5,NA,NA,/Users/trueman/Desktop/RNAscripts/OtoMet/Lauren_wrasse,NA,NA,NA,NA,NA,Shelf,40-80,demersal,Modern
RICK_001,Cuckoo,Labriformes,Labridae,Labrus_mixtus,Dorset,LM_Dorset,Ringstead,NA,NA,2021,Lauren_Henley,2.23,42.9,0.1,12.71111111,100.3394207,21,NA,NA,NA,-4.3,1.6,0,-1,-18.65,NA,NA,/Users/trueman/Desktop/RNAscripts/OtoMet/Lauren_wrasse,NA,NA,NA,NA,NA,Shelf,40-80,demersal,Modern
RICK_004,Cuckoo,Labriformes,Labridae,Labrus_mixtus,Dorset,LM_Dorset,Ringstead,NA,NA,2021,Lauren_Henley,2.23,42.9,0.1,12.71111111,154.9449353,24,NA,NA,NA,-3.07,1.61,0,-1,-18.21,NA,NA,/Users/trueman/Desktop/RNAscripts/OtoMet/Lauren_wrasse,NA,NA,NA,NA,NA,Shelf,40-80,demersal,Modern
RICK_003,Cuckoo,Labriformes,Labridae,Labrus_mixtus,Dorset,LM_Dorset,Ringstead,NA,NA,2021,Lauren_Henley,2.23,42.9,0.1,12.71111111,176.9566111,25,NA,NA,NA,-2.83,1.68,0,-1,-18.46,NA,NA,/Users/trueman/Desktop/RNAscripts/OtoMet/Lauren_wrasse,NA,NA,NA,NA,NA,Shelf,40-80,demersal,Modern
LEQ_715,North_Atlantic_codling,Gadiformes,Moridae,Lepidion_eques,Irish_Slope,LEQ,NA,NA,NA,2006,SU_Deep,2.42,42,0.2,12.44444444,80,NA,NA,NA,NA,-1.139906417,2.324803308,0.055448863,1.154764415,-18.9886851,NA,NA,/Users/trueman/Desktop/RNAscripts/OtoMet/Coldfish_data/ColdfishNAotolithNAFMRNAexploration.Rmd,NA,NA,NA,NA,NA,Upper slope,200-1400,demersal,Modern
LEQ_718,North_Atlantic_codling,Gadiformes,Moridae,Lepidion_eques,Irish_Slope,LEQ,NA,NA,NA,2006,SU_Deep,2.42,42,0.2,12.44444444,80,NA,NA,NA,NA,-1.432096149,2.22924252,0.055448863,1.154764415,-18.9886851,NA,NA,/Users/trueman/Desktop/RNAscripts/OtoMet/Coldfish_data/ColdfishNAotolithNAFMRNAexploration.Rmd,NA,NA,NA,NA,NA,Upper slope,200-1400,demersal,Modern
LEQ_707,North_Atlantic_codling,Gadiformes,Moridae,Lepidion_eques,Irish_Slope,LEQ,NA,NA,NA,2006,SU_Deep,2.42,42,0.2,12.44444444,119,NA,NA,NA,NA,-0.21533549,2.13846088,0.055448863,1.149181685,-18.99195808,NA,NA,/Users/trueman/Desktop/RNAscripts/OtoMet/Coldfish_data/ColdfishNAotolithNAFMRNAexploration.Rmd,NA,NA,NA,NA,NA,Upper slope,200-1400,demersal,Modern
LEQ_722,North_Atlantic_codling,Gadiformes,Moridae,Lepidion_eques,Irish_Slope,LEQ,NA,NA,NA,2006,SU_Deep,2.42,42,0.2,12.44444444,119,NA,NA,NA,NA,-0.215,2.138,0.055448863,1.154764415,-18.9886851,NA,NA,/Users/trueman/Desktop/RNAscripts/OtoMet/Coldfish_data/ColdfishNAotolithNAFMRNAexploration.Rmd,NA,NA,NA,NA,NA,Upper slope,200-1400,demersal,Modern
LEQ_706,North_Atlantic_codling,Gadiformes,Moridae,Lepidion_eques,Irish_Slope,LEQ,NA,NA,NA,2006,SU_Deep,2.42,42,0.2,12.44444444,135,NA,NA,NA,NA,0.393,2.152,0.055448863,1.149181685,-18.99195808,NA,NA,/Users/trueman/Desktop/RNAscripts/OtoMet/Coldfish_data/ColdfishNAotolithNAFMRNAexploration.Rmd,NA,NA,NA,NA,NA,Upper slope,200-1400,demersal,Modern
LEQ_720,North_Atlantic_codling,Gadiformes,Moridae,Lepidion_eques,Irish_Slope,LEQ,NA,NA,NA,2006,SU_Deep,2.42,42,0.2,12.44444444,135,NA,NA,NA,NA,-0.396242967,2.527869982,0.055448863,1.154764415,-18.9886851,NA,NA,/Users/trueman/Desktop/RNAscripts/OtoMet/Coldfish_data/ColdfishNAotolithNAFMRNAexploration.Rmd,NA,NA,NA,NA,NA,Upper slope,200-1400,demersal,Modern
LEQ_723,North_Atlantic_codling,Gadiformes,Moridae,Lepidion_eques,Irish_Slope,LEQ,NA,NA,NA,2006,SU_Deep,2.42,42,0.2,12.44444444,135,NA,NA,NA,NA,-0.393,2.152,0.055448863,1.154764415,-18.9886851,NA,NA,/Users/trueman/Desktop/RNAscripts/OtoMet/Coldfish_data/ColdfishNAotolithNAFMRNAexploration.Rmd,NA,NA,NA,NA,NA,Upper slope,200-1400,demersal,Modern
LEQ_714,North_Atlantic_codling,Gadiformes,Moridae,Lepidion_eques,Irish_Slope,LEQ,NA,NA,NA,2006,SU_Deep,2.42,42,0.2,12.44444444,152,NA,NA,NA,NA,-0.021874872,2.484071288,0.055448863,1.154764415,-18.9886851,NA,NA,/Users/trueman/Desktop/RNAscripts/OtoMet/Coldfish_data/ColdfishNAotolithNAFMRNAexploration.Rmd,NA,NA,NA,NA,NA,Upper slope,200-1400,demersal,Modern
LEQ_705,North_Atlantic_codling,Gadiformes,Moridae,Lepidion_eques,Irish_Slope,LEQ,NA,NA,NA,2006,SU_Deep,2.42,42,0.2,12.44444444,153,NA,NA,NA,NA,-0.763954734,1.729070328,0.055448863,1.149181685,-18.99195808,NA,NA,/Users/trueman/Desktop/RNAscripts/OtoMet/Coldfish_data/ColdfishNAotolithNAFMRNAexploration.Rmd,NA,NA,NA,NA,NA,Upper slope,200-1400,demersal,Modern
LEQ_710,North_Atlantic_codling,Gadiformes,Moridae,Lepidion_eques,Irish_Slope,LEQ,NA,NA,NA,2009,SU_Deep,2.42,42,0.2,12.44444444,171,NA,NA,NA,NA,-0.30398466,2.24183717,0.160701348,1.118008977,-18.99210036,NA,NA,/Users/trueman/Desktop/RNAscripts/OtoMet/Coldfish_data/ColdfishNAotolithNAFMRNAexploration.Rmd,NA,NA,NA,NA,NA,Upper slope,200-1400,demersal,Modern
LEQ_716,North_Atlantic_codling,Gadiformes,Moridae,Lepidion_eques,Irish_Slope,LEQ,NA,NA,NA,2006,SU_Deep,2.42,42,0.2,12.44444444,171,NA,NA,NA,NA,-1.194691991,2.215306572,0.055448863,1.154764415,-18.9886851,NA,NA,/Users/trueman/Desktop/RNAscripts/OtoMet/Coldfish_data/ColdfishNAotolithNAFMRNAexploration.Rmd,NA,NA,NA,NA,NA,Upper slope,200-1400,demersal,Modern
LEQ_719,North_Atlantic_codling,Gadiformes,Moridae,Lepidion_eques,Irish_Slope,LEQ,NA,NA,NA,2006,SU_Deep,2.42,42,0.2,12.44444444,171,NA,NA,NA,NA,-0.855833066,2.422354946,0.055448863,1.154764415,-18.9886851,NA,NA,/Users/trueman/Desktop/RNAscripts/OtoMet/Coldfish_data/ColdfishNAotolithNAFMRNAexploration.Rmd,NA,NA,NA,NA,NA,Upper slope,200-1400,demersal,Modern
LEQ_721,North_Atlantic_codling,Gadiformes,Moridae,Lepidion_eques,Irish_Slope,LEQ,NA,NA,NA,1979,SU_Deep,2.42,42,0.2,12.44444444,181,NA,NA,NA,NA,-0.102024139,2.683156263,0.176100402,1.482533405,-18.47416955,NA,NA,/Users/trueman/Desktop/RNAscripts/OtoMet/Coldfish_data/ColdfishNAotolithNAFMRNAexploration.Rmd,NA,NA,NA,NA,NA,Upper slope,200-1400,demersal,Modern
LEQ_709,North_Atlantic_codling,Gadiformes,Moridae,Lepidion_eques,Irish_Slope,LEQ,NA,NA,NA,2009,SU_Deep,2.42,42,0.2,12.44444444,192,NA,NA,NA,NA,-0.424923932,2.415101885,0.160701348,1.118008977,-18.99210036,NA,NA,/Users/trueman/Desktop/RNAscripts/OtoMet/Coldfish_data/ColdfishNAotolithNAFMRNAexploration.Rmd,NA,NA,NA,NA,NA,Upper slope,200-1400,demersal,Modern
LEQ_711,North_Atlantic_codling,Gadiformes,Moridae,Lepidion_eques,Irish_Slope,LEQ,NA,NA,NA,2009,SU_Deep,2.42,42,0.2,12.44444444,192,NA,NA,NA,NA,-1.25,1.76,0.160701348,1.118008977,-18.99210036,NA,NA,/Users/trueman/Desktop/RNAscripts/OtoMet/Coldfish_data/ColdfishNAotolithNAFMRNAexploration.Rmd,NA,NA,NA,NA,NA,Upper slope,200-1400,demersal,Modern
LEQ_708,North_Atlantic_codling,Gadiformes,Moridae,Lepidion_eques,Irish_Slope,LEQ,NA,NA,NA,2006,SU_Deep,2.42,42,0.2,12.44444444,214,NA,NA,NA,NA,-0.339,2.266,0.055448863,1.149181685,-18.99195808,NA,NA,/Users/trueman/Desktop/RNAscripts/OtoMet/Coldfish_data/ColdfishNAotolithNAFMRNAexploration.Rmd,NA,NA,NA,NA,NA,Upper slope,200-1400,demersal,Modern
LEQ_717,North_Atlantic_codling,Gadiformes,Moridae,Lepidion_eques,Irish_Slope,LEQ,NA,NA,NA,2006,SU_Deep,2.42,42,0.2,12.44444444,214,NA,NA,NA,NA,-0.672199936,2.482080438,0.055448863,1.154764415,-18.9886851,NA,NA,/Users/trueman/Desktop/RNAscripts/OtoMet/Coldfish_data/ColdfishNAotolithNAFMRNAexploration.Rmd,NA,NA,NA,NA,NA,Upper slope,200-1400,demersal,Modern
LEQ_713,North_Atlantic_codling,Gadiformes,Moridae,Lepidion_eques,Irish_Slope,LEQ,NA,NA,NA,2009,SU_Deep,2.42,42,0.2,12.44444444,386,NA,NA,NA,NA,-0.58,1.55,0.158067793,1.140704073,-18.99461689,NA,NA,/Users/trueman/Desktop/RNAscripts/OtoMet/Coldfish_data/ColdfishNAotolithNAFMRNAexploration.Rmd,NA,NA,NA,NA,NA,Upper slope,200-1400,demersal,Modern
LEQ_712,North_Atlantic_codling,Gadiformes,Moridae,Lepidion_eques,Irish_Slope,LEQ,NA,NA,NA,2009,SU_Deep,2.42,42,0.2,12.44444444,422,NA,NA,NA,NA,-0.475876329,2.23254149,0.158067793,1.140704073,-18.99461689,NA,NA,/Users/trueman/Desktop/RNAscripts/OtoMet/Coldfish_data/ColdfishNAotolithNAFMRNAexploration.Rmd,NA,NA,NA,NA,NA,Upper slope,200-1400,demersal,Modern
LWH_772,Megrim,Pleuronectiformes,Scophthalmidae,Lepidorhombus_whiffiagonis,Celtic_Sea,LWH,NA,NA,NA,1999,Cefas-SA,2.68,50.4,0.2,14.93333333,431,NA,NA,NA,NA,-1.42,1.8,0.151327235,1.201773389,-19.14843789,NA,NA,/Users/trueman/Desktop/RNAscripts/OtoMet/Coldfish_data/ColdfishNAotolithNAFMRNAexploration.Rmd,NA,NA,NA,NA,NA,Upper slope,100-700,benthic,Modern
LWH_773,Megrim,Pleuronectiformes,Scophthalmidae,Lepidorhombus_whiffiagonis,Celtic_Sea,LWH,NA,NA,NA,1999,Cefas-SA,2.68,50.4,0.2,14.93333333,431,NA,NA,NA,NA,-0.95,1.78,0.151327235,1.201773389,-19.14843789,NA,NA,/Users/trueman/Desktop/RNAscripts/OtoMet/Coldfish_data/ColdfishNAotolithNAFMRNAexploration.Rmd,NA,NA,NA,NA,NA,Upper slope,100-700,benthic,Modern
LWH_774,Megrim,Pleuronectiformes,Scophthalmidae,Lepidorhombus_whiffiagonis,Celtic_Sea,LWH,NA,NA,NA,1999,Cefas-SA,2.68,50.4,0.2,14.93333333,504,NA,NA,NA,NA,-1.71,1.75,0.151327235,1.201773389,-19.14843789,NA,NA,/Users/trueman/Desktop/RNAscripts/OtoMet/Coldfish_data/ColdfishNAotolithNAFMRNAexploration.Rmd,NA,NA,NA,NA,NA,Upper slope,100-700,benthic,Modern
LWH_775,Megrim,Pleuronectiformes,Scophthalmidae,Lepidorhombus_whiffiagonis,Celtic_Sea,LWH,NA,NA,NA,1999,Cefas-SA,2.68,50.4,0.2,14.93333333,504,NA,NA,NA,NA,-1.22,1.66,0.151327235,1.201773389,-19.14843789,NA,NA,/Users/trueman/Desktop/RNAscripts/OtoMet/Coldfish_data/ColdfishNAotolithNAFMRNAexploration.Rmd,NA,NA,NA,NA,NA,Upper slope,100-700,benthic,Modern
LWH_776,Megrim,Pleuronectiformes,Scophthalmidae,Lepidorhombus_whiffiagonis,Celtic_Sea,LWH,NA,NA,NA,1999,Cefas-SA,2.68,50.4,0.2,14.93333333,769,NA,NA,NA,NA,-1.4,1.88,0.151327235,1.201773389,-19.14843789,NA,NA,/Users/trueman/Desktop/RNAscripts/OtoMet/Coldfish_data/ColdfishNAotolithNAFMRNAexploration.Rmd,NA,NA,NA,NA,NA,Upper slope,100-700,benthic,Modern
TCMA003,barracudina,Aulopiformes,Paralepididae,Macroparalepis_affinis,Irish_Slope,MA_Meso,NA,NA,09_2022,2022,Meso_pel,NA,NA,AN,NA,1,9.6,NA,NA,NA,-5.892561454,0.640462837,0,1.4,-19,NA,NA,/Users/trueman/Desktop/RNAscripts/OtoMet/,NA,NA,NA,NA,NA,Mesopelagic,0-2000,pelagic,Modern
TCMA006,barracudina,Aulopiformes,Paralepididae,Macroparalepis_affinis,Irish_Slope,MA_Meso,NA,NA,09_2022,2022,Meso_pel,NA,NA,AN,NA,1,9.8,NA,NA,NA,-5.145371465,1.40151398,0,1.4,-19,NA,NA,/Users/trueman/Desktop/RNAscripts/OtoMet/,NA,NA,NA,NA,NA,Mesopelagic,0-2000,pelagic,Modern
TCMA010,barracudina,Aulopiformes,Paralepididae,Macroparalepis_affinis,Irish_Slope,MA_Meso,NA,NA,09_2022,2022,Meso_pel,NA,NA,AN,NA,1,9.4,NA,NA,NA,-5.442835766,0.986576528,0,1.4,-19,NA,NA,/Users/trueman/Desktop/RNAscripts/OtoMet/,NA,NA,NA,NA,NA,Mesopelagic,0-2000,pelagic,Modern
TCMA011,barracudina,Aulopiformes,Paralepididae,Macroparalepis_affinis,Irish_Slope,MA_Meso,NA,NA,09_2022,2022,Meso_pel,NA,NA,AN,NA,1.2,11.3,NA,NA,NA,-5.109070737,1.45138627,0,1.4,-19,NA,NA,/Users/trueman/Desktop/RNAscripts/OtoMet/,NA,NA,NA,NA,NA,Mesopelagic,0-2000,pelagic,Modern
TCMA014,barracudina,Aulopiformes,Paralepididae,Macroparalepis_affinis,Irish_Slope,MA_Meso,NA,NA,09_2022,2022,Meso_pel,NA,NA,AN,NA,1.2,11.1,NA,NA,NA,-5.607197396,1.106270024,0,1.4,-19,NA,NA,/Users/trueman/Desktop/RNAscripts/OtoMet/,NA,NA,NA,NA,NA,Mesopelagic,0-2000,pelagic,Modern
TCMA018,barracudina,Aulopiformes,Paralepididae,Macroparalepis_affinis,Irish_Slope,MA_Meso,NA,NA,09_2022,2022,Meso_pel,NA,NA,AN,NA,1.2,11.8,NA,NA,NA,-5.200830911,1.039441155,0,1.4,-19,NA,NA,/Users/trueman/Desktop/RNAscripts/OtoMet/,NA,NA,NA,NA,NA,Mesopelagic,0-2000,pelagic,Modern
TCMA017,barracudina,Aulopiformes,Paralepididae,Macroparalepis_affinis,NE Atlantic,MA_Meso,Rockall Trough,NA,09/07/2022,2022,Meso_pel,NA,NA,NA,NA,2.248189003,9.5,NA,NA,NA,-5.315262592,1.534945773,0,1.4,-19,NA,NA,/Users/trueman/Desktop/RNAscripts/OtoMet/Lauren_wrasse,NA,NA,NA,NA,NA,Mesopelagic,0-2000,pelagic,Modern
TCMA003,Paralepid,Aulopiformes,Paralepididae,Macroparalepis_affinis,Rockall Trough,MacP_Meso,NA,NA,07/09/2022,2022,Meso_pel,NA,NA,NA,NA,1.174661521,9.6,NA,NA,NA,-5.892561454,0.640462837,0,1.4,-19,NA,NA,/Users/trueman/Desktop/RNAscripts/OtoMet/Lauren_wrasse,NA,NA,NA,NA,NA,Mesopelagic,0-2000,pelagic,Modern
TCMA006,Paralepid,Aulopiformes,Paralepididae,Macroparalepis_affinis,Rockall Trough,MacP_Meso,NA,NA,07/09/2022,2022,Meso_pel,NA,NA,NA,NA,1.251219103,9.8,NA,NA,NA,-5.145371465,1.40151398,0,1.4,-19,NA,NA,/Users/trueman/Desktop/RNAscripts/OtoMet/Lauren_wrasse,NA,NA,NA,NA,NA,Mesopelagic,0-2000,pelagic,Modern
TCMA010,Paralepid,Aulopiformes,Paralepididae,Macroparalepis_affinis,Rockall Trough,MacP_Meso,NA,NA,07/09/2022,2022,Meso_pel,NA,NA,NA,NA,1.101323232,9.4,NA,NA,NA,-5.442835766,0.986576528,0,1.4,-19,NA,NA,/Users/trueman/Desktop/RNAscripts/OtoMet/Lauren_wrasse,NA,NA,NA,NA,NA,Mesopelagic,0-2000,pelagic,Modern
TCMA011,Paralepid,Aulopiformes,Paralepididae,Macroparalepis_affinis,Rockall Trough,MacP_Meso,NA,NA,07/09/2022,2022,Meso_pel,NA,NA,NA,NA,1.93522516,11.3,NA,NA,NA,-5.109070737,1.45138627,0,1.4,-19,NA,NA,/Users/trueman/Desktop/RNAscripts/OtoMet/Lauren_wrasse,NA,NA,NA,NA,NA,Mesopelagic,0-2000,pelagic,Modern
TCMA014,Paralepid,Aulopiformes,Paralepididae,Macroparalepis_affinis,Rockall Trough,MacP_Meso,NA,NA,07/09/2022,2022,Meso_pel,NA,NA,NA,NA,1.832244781,11.1,NA,NA,NA,-5.607197396,1.106270024,0,1.4,-19,NA,NA,/Users/trueman/Desktop/RNAscripts/OtoMet/Lauren_wrasse,NA,NA,NA,NA,NA,Mesopelagic,0-2000,pelagic,Modern
TCMA017,Paralepid,Aulopiformes,Paralepididae,Macroparalepis_affinis,Rockall Trough,MacP_Meso,NA,NA,07/09/2022,2022,Meso_pel,NA,NA,NA,NA,2.248189003,9.5,NA,NA,NA,-5.315262592,1.534945773,0,1.4,-19,NA,NA,/Users/trueman/Desktop/RNAscripts/OtoMet/Lauren_wrasse,NA,NA,NA,NA,NA,Mesopelagic,0-2000,pelagic,Modern
TCMA018,Paralepid,Aulopiformes,Paralepididae,Macroparalepis_affinis,Rockall Trough,MacP_Meso,NA,NA,07/09/2022,2022,Meso_pel,NA,NA,NA,NA,2.209580836,11.8,NA,NA,NA,-5.200830911,1.039441155,0,1.4,-19,NA,NA,/Users/trueman/Desktop/RNAscripts/OtoMet/Lauren_wrasse,NA,NA,NA,NA,NA,Mesopelagic,0-2000,pelagic,Modern
TCMM165L,Meullers_pearlside,Stomiiformes,Sternoptychidae,Maurolicus_muelleri,Irish_Slope,MM_Meso,NA,NA,09_2022,2022,Meso_pel,NA,NA,NA,NA,0.215513615,2.6,NA,NA,NA,-6.805004421,1.283962112,0,1.4,-19.43,NA,NA,/Users/trueman/Desktop/RNAscripts/OtoMet/Lauren_wrasse,NA,NA,NA,NA,NA,Mesopelagic,300-400,pelagic,Modern
TCMM190L,Meullers_pearlside,Stomiiformes,Sternoptychidae,Maurolicus_muelleri,Irish_Slope,MM_Meso,NA,NA,09_2022,2022,Meso_pel,NA,NA,NA,NA,0.215513615,2.6,NA,NA,NA,-7.31834026,1.181902032,0,1.4,-19.43,NA,NA,/Users/trueman/Desktop/RNAscripts/OtoMet/Lauren_wrasse,NA,NA,NA,NA,NA,Mesopelagic,300-400,pelagic,Modern
TCMM181L,Meullers_pearlside,Stomiiformes,Sternoptychidae,Maurolicus_muelleri,Irish_Slope,MM_Meso,NA,NA,09_2022,2022,Meso_pel,NA,NA,NA,NA,0.215513615,2.6,NA,NA,NA,-7.813629136,1.012802487,0,1.4,-19.43,NA,NA,/Users/trueman/Desktop/RNAscripts/OtoMet/Lauren_wrasse,NA,NA,NA,NA,NA,Mesopelagic,300-400,pelagic,Modern
TCMM183L,Meullers_pearlside,Stomiiformes,Sternoptychidae,Maurolicus_muelleri,Irish_Slope,MM_Meso,NA,NA,09_2022,2022,Meso_pel,NA,NA,NA,NA,0.215513615,2.6,NA,NA,NA,-7.570997743,1.030813089,0,1.4,-19.43,NA,NA,/Users/trueman/Desktop/RNAscripts/OtoMet/Lauren_wrasse,NA,NA,NA,NA,NA,Mesopelagic,300-400,pelagic,Modern
TCMM182L,Meullers_pearlside,Stomiiformes,Sternoptychidae,Maurolicus_muelleri,Irish_Slope,MM_Meso,NA,NA,09_2022,2022,Meso_pel,NA,NA,NA,NA,0.22898441,2.7,NA,NA,NA,-6.915291418,1.599147655,0,1.4,-19.43,NA,NA,/Users/trueman/Desktop/RNAscripts/OtoMet/Lauren_wrasse,NA,NA,NA,NA,NA,Mesopelagic,300-400,pelagic,Modern
TCMM173L,Meullers_pearlside,Stomiiformes,Sternoptychidae,Maurolicus_muelleri,Irish_Slope,MM_Meso,NA,NA,09_2022,2022,Meso_pel,NA,NA,NA,NA,0.22898441,2.7,NA,NA,NA,-7.635164723,1.144880238,0,1.4,-19.43,NA,NA,/Users/trueman/Desktop/RNAscripts/OtoMet/Lauren_wrasse,NA,NA,NA,NA,NA,Mesopelagic,300-400,pelagic,Modern
TCMM165R,Meullers_pearlside,Stomiiformes,Sternoptychidae,Maurolicus_muelleri,Irish_Slope,MM_Meso,NA,NA,09_2022,2022,Meso_pel,1.49,5.9,0.9,1.748148148,0.23987015,2.6,NA,NA,NA,-6.850957336,1.468044046,0,1.4,-19,NA,NA,/Users/trueman/Desktop/RNAscripts/OtoMet/,NA,NA,NA,NA,NA,Mesopelagic,300-400,pelagic,Modern
TCMM181R,Meullers_pearlside,Stomiiformes,Sternoptychidae,Maurolicus_muelleri,Irish_Slope,MM_Meso,NA,NA,09_2022,2022,Meso_pel,1.49,5.9,0.9,1.748148148,0.23987015,2.6,NA,NA,NA,-7.630749725,1.237873328,0,1.4,-19,NA,NA,/Users/trueman/Desktop/RNAscripts/OtoMet/,NA,NA,NA,NA,NA,Mesopelagic,300-400,pelagic,Modern
TCMM183R,Meullers_pearlside,Stomiiformes,Sternoptychidae,Maurolicus_muelleri,Irish_Slope,MM_Meso,NA,NA,09_2022,2022,Meso_pel,1.49,5.9,0.9,1.748148148,0.23987015,2.6,NA,NA,NA,-7.338454005,1.232891278,0,1.4,-19,NA,NA,/Users/trueman/Desktop/RNAscripts/OtoMet/,NA,NA,NA,NA,NA,Mesopelagic,300-400,pelagic,Modern
TCMM190R,Meullers_pearlside,Stomiiformes,Sternoptychidae,Maurolicus_muelleri,Irish_Slope,MM_Meso,NA,NA,09_2022,2022,Meso_pel,1.49,5.9,0.9,1.748148148,0.23987015,2.6,NA,NA,NA,-7.123024979,1.506904037,0,1.4,-19,NA,NA,/Users/trueman/Desktop/RNAscripts/OtoMet/,NA,NA,NA,NA,NA,Mesopelagic,300-400,pelagic,Modern
TCMM166L,Meullers_pearlside,Stomiiformes,Sternoptychidae,Maurolicus_muelleri,Irish_Slope,MM_Meso,NA,NA,09_2022,2022,Meso_pel,NA,NA,NA,NA,0.242761273,2.8,NA,NA,NA,-7.60608906,1.146881416,0,1.4,-19.43,NA,NA,/Users/trueman/Desktop/RNAscripts/OtoMet/Lauren_wrasse,NA,NA,NA,NA,NA,Mesopelagic,300-400,pelagic,Modern
TCMM185L,Meullers_pearlside,Stomiiformes,Sternoptychidae,Maurolicus_muelleri,Irish_Slope,MM_Meso,NA,NA,09_2022,2022,Meso_pel,NA,NA,NA,NA,0.242761273,2.8,NA,NA,NA,-7.43564552,1.021807788,0,1.4,-19.43,NA,NA,/Users/trueman/Desktop/RNAscripts/OtoMet/Lauren_wrasse,NA,NA,NA,NA,NA,Mesopelagic,300-400,pelagic,Modern
TCMM194L,Meullers_pearlside,Stomiiformes,Sternoptychidae,Maurolicus_muelleri,Irish_Slope,MM_Meso,NA,NA,09_2022,2022,Meso_pel,NA,NA,NA,NA,0.242761273,2.8,NA,NA,NA,-7.561974261,1.024809555,0,1.4,-19.43,NA,NA,/Users/trueman/Desktop/RNAscripts/OtoMet/Lauren_wrasse,NA,NA,NA,NA,NA,Mesopelagic,300-400,pelagic,Modern
TCMM177L,Meullers_pearlside,Stomiiformes,Sternoptychidae,Maurolicus_muelleri,Irish_Slope,MM_Meso,NA,NA,09_2022,2022,Meso_pel,NA,NA,NA,NA,0.242761273,2.8,NA,NA,NA,-7.68128474,1.03981839,0,1.4,-19.43,NA,NA,/Users/trueman/Desktop/RNAscripts/OtoMet/Lauren_wrasse,NA,NA,NA,NA,NA,Mesopelagic,300-400,pelagic,Modern
TCMM169L,Meullers_pearlside,Stomiiformes,Sternoptychidae,Maurolicus_muelleri,Irish_Slope,MM_Meso,NA,NA,09_2022,2022,Meso_pel,NA,NA,NA,NA,0.256839853,2.9,NA,NA,NA,-7.497807282,1.055827815,0,1.4,-19.43,NA,NA,/Users/trueman/Desktop/RNAscripts/OtoMet/Lauren_wrasse,NA,NA,NA,NA,NA,Mesopelagic,300-400,pelagic,Modern
TCMM171L,Meullers_pearlside,Stomiiformes,Sternoptychidae,Maurolicus_muelleri,Irish_Slope,MM_Meso,NA,NA,09_2022,2022,Meso_pel,NA,NA,NA,NA,0.256839853,2.9,NA,NA,NA,-8.0973675,0.756651696,0,1.4,-19.43,NA,NA,/Users/trueman/Desktop/RNAscripts/OtoMet/Lauren_wrasse,NA,NA,NA,NA,NA,Mesopelagic,300-400,pelagic,Modern
TCMM172L,Meullers_pearlside,Stomiiformes,Sternoptychidae,Maurolicus_muelleri,Irish_Slope,MM_Meso,NA,NA,09_2022,2022,Meso_pel,NA,NA,NA,NA,0.256839853,2.9,NA,NA,NA,-7.356439404,1.239936195,0,1.4,-19.43,NA,NA,/Users/trueman/Desktop/RNAscripts/OtoMet/Lauren_wrasse,NA,NA,NA,NA,NA,Mesopelagic,300-400,pelagic,Modern
TCMM178L,Meullers_pearlside,Stomiiformes,Sternoptychidae,Maurolicus_muelleri,Irish_Slope,MM_Meso,NA,NA,09_2022,2022,Meso_pel,NA,NA,NA,NA,0.256839853,2.9,NA,NA,NA,-6.898247063,1.250942675,0,1.4,-19.43,NA,NA,/Users/trueman/Desktop/RNAscripts/OtoMet/Lauren_wrasse,NA,NA,NA,NA,NA,Mesopelagic,300-400,pelagic,Modern
TCMM186L,Meullers_pearlside,Stomiiformes,Sternoptychidae,Maurolicus_muelleri,Irish_Slope,MM_Meso,NA,NA,09_2022,2022,Meso_pel,NA,NA,NA,NA,0.256839853,2.9,NA,NA,NA,-7.724396929,1.057828993,0,1.4,-19.43,NA,NA,/Users/trueman/Desktop/RNAscripts/OtoMet/Lauren_wrasse,NA,NA,NA,NA,NA,Mesopelagic,300-400,pelagic,Modern
TCMM187L,Meullers_pearlside,Stomiiformes,Sternoptychidae,Maurolicus_muelleri,Irish_Slope,MM_Meso,NA,NA,09_2022,2022,Meso_pel,NA,NA,NA,NA,0.256839853,2.9,NA,NA,NA,-6.842100956,1.513096999,0,1.4,-19.43,NA,NA,/Users/trueman/Desktop/RNAscripts/OtoMet/Lauren_wrasse,NA,NA,NA,NA,NA,Mesopelagic,300-400,pelagic,Modern
TCMM188L,Meullers_pearlside,Stomiiformes,Sternoptychidae,Maurolicus_muelleri,Irish_Slope,MM_Meso,NA,NA,09_2022,2022,Meso_pel,NA,NA,NA,NA,0.256839853,2.9,NA,NA,NA,-7.365462886,0.95777009,0,1.4,-19.43,NA,NA,/Users/trueman/Desktop/RNAscripts/OtoMet/Lauren_wrasse,NA,NA,NA,NA,NA,Mesopelagic,300-400,pelagic,Modern
TCMM164L,Meullers_pearlside,Stomiiformes,Sternoptychidae,Maurolicus_muelleri,Irish_Slope,MM_Meso,NA,NA,09_2022,2022,Meso_pel,NA,NA,NA,NA,0.271216011,3,NA,NA,NA,-7.853733498,1.094850787,0,1.4,-19.43,NA,NA,/Users/trueman/Desktop/RNAscripts/OtoMet/Lauren_wrasse,NA,NA,NA,NA,NA,Mesopelagic,300-400,pelagic,Modern
TCMM167L,Meullers_pearlside,Stomiiformes,Sternoptychidae,Maurolicus_muelleri,Irish_Slope,MM_Meso,NA,NA,09_2022,2022,Meso_pel,NA,NA,NA,NA,0.271216011,3,NA,NA,NA,-6.926320117,1.156887306,0,1.4,-19.43,NA,NA,/Users/trueman/Desktop/RNAscripts/OtoMet/Lauren_wrasse,NA,NA,NA,NA,NA,Mesopelagic,300-400,pelagic,Modern
TCMM189L,Meullers_pearlside,Stomiiformes,Sternoptychidae,Maurolicus_muelleri,Irish_Slope,MM_Meso,NA,NA,09_2022,2022,Meso_pel,NA,NA,NA,NA,0.271216011,3,NA,NA,NA,-7.774527382,1.07083665,0,1.4,-19.43,NA,NA,/Users/trueman/Desktop/RNAscripts/OtoMet/Lauren_wrasse,NA,NA,NA,NA,NA,Mesopelagic,300-400,pelagic,Modern
TCMM193L,Meullers_pearlside,Stomiiformes,Sternoptychidae,Maurolicus_muelleri,Irish_Slope,MM_Meso,NA,NA,09_2022,2022,Meso_pel,NA,NA,NA,NA,0.271216011,3,NA,NA,NA,-7.565984698,1.141878471,0,1.4,-19.43,NA,NA,/Users/trueman/Desktop/RNAscripts/OtoMet/Lauren_wrasse,NA,NA,NA,NA,NA,Mesopelagic,300-400,pelagic,Modern
TCMM196L,Meullers_pearlside,Stomiiformes,Sternoptychidae,Maurolicus_muelleri,Irish_Slope,MM_Meso,NA,NA,09_2022,2022,Meso_pel,NA,NA,NA,NA,0.271216011,3,NA,NA,NA,-7.404564639,1.292967414,0,1.4,-19.43,NA,NA,/Users/trueman/Desktop/RNAscripts/OtoMet/Lauren_wrasse,NA,NA,NA,NA,NA,Mesopelagic,300-400,pelagic,Modern
TCMM170L,Meullers_pearlside,Stomiiformes,Sternoptychidae,Maurolicus_muelleri,Irish_Slope,MM_Meso,NA,NA,09_2022,2022,Meso_pel,NA,NA,NA,NA,0.285885804,3.1,NA,NA,NA,-7.790569127,1.249942086,0,1.4,-19.43,NA,NA,/Users/trueman/Desktop/RNAscripts/OtoMet/Lauren_wrasse,NA,NA,NA,NA,NA,Mesopelagic,300-400,pelagic,Modern
TCMM174R,Meullers_pearlside,Stomiiformes,Sternoptychidae,Maurolicus_muelleri,Irish_Slope,MM_Meso,NA,NA,09_2022,2022,Meso_pel,1.49,5.9,0.9,1.748148148,0.293635262,2.8,NA,NA,NA,-7.859327001,1.187056416,0,1.4,-19,NA,NA,/Users/trueman/Desktop/RNAscripts/OtoMet/,NA,NA,NA,NA,NA,Mesopelagic,300-400,pelagic,Modern
TCMM177R,Meullers_pearlside,Stomiiformes,Sternoptychidae,Maurolicus_muelleri,Irish_Slope,MM_Meso,NA,NA,09_2022,2022,Meso_pel,1.49,5.9,0.9,1.748148148,0.293635262,2.8,NA,NA,NA,-7.532643549,1.30263998,0,1.4,-19,NA,NA,/Users/trueman/Desktop/RNAscripts/OtoMet/,NA,NA,NA,NA,NA,Mesopelagic,300-400,pelagic,Modern
TCMM185R,Meullers_pearlside,Stomiiformes,Sternoptychidae,Maurolicus_muelleri,Irish_Slope,MM_Meso,NA,NA,09_2022,2022,Meso_pel,1.49,5.9,0.9,1.748148148,0.293635262,2.8,NA,NA,NA,-7.537700568,1.156167705,0,1.4,-19,NA,NA,/Users/trueman/Desktop/RNAscripts/OtoMet/,NA,NA,NA,NA,NA,Mesopelagic,300-400,pelagic,Modern
TCMM191R,Meullers_pearlside,Stomiiformes,Sternoptychidae,Maurolicus_muelleri,Irish_Slope,MM_Meso,NA,NA,09_2022,2022,Meso_pel,1.49,5.9,0.9,1.748148148,0.293635262,2.8,NA,NA,NA,-7.680308515,1.243851788,0,1.4,-19,NA,NA,/Users/trueman/Desktop/RNAscripts/OtoMet/,NA,NA,NA,NA,NA,Mesopelagic,300-400,pelagic,Modern
TCMM192R,Meullers_pearlside,Stomiiformes,Sternoptychidae,Maurolicus_muelleri,Irish_Slope,MM_Meso,NA,NA,09_2022,2022,Meso_pel,1.49,5.9,0.9,1.748148148,0.293635262,2.8,NA,NA,NA,-7.888657714,0.977810309,0,1.4,-19,NA,NA,/Users/trueman/Desktop/RNAscripts/OtoMet/,NA,NA,NA,NA,NA,Mesopelagic,300-400,pelagic,Modern
TCMM194R,Meullers_pearlside,Stomiiformes,Sternoptychidae,Maurolicus_muelleri,Irish_Slope,MM_Meso,NA,NA,09_2022,2022,Meso_pel,1.49,5.9,0.9,1.748148148,0.293635262,2.8,NA,NA,NA,-7.567031281,1.28869024,0,1.4,-19,NA,NA,/Users/trueman/Desktop/RNAscripts/OtoMet/,NA,NA,NA,NA,NA,Mesopelagic,300-400,pelagic,Modern
TCMM176L,Meullers_pearlside,Stomiiformes,Sternoptychidae,Maurolicus_muelleri,Irish_Slope,MM_Meso,NA,NA,09_2022,2022,Meso_pel,NA,NA,NA,NA,0.300845465,3.2,NA,NA,NA,-7.546935125,1.125869046,0,1.4,-19.43,NA,NA,/Users/trueman/Desktop/RNAscripts/OtoMet/Lauren_wrasse,NA,NA,NA,NA,NA,Mesopelagic,300-400,pelagic,Modern
TCMM184L,Meullers_pearlside,Stomiiformes,Sternoptychidae,Maurolicus_muelleri,Irish_Slope,MM_Meso,NA,NA,09_2022,2022,Meso_pel,NA,NA,NA,NA,0.316091395,3.3,NA,NA,NA,-7.095761048,1.228929716,0,1.4,-19.43,NA,NA,/Users/trueman/Desktop/RNAscripts/OtoMet/Lauren_wrasse,NA,NA,NA,NA,NA,Mesopelagic,300-400,pelagic,Modern
TCMM168R,Meullers_pearlside,Stomiiformes,Sternoptychidae,Maurolicus_muelleri,Irish_Slope,MM_Meso,NA,NA,09_2022,2022,Meso_pel,1.49,5.9,0.9,1.748148148,0.323145473,2.9,NA,NA,NA,-7.668171668,1.174103086,0,1.4,-19,NA,NA,/Users/trueman/Desktop/RNAscripts/OtoMet/,NA,NA,NA,NA,NA,Mesopelagic,300-400,pelagic,Modern
TCMM169R,Meullers_pearlside,Stomiiformes,Sternoptychidae,Maurolicus_muelleri,Irish_Slope,MM_Meso,NA,NA,09_2022,2022,Meso_pel,1.49,5.9,0.9,1.748148148,0.323145473,2.9,NA,NA,NA,-7.377898756,1.379363553,0,1.4,-19,NA,NA,/Users/trueman/Desktop/RNAscripts/OtoMet/,NA,NA,NA,NA,NA,Mesopelagic,300-400,pelagic,Modern
TCMM171R,Meullers_pearlside,Stomiiformes,Sternoptychidae,Maurolicus_muelleri,Irish_Slope,MM_Meso,NA,NA,09_2022,2022,Meso_pel,1.49,5.9,0.9,1.748148148,0.323145473,2.9,NA,NA,NA,-8.072733219,0.99375287,0,1.4,-19,NA,NA,/Users/trueman/Desktop/RNAscripts/OtoMet/,NA,NA,NA,NA,NA,Mesopelagic,300-400,pelagic,Modern
TCMM172R,Meullers_pearlside,Stomiiformes,Sternoptychidae,Maurolicus_muelleri,Irish_Slope,MM_Meso,NA,NA,09_2022,2022,Meso_pel,1.49,5.9,0.9,1.748148148,0.323145473,2.9,NA,NA,NA,-7.460833874,1.487972246,0,1.4,-19,NA,NA,/Users/trueman/Desktop/RNAscripts/OtoMet/,NA,NA,NA,NA,NA,Mesopelagic,300-400,pelagic,Modern
TCMM175R,Meullers_pearlside,Stomiiformes,Sternoptychidae,Maurolicus_muelleri,Irish_Slope,MM_Meso,NA,NA,09_2022,2022,Meso_pel,1.49,5.9,0.9,1.748148148,0.323145473,2.9,NA,NA,NA,-7.255518887,1.320575361,0,1.4,-19,NA,NA,/Users/trueman/Desktop/RNAscripts/OtoMet/,NA,NA,NA,NA,NA,Mesopelagic,300-400,pelagic,Modern
TCMM178R,Meullers_pearlside,Stomiiformes,Sternoptychidae,Maurolicus_muelleri,Irish_Slope,MM_Meso,NA,NA,09_2022,2022,Meso_pel,1.49,5.9,0.9,1.748148148,0.323145473,2.9,NA,NA,NA,-6.836797682,1.419219954,0,1.4,-19,NA,NA,/Users/trueman/Desktop/RNAscripts/OtoMet/,NA,NA,NA,NA,NA,Mesopelagic,300-400,pelagic,Modern
TCMM180R,Meullers_pearlside,Stomiiformes,Sternoptychidae,Maurolicus_muelleri,Irish_Slope,MM_Meso,NA,NA,09_2022,2022,Meso_pel,1.49,5.9,0.9,1.748148148,0.323145473,2.9,NA,NA,NA,-7.088637247,1.385342013,0,1.4,-19,NA,NA,/Users/trueman/Desktop/RNAscripts/OtoMet/,NA,NA,NA,NA,NA,Mesopelagic,300-400,pelagic,Modern
TCMM186R,Meullers_pearlside,Stomiiformes,Sternoptychidae,Maurolicus_muelleri,Irish_Slope,MM_Meso,NA,NA,09_2022,2022,Meso_pel,1.49,5.9,0.9,1.748148148,0.323145473,2.9,NA,NA,NA,-7.852247174,1.169121036,0,1.4,-19,NA,NA,/Users/trueman/Desktop/RNAscripts/OtoMet/,NA,NA,NA,NA,NA,Mesopelagic,300-400,pelagic,Modern
TCMM188R,Meullers_pearlside,Stomiiformes,Sternoptychidae,Maurolicus_muelleri,Irish_Slope,MM_Meso,NA,NA,09_2022,2022,Meso_pel,1.49,5.9,0.9,1.748148148,0.323145473,2.9,NA,NA,NA,-7.625692706,1.342496381,0,1.4,-19,NA,NA,/Users/trueman/Desktop/RNAscripts/OtoMet/,NA,NA,NA,NA,NA,Mesopelagic,300-400,pelagic,Modern
TCMM164R,Meullers_pearlside,Stomiiformes,Sternoptychidae,Maurolicus_muelleri,Irish_Slope,MM_Meso,NA,NA,09_2022,2022,Meso_pel,1.49,5.9,0.9,1.748148148,0.35446866,3,NA,NA,NA,-7.780437499,1.431176874,0,1.4,-19,NA,NA,/Users/trueman/Desktop/RNAscripts/OtoMet/,NA,NA,NA,NA,NA,Mesopelagic,300-400,pelagic,Modern
TCMM167R,Meullers_pearlside,Stomiiformes,Sternoptychidae,Maurolicus_muelleri,Irish_Slope,MM_Meso,NA,NA,09_2022,2022,Meso_pel,1.49,5.9,0.9,1.748148148,0.35446866,3,NA,NA,NA,-7.221131155,1.348474842,0,1.4,-19,NA,NA,/Users/trueman/Desktop/RNAscripts/OtoMet/,NA,NA,NA,NA,NA,Mesopelagic,300-400,pelagic,Modern
TCMM193R,Meullers_pearlside,Stomiiformes,Sternoptychidae,Maurolicus_muelleri,Irish_Slope,MM_Meso,NA,NA,09_2022,2022,Meso_pel,1.49,5.9,0.9,1.748148148,0.35446866,3,NA,NA,NA,-7.753129594,1.334525101,0,1.4,-19,NA,NA,/Users/trueman/Desktop/RNAscripts/OtoMet/,NA,NA,NA,NA,NA,Mesopelagic,300-400,pelagic,Modern
TCMM170R,Meullers_pearlside,Stomiiformes,Sternoptychidae,Maurolicus_muelleri,Irish_Slope,MM_Meso,NA,NA,09_2022,2022,Meso_pel,1.49,5.9,0.9,1.748148148,0.387650191,3.1,NA,NA,NA,-7.525563722,1.661347592,0,1.4,-19,NA,NA,/Users/trueman/Desktop/RNAscripts/OtoMet/,NA,NA,NA,NA,NA,Mesopelagic,300-400,pelagic,Modern
TCMM176R,Meullers_pearlside,Stomiiformes,Sternoptychidae,Maurolicus_muelleri,Irish_Slope,MM_Meso,NA,NA,09_2022,2022,Meso_pel,1.49,5.9,0.9,1.748148148,0.422735024,3.2,NA,NA,NA,-7.514438279,1.163142576,0,1.4,-19,NA,NA,/Users/trueman/Desktop/RNAscripts/OtoMet/,NA,NA,NA,NA,NA,Mesopelagic,300-400,pelagic,Modern
TCMM184R,Meullers_pearlside,Stomiiformes,Sternoptychidae,Maurolicus_muelleri,Irish_Slope,MM_Meso,NA,NA,09_2022,2022,Meso_pel,1.49,5.9,0.9,1.748148148,0.459767726,3.3,NA,NA,NA,-7.216074136,1.341499971,0,1.4,-19,NA,NA,/Users/trueman/Desktop/RNAscripts/OtoMet/,NA,NA,NA,NA,NA,Mesopelagic,300-400,pelagic,Modern
TCMM147,Meullers_pearlside,Stomiiformes,Sternoptychidae,Maurolicus_muelleri,Irish_Slope,MM_Meso,NA,NA,09_2022,2022,Meso_pel,1.49,5.9,0.9,1.748148148,1.071842294,4.5,NA,NA,NA,-6.346320556,1.673816682,0,1.4,-19,NA,NA,/Users/trueman/Desktop/RNAscripts/OtoMet/,NA,NA,NA,NA,NA,Mesopelagic,300-400,pelagic,Modern
TCMM150,Meullers_pearlside,Stomiiformes,Sternoptychidae,Maurolicus_muelleri,Irish_Slope,MM_Meso,NA,NA,09_2022,2022,Meso_pel,1.49,5.9,0.9,1.748148148,1.071842294,4.5,NA,NA,NA,-6.56200725,1.476532712,0,1.4,-19,NA,NA,/Users/trueman/Desktop/RNAscripts/OtoMet/,NA,NA,NA,NA,NA,Mesopelagic,300-400,pelagic,Modern
TCMM154,Meullers_pearlside,Stomiiformes,Sternoptychidae,Maurolicus_muelleri,Irish_Slope,MM_Meso,NA,NA,09_2022,2022,Meso_pel,1.49,5.9,0.9,1.748148148,1.138099054,4.6,NA,NA,NA,-6.355395738,1.641898417,0,1.4,-19,NA,NA,/Users/trueman/Desktop/RNAscripts/OtoMet/,NA,NA,NA,NA,NA,Mesopelagic,300-400,pelagic,Modern
TCMM221,Meullers_pearlside,Stomiiformes,Sternoptychidae,Maurolicus_muelleri,Irish_Slope,MM_Meso,NA,NA,09_2022,2022,Meso_pel,1.49,5.9,0.9,1.748148148,1.16,4.7,NA,NA,NA,-6.886798064,1.615964826,0,1.4,-19,NA,NA,/Users/trueman/Desktop/RNAscripts/OtoMet/,NA,NA,NA,NA,NA,Mesopelagic,300-400,pelagic,Modern
TCMM215,Meullers_pearlside,Stomiiformes,Sternoptychidae,Maurolicus_muelleri,Irish_Slope,MM_Meso,NA,NA,09_2022,2022,Meso_pel,1.49,5.9,0.9,1.748148148,1.18,4.8,NA,NA,NA,-5.651564953,1.990007,0,1.4,-19,NA,NA,/Users/trueman/Desktop/RNAscripts/OtoMet/,NA,NA,NA,NA,NA,Mesopelagic,300-400,pelagic,Modern
TCMM132,Meullers_pearlside,Stomiiformes,Sternoptychidae,Maurolicus_muelleri,Irish_Slope,MM_Meso,NA,NA,09_2022,2022,Meso_pel,1.49,5.9,0.9,1.748148148,1.196704992,4.3,NA,NA,NA,-6.665968634,1.540158946,0,1.4,-19,NA,NA,/Users/trueman/Desktop/RNAscripts/OtoMet/,NA,NA,NA,NA,NA,Mesopelagic,300-400,pelagic,Modern
TCMM143,Meullers_pearlside,Stomiiformes,Sternoptychidae,Maurolicus_muelleri,Irish_Slope,MM_Meso,NA,NA,09_2022,2022,Meso_pel,1.49,5.9,0.9,1.748148148,1.206893627,4.7,NA,NA,NA,-6.346320556,1.673816682,0,1.4,-19,NA,NA,/Users/trueman/Desktop/RNAscripts/OtoMet/,NA,NA,NA,NA,NA,Mesopelagic,300-400,pelagic,Modern
TCMM149,Meullers_pearlside,Stomiiformes,Sternoptychidae,Maurolicus_muelleri,Irish_Slope,MM_Meso,NA,NA,09_2022,2022,Meso_pel,1.49,5.9,0.9,1.748148148,1.206893627,4.7,NA,NA,NA,-6.549558981,1.61451632,0,1.4,-19,NA,NA,/Users/trueman/Desktop/RNAscripts/OtoMet/,NA,NA,NA,NA,NA,Mesopelagic,300-400,pelagic,Modern
TCMM151,Meullers_pearlside,Stomiiformes,Sternoptychidae,Maurolicus_muelleri,Irish_Slope,MM_Meso,NA,NA,09_2022,2022,Meso_pel,1.49,5.9,0.9,1.748148148,1.206893627,4.7,NA,NA,NA,-6.633505503,1.419219954,0,1.4,-19,NA,NA,/Users/trueman/Desktop/RNAscripts/OtoMet/,NA,NA,NA,NA,NA,Mesopelagic,300-400,pelagic,Modern
TCMM135,Meullers_pearlside,Stomiiformes,Sternoptychidae,Maurolicus_muelleri,Irish_Slope,MM_Meso,NA,NA,09_2022,2022,Meso_pel,1.49,5.9,0.9,1.748148148,1.287377552,4.5,NA,NA,NA,-6.756720455,1.875300733,0,1.4,-19,NA,NA,/Users/trueman/Desktop/RNAscripts/OtoMet/,NA,NA,NA,NA,NA,Mesopelagic,300-400,pelagic,Modern
TCMM138,Meullers_pearlside,Stomiiformes,Sternoptychidae,Maurolicus_muelleri,Irish_Slope,MM_Meso,NA,NA,09_2022,2022,Meso_pel,1.49,5.9,0.9,1.748148148,1.287377552,4.5,NA,NA,NA,-7.192329193,1.55811297,0,1.4,-19,NA,NA,/Users/trueman/Desktop/RNAscripts/OtoMet/,NA,NA,NA,NA,NA,Mesopelagic,300-400,pelagic,Modern
TCMM009,Meullers_pearlside,Stomiiformes,Sternoptychidae,Maurolicus_muelleri,Irish_Slope,MM_Meso,NA,NA,09_2022,2022,Meso_pel,1.49,5.9,0.9,1.748148148,1.3,NA,NA,NA,NA,-6.211201179,1.597013356,0,1.4,-19,NA,NA,/Users/trueman/Desktop/RNAscripts/OtoMet/,NA,NA,NA,NA,NA,Mesopelagic,300-400,pelagic,Modern
TCMM124,Meullers_pearlside,Stomiiformes,Sternoptychidae,Maurolicus_muelleri,Irish_Slope,MM_Meso,NA,NA,09_2022,2022,Meso_pel,1.49,5.9,0.9,1.748148148,1.3,NA,NA,NA,NA,-7.058218169,1.513227909,0,1.4,-19,NA,NA,/Users/trueman/Desktop/RNAscripts/OtoMet/,NA,NA,NA,NA,NA,Mesopelagic,300-400,pelagic,Modern
TCMM139,Meullers_pearlside,Stomiiformes,Sternoptychidae,Maurolicus_muelleri,Irish_Slope,MM_Meso,NA,NA,09_2022,2022,Meso_pel,1.49,5.9,0.9,1.748148148,1.3,NA,NA,NA,NA,-6.223886933,1.689247073,0,1.4,-19,NA,NA,/Users/trueman/Desktop/RNAscripts/OtoMet/,NA,NA,NA,NA,NA,Mesopelagic,300-400,pelagic,Modern
TCMM141,Meullers_pearlside,Stomiiformes,Sternoptychidae,Maurolicus_muelleri,Irish_Slope,MM_Meso,NA,NA,09_2022,2022,Meso_pel,1.49,5.9,0.9,1.748148148,1.3,NA,NA,NA,NA,-6.327161838,1.818446323,0,1.4,-19,NA,NA,/Users/trueman/Desktop/RNAscripts/OtoMet/,NA,NA,NA,NA,NA,Mesopelagic,300-400,pelagic,Modern
TCMM126,Meullers_pearlside,Stomiiformes,Sternoptychidae,Maurolicus_muelleri,Irish_Slope,MM_Meso,NA,NA,09_2022,2022,Meso_pel,1.49,5.9,0.9,1.748148148,1.33364575,4.6,NA,NA,NA,-6.435088435,1.859510104,0,1.4,-19,NA,NA,/Users/trueman/Desktop/RNAscripts/OtoMet/,NA,NA,NA,NA,NA,Mesopelagic,300-400,pelagic,Modern
TCMM152,Meullers_pearlside,Stomiiformes,Sternoptychidae,Maurolicus_muelleri,Irish_Slope,MM_Meso,NA,NA,09_2022,2022,Meso_pel,1.49,5.9,0.9,1.748148148,1.35225639,4.9,NA,NA,NA,-6.647665157,1.266769219,0,1.4,-19,NA,NA,/Users/trueman/Desktop/RNAscripts/OtoMet/,NA,NA,NA,NA,NA,Mesopelagic,300-400,pelagic,Modern
TCMM159,Meullers_pearlside,Stomiiformes,Sternoptychidae,Maurolicus_muelleri,Irish_Slope,MM_Meso,NA,NA,09_2022,2022,Meso_pel,1.49,5.9,0.9,1.748148148,1.35225639,4.9,NA,NA,NA,-6.717907528,1.824693977,0,1.4,-19,NA,NA,/Users/trueman/Desktop/RNAscripts/OtoMet/,NA,NA,NA,NA,NA,Mesopelagic,300-400,pelagic,Modern
TCMM130,Meullers_pearlside,Stomiiformes,Sternoptychidae,Maurolicus_muelleri,Irish_Slope,MM_Meso,NA,NA,09_2022,2022,Meso_pel,1.49,5.9,0.9,1.748148148,1.428019298,4.8,NA,NA,NA,-6.299175372,1.594907542,0,1.4,-19,NA,NA,/Users/trueman/Desktop/RNAscripts/OtoMet/,NA,NA,NA,NA,NA,Mesopelagic,300-400,pelagic,Modern
TCMM216,Meullers_pearlside,Stomiiformes,Sternoptychidae,Maurolicus_muelleri,Irish_Slope,MM_Meso,NA,NA,09_2022,2022,Meso_pel,1.49,5.9,0.9,1.748148148,1.45,4.9,NA,NA,NA,-6.818230022,1.386552293,0,1.4,-19,NA,NA,/Users/trueman/Desktop/RNAscripts/OtoMet/,NA,NA,NA,NA,NA,Mesopelagic,300-400,pelagic,Modern
TCMM162,Meullers_pearlside,Stomiiformes,Sternoptychidae,Maurolicus_muelleri,Irish_Slope,MM_Meso,NA,NA,09_2022,2022,Meso_pel,1.49,5.9,0.9,1.748148148,1.590329316,5.2,NA,NA,NA,-6.128284683,1.722235091,0,1.4,-19,NA,NA,/Users/trueman/Desktop/RNAscripts/OtoMet/,NA,NA,NA,NA,NA,Mesopelagic,300-400,pelagic,Modern
TCMM001,Meullers_pearlside,Stomiiformes,Sternoptychidae,Maurolicus_muelleri,Irish_Slope,MM_Meso,NA,NA,09_2022,2022,Meso_pel,1.49,5.9,0.9,1.748148148,1.725482678,5.4,NA,NA,NA,-5.793742805,1.953101506,0,1.4,-19,NA,NA,/Users/trueman/Desktop/RNAscripts/OtoMet/,NA,NA,NA,NA,NA,Mesopelagic,300-400,pelagic,Modern
TCMM006,Meullers_pearlside,Stomiiformes,Sternoptychidae,Maurolicus_muelleri,Irish_Slope,MM_Meso,NA,NA,09_2022,2022,Meso_pel,1.49,5.9,0.9,1.748148148,2.043713494,6,NA,NA,NA,-6.040789427,1.530184488,0,1.4,-19,NA,NA,/Users/trueman/Desktop/RNAscripts/OtoMet/,NA,NA,NA,NA,NA,Mesopelagic,300-400,pelagic,Modern
TCMM010,Meullers_pearlside,Stomiiformes,Sternoptychidae,Maurolicus_muelleri,Irish_Slope,MM_Meso,NA,NA,09_2022,2022,Meso_pel,1.49,5.9,0.9,1.748148148,2.154255835,6.2,NA,NA,NA,-6.652860038,1.78353572,0,1.4,-19,NA,NA,/Users/trueman/Desktop/RNAscripts/OtoMet/,NA,NA,NA,NA,NA,Mesopelagic,300-400,pelagic,Modern
TCMM217,barracudina,NA,NA,Maurolicus_muelleri,NE Atlantic,MA_Meso,Rockall Trough,NA,09/05/2022,2022,Meso_pel,NA,NA,NA,NA,1.48,5,NA,NA,NA,-6.267199886,2.000533016,,1.4,-19,NA,NA,/Users/trueman/Desktop/RNAscripts/OtoMet/Lauren_wrasse,NA,NA,NA,NA,NA,Mesopelagic,300-400,pelagic,Modern
TCNG003,Slender_argentine,Argentiniformes,Microstomatidae,Microstoma_microstoma,Irish_Slope,MiM_Meso,NA,NA,09_2022,2022,Meso_pel,NA,NA,NA,NA,4.165309751,7.4,NA,NA,NA,-3.623886635,1.842599414,0,1.4,-19,NA,NA,/Users/trueman/Desktop/RNAscripts/OtoMet/,NA,NA,NA,NA,NA,Mesopelagic,600-800,pelagic,Modern
TCNG017,Slender_argentine,Argentiniformes,Microstomatidae,Microstoma_microstoma,Irish_Slope,MiM_Meso,NA,NA,09_2022,2022,Meso_pel,NA,NA,NA,NA,4.165309751,7.4,NA,NA,NA,-3.711492703,2.333128354,0,1.4,-19,NA,NA,/Users/trueman/Desktop/RNAscripts/OtoMet/,NA,NA,NA,NA,NA,Mesopelagic,600-800,pelagic,Modern
TCNG016,Slender_argentine,Argentiniformes,Microstomatidae,Microstoma_microstoma,Irish_Slope,MiM_Meso,NA,NA,09_2022,2022,Meso_pel,NA,NA,NA,NA,4.320720045,7.5,NA,NA,NA,-3.974662259,2.161913031,0,1.4,-19,NA,NA,/Users/trueman/Desktop/RNAscripts/OtoMet/,NA,NA,NA,NA,NA,Mesopelagic,600-800,pelagic,Modern
TCNG010,Slender_argentine,Argentiniformes,Microstomatidae,Microstoma_microstoma,Irish_Slope,MiM_Meso,NA,NA,09_2022,2022,Meso_pel,NA,NA,NA,NA,4.479754694,7.6,NA,NA,NA,-3.858712323,2.113690279,0,1.4,-19,NA,NA,/Users/trueman/Desktop/RNAscripts/OtoMet/,NA,NA,NA,NA,NA,Mesopelagic,600-800,pelagic,Modern
TCNG015,Slender_argentine,Argentiniformes,Microstomatidae,Microstoma_microstoma,Irish_Slope,MiM_Meso,NA,NA,09_2022,2022,Meso_pel,NA,NA,NA,NA,5,NA,NA,NA,NA,-4.01097371,2.087756688,0,1.4,-19,NA,NA,/Users/trueman/Desktop/RNAscripts/OtoMet/,NA,NA,NA,NA,NA,Mesopelagic,600-800,pelagic,Modern
TCNG004,Slender_argentine,Argentiniformes,Microstomatidae,Microstoma_microstoma,Irish_Slope,MiM_Meso,NA,NA,09_2022,2022,Meso_pel,NA,NA,NA,NA,5.330519745,8.1,NA,NA,NA,-3.450997224,1.758045964,0,1.4,-19,NA,NA,/Users/trueman/Desktop/RNAscripts/OtoMet/,NA,NA,NA,NA,NA,Mesopelagic,600-800,pelagic,Modern
TCNG012,Slender_argentine,Argentiniformes,Microstomatidae,Microstoma_microstoma,Irish_Slope,MiM_Meso,NA,NA,09_2022,2022,Meso_pel,NA,NA,NA,NA,5.512034701,8.2,NA,NA,NA,-3.698838691,2.054480412,0,1.4,-19,NA,NA,/Users/trueman/Desktop/RNAscripts/OtoMet/,NA,NA,NA,NA,NA,Mesopelagic,600-800,pelagic,Modern
TCNG019,Slender_argentine,Argentiniformes,Microstomatidae,Microstoma_microstoma,Irish_Slope,MiM_Meso,NA,NA,09_2022,2022,Meso_pel,NA,NA,NA,NA,5.512034701,8.2,NA,NA,NA,-3.604607226,2.018932928,0,1.4,-19,NA,NA,/Users/trueman/Desktop/RNAscripts/OtoMet/,NA,NA,NA,NA,NA,Mesopelagic,600-800,pelagic,Modern
TCNG014,Slender_argentine,Argentiniformes,Microstomatidae,Microstoma_microstoma,Irish_Slope,MiM_Meso,NA,NA,09_2022,2022,Meso_pel,NA,NA,NA,NA,6.079924526,8.5,NA,NA,NA,-3.20615384,2.052490919,0,1.4,-19,NA,NA,/Users/trueman/Desktop/RNAscripts/OtoMet/,NA,NA,NA,NA,NA,Mesopelagic,600-800,pelagic,Modern
TCNG009,Slender_argentine,Argentiniformes,Microstomatidae,Microstoma_microstoma,Irish_Slope,MiM_Meso,NA,NA,09_2022,2022,Meso_pel,NA,NA,NA,NA,6.277116851,8.6,NA,NA,NA,-3.902708285,2.204687129,0,1.4,-19,NA,NA,/Users/trueman/Desktop/RNAscripts/OtoMet/,NA,NA,NA,NA,NA,Mesopelagic,600-800,pelagic,Modern
TCNG006,Slender_argentine,Argentiniformes,Microstomatidae,Microstoma_microstoma,Irish_Slope,MiM_Meso,NA,NA,09_2022,2022,Meso_pel,NA,NA,NA,NA,6.89285699,8.9,NA,NA,NA,-3.614892388,2.343951635,0,1.4,-19,NA,NA,/Users/trueman/Desktop/RNAscripts/OtoMet/,NA,NA,NA,NA,NA,Mesopelagic,600-800,pelagic,Modern
TCNG005,Slender_argentine,Argentiniformes,Microstomatidae,Microstoma_microstoma,Irish_Slope,MiM_Meso,NA,NA,09_2022,2022,Meso_pel,NA,NA,NA,NA,7.545550338,9.2,NA,NA,NA,-3.533944167,2.035580229,0,1.4,-19,NA,NA,/Users/trueman/Desktop/RNAscripts/OtoMet/,NA,NA,NA,NA,NA,Mesopelagic,600-800,pelagic,Modern
TCNG002,Slender_argentine,Argentiniformes,Microstomatidae,Microstoma_microstoma,Irish_Slope,MiM_Meso,NA,NA,09_2022,2022,Meso_pel,NA,NA,NA,NA,8.717942549,9.7,NA,NA,NA,-3.082466492,2.000127003,0,1.4,-19,NA,NA,/Users/trueman/Desktop/RNAscripts/OtoMet/,NA,NA,NA,NA,NA,Mesopelagic,600-800,pelagic,Modern
MKI_862,Lemon_sole,Pleuronectiformes,Pleuronectidae,Microstomus_kitt,NorthSea,MKI,NA,NA,NA,2017,Cefas-SA,2.7,40,0.3,11.85185185,97,NA,NA,NA,NA,-2.51,1.03,0.186288173,0.877642123,-18.09340218,NA,NA,/Users/trueman/Desktop/RNAscripts/OtoMet/Coldfish_data/ColdfishNAotolithNAFMRNAexploration.Rmd,NA,NA,NA,NA,NA,Shelf,10-150,benthic,Modern
MKI_860,Lemon_sole,Pleuronectiformes,Pleuronectidae,Microstomus_kitt,NorthSea,MKI,NA,NA,NA,2017,Cefas-SA,2.7,40,0.3,11.85185185,156,NA,NA,NA,NA,-1.86,0.98,0.186288173,0.877642123,-18.09340218,NA,NA,/Users/trueman/Desktop/RNAscripts/OtoMet/Coldfish_data/ColdfishNAotolithNAFMRNAexploration.Rmd,NA,NA,NA,NA,NA,Shelf,10-150,benthic,Modern
MKI_859,Lemon_sole,Pleuronectiformes,Pleuronectidae,Microstomus_kitt,NorthSea,MKI,NA,NA,NA,2017,Cefas-SA,2.7,40,0.3,11.85185185,192,NA,NA,NA,NA,-1.58,1.43,0.186288173,0.877642123,-18.09340218,NA,NA,/Users/trueman/Desktop/RNAscripts/OtoMet/Coldfish_data/ColdfishNAotolithNAFMRNAexploration.Rmd,NA,NA,NA,NA,NA,Shelf,10-150,benthic,Modern
MKI_861,Lemon_sole,Pleuronectiformes,Pleuronectidae,Microstomus_kitt,NorthSea,MKI,NA,NA,NA,2017,Cefas-SA,2.7,40,0.3,11.85185185,213,NA,NA,NA,NA,-1.53,1.45,0.186288173,0.877642123,-18.09340218,NA,NA,/Users/trueman/Desktop/RNAscripts/OtoMet/Coldfish_data/ColdfishNAotolithNAFMRNAexploration.Rmd,NA,NA,NA,NA,NA,Shelf,10-150,benthic,Modern
MKI_858,Lemon_sole,Pleuronectiformes,Pleuronectidae,Microstomus_kitt,NorthSea,MKI,NA,NA,NA,2017,Cefas-SA,2.7,40,0.3,11.85185185,234,NA,NA,NA,NA,-2.68,1.28,0.186288173,0.877642123,-18.09340218,NA,NA,/Users/trueman/Desktop/RNAscripts/OtoMet/Coldfish_data/ColdfishNAotolithNAFMRNAexploration.Rmd,NA,NA,NA,NA,NA,Shelf,10-150,benthic,Modern
MDY_853,Blue_Ling,Gadiformes,Lotidae,Molva_dypterygia,Irish_Slope,MDY,NA,NA,NA,2008,SU_Deep,3.45,160,0.1,47.40740741,2031,NA,NA,NA,NA,-2.274255575,2.920765221,0.176738488,1.13482393,-19.68276122,NA,NA,/Users/trueman/Desktop/RNAscripts/OtoMet/Coldfish_data/ColdfishNAotolithNAFMRNAexploration.Rmd,NA,NA,NA,NA,NA,Upper slope,350-500,demersal,Modern
MDY_854,Blue_Ling,Gadiformes,Lotidae,Molva_dypterygia,Irish_Slope,MDY,NA,NA,NA,2008,SU_Deep,3.45,160,0.1,47.40740741,2110,NA,NA,NA,NA,-1.20334841,3.001342962,0.176738488,1.13482393,-19.68276122,NA,NA,/Users/trueman/Desktop/RNAscripts/OtoMet/Coldfish_data/ColdfishNAotolithNAFMRNAexploration.Rmd,NA,NA,NA,NA,NA,Upper slope,350-500,demersal,Modern
MDY_848,Blue_Ling,Gadiformes,Lotidae,Molva_dypterygia,Irish_Slope,MDY,NA,NA,NA,2008,SU_Deep,3.45,160,0.1,47.40740741,2274,NA,NA,NA,NA,-1.624737927,2.931707877,0.176738488,1.13482393,-19.68276122,NA,NA,/Users/trueman/Desktop/RNAscripts/OtoMet/Coldfish_data/ColdfishNAotolithNAFMRNAexploration.Rmd,NA,NA,NA,NA,NA,Upper slope,350-500,demersal,Modern
MDY_845,Blue_Ling,Gadiformes,Lotidae,Molva_dypterygia,Irish_Slope,MDY,NA,NA,NA,2008,SU_Deep,3.45,160,0.1,47.40740741,2536,NA,NA,NA,NA,-1.453725259,2.60762619,0.147198891,1.099194631,-19.67154612,NA,NA,/Users/trueman/Desktop/RNAscripts/OtoMet/Coldfish_data/ColdfishNAotolithNAFMRNAexploration.Rmd,NA,NA,NA,NA,NA,Upper slope,350-500,demersal,Modern
MDY_849,Blue_Ling,Gadiformes,Lotidae,Molva_dypterygia,Irish_Slope,MDY,NA,NA,NA,2008,SU_Deep,3.45,160,0.1,47.40740741,2917,NA,NA,NA,NA,-1.505194801,3.063019752,0.176738488,1.13482393,-19.68276122,NA,NA,/Users/trueman/Desktop/RNAscripts/OtoMet/Coldfish_data/ColdfishNAotolithNAFMRNAexploration.Rmd,NA,NA,NA,NA,NA,Upper slope,350-500,demersal,Modern
MDY_852,Blue_Ling,Gadiformes,Lotidae,Molva_dypterygia,Irish_Slope,MDY,NA,NA,NA,2008,SU_Deep,3.45,160,0.1,47.40740741,3336,NA,NA,NA,NA,-2.038157902,2.96950978,0.176738488,1.13482393,-19.68276122,NA,NA,/Users/trueman/Desktop/RNAscripts/OtoMet/Coldfish_data/ColdfishNAotolithNAFMRNAexploration.Rmd,NA,NA,NA,NA,NA,Upper slope,350-500,demersal,Modern
MDY_846,Blue_Ling,Gadiformes,Lotidae,Molva_dypterygia,Irish_Slope,MDY,NA,NA,NA,2008,SU_Deep,3.45,160,0.1,47.40740741,3446,NA,NA,NA,NA,-2.779251171,2.778151316,0.147198891,1.099194631,-19.67154612,NA,NA,/Users/trueman/Desktop/RNAscripts/OtoMet/Coldfish_data/ColdfishNAotolithNAFMRNAexploration.Rmd,NA,NA,NA,NA,NA,Upper slope,350-500,demersal,Modern
MDY_851,Blue_Ling,Gadiformes,Lotidae,Molva_dypterygia,Irish_Slope,MDY,NA,NA,NA,2008,SU_Deep,3.45,160,0.1,47.40740741,3446,NA,NA,NA,NA,-1.661597057,3.098832082,0.176738488,1.13482393,-19.68276122,NA,NA,/Users/trueman/Desktop/RNAscripts/OtoMet/Coldfish_data/ColdfishNAotolithNAFMRNAexploration.Rmd,NA,NA,NA,NA,NA,Upper slope,350-500,demersal,Modern
MDY_855,Blue_Ling,Gadiformes,Lotidae,Molva_dypterygia,Irish_Slope,MDY,NA,NA,NA,2008,SU_Deep,3.45,160,0.1,47.40740741,3446,NA,NA,NA,NA,-2.857028311,3.097837295,0.176738488,1.13482393,-19.68276122,NA,NA,/Users/trueman/Desktop/RNAscripts/OtoMet/Coldfish_data/ColdfishNAotolithNAFMRNAexploration.Rmd,NA,NA,NA,NA,NA,Upper slope,350-500,demersal,Modern
MDY_850,Blue_Ling,Gadiformes,Lotidae,Molva_dypterygia,Irish_Slope,MDY,NA,NA,NA,2008,SU_Deep,3.45,160,0.1,47.40740741,4038,NA,NA,NA,NA,-1.533088197,3.287841599,0.176738488,1.13482393,-19.68276122,NA,NA,/Users/trueman/Desktop/RNAscripts/OtoMet/Coldfish_data/ColdfishNAotolithNAFMRNAexploration.Rmd,NA,NA,NA,NA,NA,Upper slope,350-500,demersal,Modern
MDY_856,Blue_Ling,Gadiformes,Lotidae,Molva_dypterygia,Irish_Slope,MDY,NA,NA,NA,2008,SU_Deep,3.45,160,0.1,47.40740741,5500,NA,NA,NA,NA,-0.885400601,3.236897776,0.176738488,1.13482393,-19.68276122,NA,NA,/Users/trueman/Desktop/RNAscripts/OtoMet/Coldfish_data/ColdfishNAotolithNAFMRNAexploration.Rmd,NA,NA,NA,NA,NA,Upper slope,350-500,demersal,Modern
MDY_847,Blue_Ling,Gadiformes,Lotidae,Molva_dypterygia,Irish_Slope,MDY,NA,NA,NA,2008,SU_Deep,3.45,160,0.1,47.40740741,6219,NA,NA,NA,NA,-1.529725728,2.408126707,0.159090269,1.113687708,-19.66889039,NA,NA,/Users/trueman/Desktop/RNAscripts/OtoMet/Coldfish_data/ColdfishNAotolithNAFMRNAexploration.Rmd,NA,NA,NA,NA,NA,Upper slope,350-500,demersal,Modern
MDY_844,Blue_Ling,Gadiformes,Lotidae,Molva_dypterygia,Irish_Slope,MDY,NA,NA,NA,2008,SU_Deep,2.42,42,0.2,12.44444444,6736,NA,NA,NA,NA,-2.694800899,2.402544578,0.147198891,1.099194631,-19.67154612,NA,NA,/Users/trueman/Desktop/RNAscripts/OtoMet/Coldfish_data/ColdfishNAotolithNAFMRNAexploration.Rmd,NA,NA,NA,NA,NA,Upper slope,350-500,demersal,Modern
MDY_857,Blue_Ling,Gadiformes,Lotidae,Molva_dypterygia,Irish_Slope,MDY,NA,NA,NA,2008,SU_Deep,3.45,160,0.1,47.40740741,6914,NA,NA,NA,NA,-1.130449979,2.676993486,0.176738488,1.120762252,-19.67876477,NA,NA,/Users/trueman/Desktop/RNAscripts/OtoMet/Coldfish_data/ColdfishNAotolithNAFMRNAexploration.Rmd,NA,NA,NA,NA,NA,Upper slope,350-500,demersal,Modern
MMO_893,Common_mora,Gadiformes,Moridae,Mora_moro,Irish_Slope,MMO,NA,NA,NA,2006,SU_Deep,2.58,70.2,0.1,20.8,299,NA,NA,NA,NA,-1.159843351,1.651117141,0.182690772,1.153182484,-19.27063401,NA,NA,/Users/trueman/Desktop/RNAscripts/OtoMet/Coldfish_data/ColdfishNAotolithNAFMRNAexploration.Rmd,NA,NA,NA,NA,NA,Slope,50-2500,demersal,Modern
MMO_894,Common_mora,Gadiformes,Moridae,Mora_moro,Irish_Slope,MMO,NA,NA,NA,2006,SU_Deep,2.58,70.2,0.1,20.8,661,NA,NA,NA,NA,-1.713280352,2.052708393,0.182690772,1.153182484,-19.27063401,NA,NA,/Users/trueman/Desktop/RNAscripts/OtoMet/Coldfish_data/ColdfishNAotolithNAFMRNAexploration.Rmd,NA,NA,NA,NA,NA,Slope,50-2500,demersal,Modern
MMO_901,Common_mora,Gadiformes,Moridae,Mora_moro,Irish_Slope,MMO,NA,NA,NA,2009,SU_Deep,2.58,70.2,0.1,20.8,661,NA,NA,NA,NA,-1.410364105,2.343223381,0.176738488,1.138365442,-19.26234135,NA,NA,/Users/trueman/Desktop/RNAscripts/OtoMet/Coldfish_data/ColdfishNAotolithNAFMRNAexploration.Rmd,NA,NA,NA,NA,NA,Slope,50-2500,demersal,Modern
MMO_895,Common_mora,Gadiformes,Moridae,Mora_moro,Irish_Slope,MMO,NA,NA,NA,2009,SU_Deep,2.58,70.2,0.1,20.8,1138,NA,NA,NA,NA,-2.086740232,2.525908202,0.159677618,1.121536467,-19.28129486,NA,NA,/Users/trueman/Desktop/RNAscripts/OtoMet/Coldfish_data/ColdfishNAotolithNAFMRNAexploration.Rmd,NA,NA,NA,NA,NA,Slope,50-2500,demersal,Modern
MMO_892,Common_mora,Gadiformes,Moridae,Mora_moro,Irish_Slope,MMO,NA,NA,NA,2006,SU_Deep,2.58,70.2,0.1,20.8,1172,NA,NA,NA,NA,-1.340648416,2.276713255,0.182690772,1.153182484,-19.27063401,NA,NA,/Users/trueman/Desktop/RNAscripts/OtoMet/Coldfish_data/ColdfishNAotolithNAFMRNAexploration.Rmd,NA,NA,NA,NA,NA,Slope,50-2500,demersal,Modern
MMO_898,Common_mora,Gadiformes,Moridae,Mora_moro,Irish_Slope,MMO,NA,NA,NA,2009,SU_Deep,2.58,70.2,0.1,20.8,1243,NA,NA,NA,NA,-1.669359382,2.562445166,0.159677618,1.121536467,-19.28129486,NA,NA,/Users/trueman/Desktop/RNAscripts/OtoMet/Coldfish_data/ColdfishNAotolithNAFMRNAexploration.Rmd,NA,NA,NA,NA,NA,Slope,50-2500,demersal,Modern
MMO_905,Common_mora,Gadiformes,Moridae,Mora_moro,Irish_Slope,MMO,NA,NA,NA,2009,SU_Deep,2.58,70.2,0.1,20.8,1418,NA,NA,NA,NA,-1.757261714,2.035669387,0.159090269,1.125659407,-19.26883488,NA,NA,/Users/trueman/Desktop/RNAscripts/OtoMet/Coldfish_data/ColdfishNAotolithNAFMRNAexploration.Rmd,NA,NA,NA,NA,NA,Slope,50-2500,demersal,Modern
MMO_897,Common_mora,Gadiformes,Moridae,Mora_moro,Irish_Slope,MMO,NA,NA,NA,2009,SU_Deep,2.58,70.2,0.1,20.8,1569,NA,NA,NA,NA,-1.576718763,2.906090127,0.159677618,1.121536467,-19.28129486,NA,NA,/Users/trueman/Desktop/RNAscripts/OtoMet/Coldfish_data/ColdfishNAotolithNAFMRNAexploration.Rmd,NA,NA,NA,NA,NA,Slope,50-2500,demersal,Modern
MMO_903,Common_mora,Gadiformes,Moridae,Mora_moro,Irish_Slope,MMO,NA,NA,NA,2009,SU_Deep,2.58,70.2,0.1,20.8,1601,NA,NA,NA,NA,-1.992931425,2.638500661,0.159090269,1.125659407,-19.26883488,NA,NA,/Users/trueman/Desktop/RNAscripts/OtoMet/Coldfish_data/ColdfishNAotolithNAFMRNAexploration.Rmd,NA,NA,NA,NA,NA,Slope,50-2500,demersal,Modern
MMO_902,Common_mora,Gadiformes,Moridae,Mora_moro,Irish_Slope,MMO,NA,NA,NA,2009,SU_Deep,2.58,70.2,0.1,20.8,1698,NA,NA,NA,NA,-1.44,2.03,0.159090269,1.125659407,-19.26883488,NA,NA,/Users/trueman/Desktop/RNAscripts/OtoMet/Coldfish_data/ColdfishNAotolithNAFMRNAexploration.Rmd,NA,NA,NA,NA,NA,Slope,50-2500,demersal,Modern
MMO_896,Common_mora,Gadiformes,Moridae,Mora_moro,Irish_Slope,MMO,NA,NA,NA,2009,SU_Deep,2.58,70.2,0.1,20.8,1946,NA,NA,NA,NA,-1.383468441,2.649343892,0.159677618,1.121536467,-19.28129486,NA,NA,/Users/trueman/Desktop/RNAscripts/OtoMet/Coldfish_data/ColdfishNAotolithNAFMRNAexploration.Rmd,NA,NA,NA,NA,NA,Slope,50-2500,demersal,Modern
MMO_904,Common_mora,Gadiformes,Moridae,Mora_moro,Irish_Slope,MMO,NA,NA,NA,2009,SU_Deep,2.58,70.2,0.1,20.8,2246,NA,NA,NA,NA,-0.994874904,2.405683015,0.159090269,1.125659407,-19.26883488,NA,NA,/Users/trueman/Desktop/RNAscripts/OtoMet/Coldfish_data/ColdfishNAotolithNAFMRNAexploration.Rmd,NA,NA,NA,NA,NA,Slope,50-2500,demersal,Modern
SUMP08,Myctophidae,Myctophiformes,Myctophidae,Myctophum punctatum,EC Atlantic,Myc_punc,Lisboa,NA,NA,2023,Meso_pel,NA,NA,NA,NA,2.0594,4.979,NA,NA,NA,-3.128235733,1.581105633,0,1.4,-19,NA,NA,/Users/trueman/Desktop/RNAscripts/OtoMet/,NA,NA,NA,NA,NA,Mesopelagic,0-1000,pelagic,Modern
SUMP09,Myctophidae,Myctophiformes,Myctophidae,Myctophum punctatum,EC Atlantic,Myc_punc,Lisboa,NA,NA,2023,Meso_pel,NA,NA,NA,NA,2.1997,5.324,NA,NA,NA,-2.765954943,1.552202222,0,1.4,-19,NA,NA,/Users/trueman/Desktop/RNAscripts/OtoMet/,NA,NA,NA,NA,NA,Mesopelagic,0-1000,pelagic,Modern
SUMP10,Myctophidae,Myctophiformes,Myctophidae,Myctophum punctatum,EC Atlantic,Myc_punc,Lisboa,NA,NA,2023,Meso_pel,NA,NA,NA,NA,3.8412,6.525,NA,NA,NA,-2.890707281,1.886086458,0,1.4,-19,NA,NA,/Users/trueman/Desktop/RNAscripts/OtoMet/,NA,NA,NA,NA,NA,Mesopelagic,0-1000,pelagic,Modern
SUMP12,Myctophidae,Myctophiformes,Myctophidae,Myctophum punctatum,EC Atlantic,Myc_punc,Lisboa,NA,NA,2023,Meso_pel,NA,NA,NA,NA,2.5758,5.465,NA,NA,NA,-3.002485376,1.8521997,0,1.4,-19,NA,NA,/Users/trueman/Desktop/RNAscripts/OtoMet/,NA,NA,NA,NA,NA,Mesopelagic,0-1000,pelagic,Modern
SUMP13,Myctophidae,Myctophiformes,Myctophidae,Myctophum punctatum,EC Atlantic,Myc_punc,Lisboa,NA,NA,2023,Meso_pel,NA,NA,NA,NA,1.7,5.032,NA,NA,NA,-3.051388293,1.772466151,0,1.4,-19,NA,NA,/Users/trueman/Desktop/RNAscripts/OtoMet/,NA,NA,NA,NA,NA,Mesopelagic,0-1000,pelagic,Modern
SUMP14,Myctophidae,Myctophiformes,Myctophidae,Myctophum punctatum,EC Atlantic,Myc_punc,Lisboa,NA,NA,2023,Meso_pel,NA,NA,NA,NA,2.71,6.117,NA,NA,NA,-3.38472654,1.842233006,0,1.4,-19,NA,NA,/Users/trueman/Desktop/RNAscripts/OtoMet/,NA,NA,NA,NA,NA,Mesopelagic,0-1000,pelagic,Modern
SUMP15,Myctophidae,Myctophiformes,Myctophidae,Myctophum punctatum,EC Atlantic,Myc_punc,Lisboa,NA,NA,2023,Meso_pel,NA,NA,NA,NA,1.4679,4.835,NA,NA,NA,-3.132227808,1.491405391,0,1.4,-19,NA,NA,/Users/trueman/Desktop/RNAscripts/OtoMet/,NA,NA,NA,NA,NA,Mesopelagic,0-1000,pelagic,Modern
SUMP17,Myctophidae,Myctophiformes,Myctophidae,Myctophum punctatum,EC Atlantic,Myc_punc,Lisboa,NA,NA,2023,Meso_pel,NA,NA,NA,NA,1.72,5.086,NA,NA,NA,-3.559379813,1.75751611,0,1.4,-19,NA,NA,/Users/trueman/Desktop/RNAscripts/OtoMet/,NA,NA,NA,NA,NA,Mesopelagic,0-1000,pelagic,Modern
SUMP18,Myctophidae,Myctophiformes,Myctophidae,Myctophum punctatum,EC Atlantic,Myc_punc,Lisboa,NA,NA,2023,Meso_pel,NA,NA,NA,NA,3.34,6.375,NA,NA,NA,-3.612274804,1.85120303,0,1.4,-19,NA,NA,/Users/trueman/Desktop/RNAscripts/OtoMet/,NA,NA,NA,NA,NA,Mesopelagic,0-1000,pelagic,Modern
SUMP19,Myctophidae,Myctophiformes,Myctophidae,Myctophum punctatum,EC Atlantic,Myc_punc,Lisboa,NA,NA,2023,Meso_pel,NA,NA,NA,NA,2.5401,5.723,NA,NA,NA,-3.449597756,1.747549417,0,1.4,-19,NA,NA,/Users/trueman/Desktop/RNAscripts/OtoMet/,NA,NA,NA,NA,NA,Mesopelagic,0-1000,pelagic,Modern
SUMP20,Myctophidae,Myctophiformes,Myctophidae,Myctophum punctatum,EC Atlantic,Myc_punc,Lisboa,NA,NA,2023,Meso_pel,NA,NA,NA,NA,1.8574,5.048,NA,NA,NA,-3.585328299,1.724626021,0,1.4,-19,NA,NA,/Users/trueman/Desktop/RNAscripts/OtoMet/,NA,NA,NA,NA,NA,Mesopelagic,0-1000,pelagic,Modern
SUMP21,Myctophidae,Myctophiformes,Myctophidae,Myctophum punctatum,EC Atlantic,Myc_punc,Lisboa,NA,NA,2023,Meso_pel,NA,NA,NA,NA,1.9133,5.213,NA,NA,NA,-3.064362536,1.691735932,0,1.4,-19,NA,NA,/Users/trueman/Desktop/RNAscripts/OtoMet/,NA,NA,NA,NA,NA,Mesopelagic,0-1000,pelagic,Modern
SUMP22,Myctophidae,Myctophiformes,Myctophidae,Myctophum punctatum,EC Atlantic,Myc_punc,Lisboa,NA,NA,2023,Meso_pel,NA,NA,NA,NA,2.0062,5.064,NA,NA,NA,-2.80687371,1.794392877,0,1.4,-19,NA,NA,/Users/trueman/Desktop/RNAscripts/OtoMet/,NA,NA,NA,NA,NA,Mesopelagic,0-1000,pelagic,Modern
SUMP23,Myctophidae,Myctophiformes,Myctophidae,Myctophum punctatum,EC Atlantic,Myc_punc,Lisboa,NA,NA,2023,Meso_pel,NA,NA,NA,NA,2.2733,5.502,NA,NA,NA,-3.567363963,1.702699295,0,1.4,-19,NA,NA,/Users/trueman/Desktop/RNAscripts/OtoMet/,NA,NA,NA,NA,NA,Mesopelagic,0-1000,pelagic,Modern
SUMP24,Myctophidae,Myctophiformes,Myctophidae,Myctophum punctatum,EC Atlantic,Myc_punc,Lisboa,NA,NA,2023,Meso_pel,NA,NA,NA,NA,0.6643,3.724,NA,NA,NA,-3.694112338,1.596055674,0,1.4,-19,NA,NA,/Users/trueman/Desktop/RNAscripts/OtoMet/,NA,NA,NA,NA,NA,Mesopelagic,0-1000,pelagic,Modern
SUMP25,Myctophidae,Myctophiformes,Myctophidae,Myctophum punctatum,EC Atlantic,Myc_punc,Lisboa,NA,NA,2023,Meso_pel,NA,NA,NA,NA,1.0681,4.434,NA,NA,NA,-3.528441233,1.735589384,0,1.4,-19,NA,NA,/Users/trueman/Desktop/RNAscripts/OtoMet/,NA,NA,NA,NA,NA,Mesopelagic,0-1000,pelagic,Modern
SUMP27,Myctophidae,Myctophiformes,Myctophidae,Myctophum punctatum,EC Atlantic,Myc_punc,Lisboa,NA,NA,2023,Meso_pel,NA,NA,NA,NA,0.947,4.078,NA,NA,NA,-4.413683824,1.153534477,0,1.4,-19,NA,NA,/Users/trueman/Desktop/RNAscripts/OtoMet/,NA,NA,NA,NA,NA,Mesopelagic,0-1000,pelagic,Modern
SUMP28,Myctophidae,Myctophiformes,Myctophidae,Myctophum punctatum,EC Atlantic,Myc_punc,Lisboa,NA,NA,2023,Meso_pel,NA,NA,NA,NA,1.6488,4.89,NA,NA,NA,-4.208091971,1.63293244,0,1.4,-19,NA,NA,/Users/trueman/Desktop/RNAscripts/OtoMet/,NA,NA,NA,NA,NA,Mesopelagic,0-1000,pelagic,Modern
SUMP29,Myctophidae,Myctophiformes,Myctophidae,Myctophum punctatum,EC Atlantic,Myc_punc,Lisboa,NA,NA,2023,Meso_pel,NA,NA,NA,NA,1.817,5.252,NA,NA,NA,-3.094303097,1.864159732,0,1.4,-19,NA,NA,/Users/trueman/Desktop/RNAscripts/OtoMet/,NA,NA,NA,NA,NA,Mesopelagic,0-1000,pelagic,Modern
SUMP30,Myctophidae,Myctophiformes,Myctophidae,Myctophum punctatum,EC Atlantic,Myc_punc,Lisboa,NA,NA,2023,Meso_pel,NA,NA,NA,NA,1.941,5.473,NA,NA,NA,-3.274944482,1.731602707,0,1.4,-19,NA,NA,/Users/trueman/Desktop/RNAscripts/OtoMet/,NA,NA,NA,NA,NA,Mesopelagic,0-1000,pelagic,Modern
SUMP32,Myctophidae,Myctophiformes,Myctophidae,Myctophum punctatum,EC Atlantic,Myc_punc,Lisboa,NA,NA,2023,Meso_pel,NA,NA,NA,NA,1.0324,4.278,NA,NA,NA,-3.408678989,1.723629352,0,1.4,-19,NA,NA,/Users/trueman/Desktop/RNAscripts/OtoMet/,NA,NA,NA,NA,NA,Mesopelagic,0-1000,pelagic,Modern
SUMP33,Myctophidae,Myctophiformes,Myctophidae,Myctophum punctatum,EC Atlantic,Myc_punc,Lisboa,NA,NA,2023,Meso_pel,NA,NA,NA,NA,1.2618,4.704,NA,NA,NA,-3.732037049,1.769476143,0,1.4,-19,NA,NA,/Users/trueman/Desktop/RNAscripts/OtoMet/,NA,NA,NA,NA,NA,Mesopelagic,0-1000,pelagic,Modern
SUMP34,Myctophidae,Myctophiformes,Myctophidae,Myctophum punctatum,EC Atlantic,Myc_punc,Lisboa,NA,NA,2023,Meso_pel,NA,NA,NA,NA,2.2127,5.107,NA,NA,NA,-3.283926651,1.743562739,0,1.4,-19,NA,NA,/Users/trueman/Desktop/RNAscripts/OtoMet/,NA,NA,NA,NA,NA,Mesopelagic,0-1000,pelagic,Modern
SUMP35,Myctophidae,Myctophiformes,Myctophidae,Myctophum punctatum,EC Atlantic,Myc_punc,Lisboa,NA,NA,2023,Meso_pel,NA,NA,NA,NA,1.747,5.227,NA,NA,NA,-3.852797312,1.342901656,0,1.4,-19,NA,NA,/Users/trueman/Desktop/RNAscripts/OtoMet/,NA,NA,NA,NA,NA,Mesopelagic,0-1000,pelagic,Modern
SUMP38,Myctophidae,Myctophiformes,Myctophidae,Myctophum punctatum,EC Atlantic,Myc_punc,Lisboa,NA,NA,2023,Meso_pel,NA,NA,NA,NA,2.7904,5.801,NA,NA,NA,-3.62325301,1.722632683,0,1.4,-19,NA,NA,/Users/trueman/Desktop/RNAscripts/OtoMet/,NA,NA,NA,NA,NA,Mesopelagic,0-1000,pelagic,Modern
SUMP39,Myctophidae,Myctophiformes,Myctophidae,Myctophum punctatum,EC Atlantic,Myc_punc,Lisboa,NA,NA,2023,Meso_pel,NA,NA,NA,NA,2.2004,5.723,NA,NA,NA,-2.295888133,1.766486134,0,1.4,-19,NA,NA,/Users/trueman/Desktop/RNAscripts/OtoMet/,NA,NA,NA,NA,NA,Mesopelagic,0-1000,pelagic,Modern
SUMP40,Myctophidae,Myctophiformes,Myctophidae,Myctophum punctatum,EC Atlantic,Myc_punc,Lisboa,NA,NA,2023,Meso_pel,NA,NA,NA,NA,2.5033,5.277,NA,NA,NA,-3.493510579,1.718646005,0,1.4,-19,NA,NA,/Users/trueman/Desktop/RNAscripts/OtoMet/,NA,NA,NA,NA,NA,Mesopelagic,0-1000,pelagic,Modern
SUMP41,Myctophidae,Myctophiformes,Myctophidae,Myctophum punctatum,EC Atlantic,Myc_punc,Lisboa,NA,NA,2023,Meso_pel,NA,NA,NA,NA,1.489,4.741,NA,NA,NA,-3.612274804,1.494395399,0,1.4,-19,NA,NA,/Users/trueman/Desktop/RNAscripts/OtoMet/,NA,NA,NA,NA,NA,Mesopelagic,0-1000,pelagic,Modern
MINK020,Lancet_fish,Myctophiformes,Myctophidae,Notoscopelus_kroyeri,Irish_Slope,NK_Meso,NA,NA,09_2022,2022,Meso_pel,1.65,14.9,0.2,NA,6.81,8.6,NA,NA,NA,-2.104960938,2.769128281,0,1.4,-22,NA,NA,/Users/trueman/Desktop/RNAscripts/OtoMet/Lauren_wrasse,NA,NA,NA,NA,NA,Mesopelagic,800-900,pelagic,Modern
MINK021,Lancet_fish,Myctophiformes,Myctophidae,Notoscopelus_kroyeri,Irish_Slope,NK_Meso,NA,NA,09_2022,2022,Meso_pel,1.65,14.9,0.2,NA,7.83,9,NA,NA,NA,-3.018380083,2.803029343,0,1.4,-22,NA,NA,/Users/trueman/Desktop/RNAscripts/OtoMet/Lauren_wrasse,NA,NA,NA,NA,NA,Mesopelagic,800-900,pelagic,Modern
MINK019,Lancet_fish,Myctophiformes,Myctophidae,Notoscopelus_kroyeri,Irish_Slope,NK_Meso,NA,NA,09_2022,2022,Meso_pel,1.65,14.9,0.2,NA,8.63,9.1,NA,NA,NA,-2.313480899,2.88578782,0,1.4,-22,NA,NA,/Users/trueman/Desktop/RNAscripts/OtoMet/Lauren_wrasse,NA,NA,NA,NA,NA,Mesopelagic,800-900,pelagic,Modern
MINK016,Lancet_fish,Myctophiformes,Myctophidae,Notoscopelus_kroyeri,Irish_Slope,NK_Meso,NA,NA,09_2022,2022,Meso_pel,1.65,14.9,0.2,NA,16.04,11.2,NA,NA,NA,-1.996123691,2.825962415,0,1.4,-22,NA,NA,/Users/trueman/Desktop/RNAscripts/OtoMet/Lauren_wrasse,NA,NA,NA,NA,NA,Mesopelagic,800-900,pelagic,Modern
MINK007,Lancet_fish,Myctophiformes,Myctophidae,Notoscopelus_kroyeri,Irish_Slope,NK_Meso,NA,NA,09_2022,2022,Meso_pel,1.65,14.9,0.2,NA,16.32,11.9,NA,NA,NA,-1.439731405,3.091188375,0,1.4,-22,NA,NA,/Users/trueman/Desktop/RNAscripts/OtoMet/Lauren_wrasse,NA,NA,NA,NA,NA,Mesopelagic,800-900,pelagic,Modern
MINK006,Lancet_fish,Myctophiformes,Myctophidae,Notoscopelus_kroyeri,Irish_Slope,NK_Meso,NA,NA,09_2022,2022,Meso_pel,1.65,14.9,0.2,NA,16.97,10.9,NA,NA,NA,-1.815067334,3.034354241,0,1.4,-22,NA,NA,/Users/trueman/Desktop/RNAscripts/OtoMet/Lauren_wrasse,NA,NA,NA,NA,NA,Mesopelagic,800-900,pelagic,Modern
MINK022,Lancet_fish,Myctophiformes,Myctophidae,Notoscopelus_kroyeri,Irish_Slope,NK_Meso,NA,NA,09_2022,2022,Meso_pel,1.65,14.9,0.2,NA,18.38,11.2,NA,NA,NA,-2.14564776,2.941624864,0,1.4,-22,NA,NA,/Users/trueman/Desktop/RNAscripts/OtoMet/Lauren_wrasse,NA,NA,NA,NA,NA,Mesopelagic,800-900,pelagic,Modern
MINK011,Lancet_fish,Myctophiformes,Myctophidae,Notoscopelus_kroyeri,Irish_Slope,NK_Meso,NA,NA,09_2022,2022,Meso_pel,1.65,14.9,0.2,NA,19.48,12.3,NA,NA,NA,-1.831342063,3.062272763,0,1.4,-22,NA,NA,/Users/trueman/Desktop/RNAscripts/OtoMet/Lauren_wrasse,NA,NA,NA,NA,NA,Mesopelagic,800-900,pelagic,Modern
MINK026,Lancet_fish,Myctophiformes,Myctophidae,Notoscopelus_kroyeri,Irish_Slope,NK_Meso,NA,NA,09_2022,2022,Meso_pel,1.65,14.9,0.2,NA,19.53,11.9,NA,NA,NA,-1.303430553,2.913706342,0,1.4,-22,NA,NA,/Users/trueman/Desktop/RNAscripts/OtoMet/Lauren_wrasse,NA,NA,NA,NA,NA,Mesopelagic,800-900,pelagic,Modern
MINK008,Lancet_fish,Myctophiformes,Myctophidae,Notoscopelus_kroyeri,Irish_Slope,NK_Meso,NA,NA,09_2022,2022,Meso_pel,1.65,14.9,0.2,NA,20.02,12.1,NA,NA,NA,-2.140561907,3.044325142,0,1.4,-22,NA,NA,/Users/trueman/Desktop/RNAscripts/OtoMet/Lauren_wrasse,NA,NA,NA,NA,NA,Mesopelagic,800-900,pelagic,Modern
MINK025,Lancet_fish,Myctophiformes,Myctophidae,Notoscopelus_kroyeri,Irish_Slope,NK_Meso,NA,NA,09_2022,2022,Meso_pel,1.65,14.9,0.2,NA,20.03,11.4,NA,NA,NA,-1.75098559,2.852883847,0,1.4,-22,NA,NA,/Users/trueman/Desktop/RNAscripts/OtoMet/Lauren_wrasse,NA,NA,NA,NA,NA,Mesopelagic,800-900,pelagic,Modern
MINK012,Lancet_fish,Myctophiformes,Myctophidae,Notoscopelus_kroyeri,Irish_Slope,NK_Meso,NA,NA,09_2022,2022,Meso_pel,1.65,14.9,0.2,NA,20.15,12,NA,NA,NA,-1.088807569,2.923677242,0,1.4,-22,NA,NA,/Users/trueman/Desktop/RNAscripts/OtoMet/Lauren_wrasse,NA,NA,NA,NA,NA,Mesopelagic,800-900,pelagic,Modern
MINK027,Lancet_fish,Myctophiformes,Myctophidae,Notoscopelus_kroyeri,Irish_Slope,NK_Meso,NA,NA,09_2022,2022,Meso_pel,1.65,14.9,0.2,NA,20.15,12,NA,NA,NA,-1.984934815,2.903735441,0,1.4,-22,NA,NA,/Users/trueman/Desktop/RNAscripts/OtoMet/Lauren_wrasse,NA,NA,NA,NA,NA,Mesopelagic,800-900,pelagic,Modern
MINK017,Lancet_fish,Myctophiformes,Myctophidae,Notoscopelus_kroyeri,Irish_Slope,NK_Meso,NA,NA,09_2022,2022,Meso_pel,1.65,14.9,0.2,NA,20.97,11.8,NA,NA,NA,-2.006295396,3.143037059,0,1.4,-22,NA,NA,/Users/trueman/Desktop/RNAscripts/OtoMet/Lauren_wrasse,NA,NA,NA,NA,NA,Mesopelagic,800-900,pelagic,Modern
MINK003,Lancet_fish,Myctophiformes,Myctophidae,Notoscopelus_kroyeri,Irish_Slope,NK_Meso,NA,NA,09_2022,2022,Meso_pel,1.65,14.9,0.2,NA,21.84,12,NA,NA,NA,-2.103943768,3.128080708,0,1.4,-22,NA,NA,/Users/trueman/Desktop/RNAscripts/OtoMet/Lauren_wrasse,NA,NA,NA,NA,NA,Mesopelagic,800-900,pelagic,Modern
MINK013,Lancet_fish,Myctophiformes,Myctophidae,Notoscopelus_kroyeri,Irish_Slope,NK_Meso,NA,NA,09_2022,2022,Meso_pel,1.65,14.9,0.2,NA,22.15,12.2,NA,NA,NA,-1.320722452,3.02039498,0,1.4,-22,NA,NA,/Users/trueman/Desktop/RNAscripts/OtoMet/Lauren_wrasse,NA,NA,NA,NA,NA,Mesopelagic,800-900,pelagic,Modern
MINK015,Lancet_fish,Myctophiformes,Myctophidae,Notoscopelus_kroyeri,Irish_Slope,NK_Meso,NA,NA,09_2022,2022,Meso_pel,1.65,14.9,0.2,NA,22.16,11.8,NA,NA,NA,-1.65638873,2.900744171,0,1.4,-22,NA,NA,/Users/trueman/Desktop/RNAscripts/OtoMet/Lauren_wrasse,NA,NA,NA,NA,NA,Mesopelagic,800-900,pelagic,Modern
MINK009,Lancet_fish,Myctophiformes,Myctophidae,Notoscopelus_kroyeri,Irish_Slope,NK_Meso,NA,NA,09_2022,2022,Meso_pel,1.65,14.9,0.2,NA,24.03,12.4,NA,NA,NA,-1.526190901,3.144034149,0,1.4,-22,NA,NA,/Users/trueman/Desktop/RNAscripts/OtoMet/Lauren_wrasse,NA,NA,NA,NA,NA,Mesopelagic,800-900,pelagic,Modern
MINK005,Lancet_fish,Myctophiformes,Myctophidae,Notoscopelus_kroyeri,Irish_Slope,NK_Meso,NA,NA,09_2022,2022,Meso_pel,1.65,14.9,0.2,NA,24.3,12.5,NA,NA,NA,-1.606547374,3.092185465,0,1.4,-22,NA,NA,/Users/trueman/Desktop/RNAscripts/OtoMet/Lauren_wrasse,NA,NA,NA,NA,NA,Mesopelagic,800-900,pelagic,Modern
MINK002,Lancet_fish,Myctophiformes,Myctophidae,Notoscopelus_kroyeri,Irish_Slope,NK_Meso,NA,NA,09_2022,2022,Meso_pel,1.65,14.9,0.2,NA,25,12.5,NA,NA,NA,-1.294276018,3.140045789,0,1.4,-22,NA,NA,/Users/trueman/Desktop/RNAscripts/OtoMet/Lauren_wrasse,NA,NA,NA,NA,NA,Mesopelagic,800-900,pelagic,Modern
MINK014,Lancet_fish,Myctophiformes,Myctophidae,Notoscopelus_kroyeri,Irish_Slope,NK_Meso,NA,NA,09_2022,2022,Meso_pel,1.65,14.9,0.2,NA,25.22,12.9,NA,NA,NA,-1.549585824,3.089194195,0,1.4,-22,NA,NA,/Users/trueman/Desktop/RNAscripts/OtoMet/Lauren_wrasse,NA,NA,NA,NA,NA,Mesopelagic,800-900,pelagic,Modern
MINK004,Lancet_fish,Myctophiformes,Myctophidae,Notoscopelus_kroyeri,Irish_Slope,NK_Meso,NA,NA,09_2022,2022,Meso_pel,1.65,14.9,0.2,NA,28.86,13,NA,NA,NA,-1.517036366,3.14802251,0,1.4,-22,NA,NA,/Users/trueman/Desktop/RNAscripts/OtoMet/Lauren_wrasse,NA,NA,NA,NA,NA,Mesopelagic,800-900,pelagic,Modern
MINK018,Lancet_fish,Myctophiformes,Myctophidae,Notoscopelus_kroyeri,Irish_Slope,NK_Meso,NA,NA,09_2022,2022,Meso_pel,1.65,14.9,0.2,NA,37.78,14.2,NA,NA,NA,-1.303430553,3.266676229,0,1.4,-22,NA,NA,/Users/trueman/Desktop/RNAscripts/OtoMet/Lauren_wrasse,NA,NA,NA,NA,NA,Mesopelagic,800-900,pelagic,Modern
MINK010,Lancet_fish,Myctophiformes,Myctophidae,Notoscopelus_kroyeri,Irish_Slope,NK_Meso,NA,NA,09_2022,2022,Meso_pel,1.65,14.9,0.2,NA,44.41,15,NA,NA,NA,-1.171198383,2.937636504,0,1.4,-22,NA,NA,/Users/trueman/Desktop/RNAscripts/OtoMet/Lauren_wrasse,NA,NA,NA,NA,NA,Mesopelagic,800-900,pelagic,Modern
PBL_984,Greater_forkbeard,Gadiformes,Phycidae,Phycis_blennoides,Irish_Slope,PBL,NA,NA,NA,2006,SU_Deep,2.8,57.2,0.2,16.94814815,293,NA,NA,NA,NA,-1.631093193,2.380403705,0.055448863,1.149181685,-19.1138516,NA,NA,/Users/trueman/Desktop/RNAscripts/OtoMet/Coldfish_data/ColdfishNAotolithNAFMRNAexploration.Rmd,NA,NA,NA,NA,NA,Upper slope,100-450,demersal,Modern
PBL_996,Greater_forkbeard,Gadiformes,Phycidae,Phycis_blennoides,Irish_Slope,PBL,NA,NA,NA,2006,SU_Deep,2.8,57.2,0.2,16.94814815,293,NA,NA,NA,NA,-2.142538482,2.417876183,0.055448863,1.154764415,-19.10526778,NA,NA,/Users/trueman/Desktop/RNAscripts/OtoMet/Coldfish_data/ColdfishNAotolithNAFMRNAexploration.Rmd,NA,NA,NA,NA,NA,Upper slope,100-450,demersal,Modern
PBL_995,Greater_forkbeard,Gadiformes,Phycidae,Phycis_blennoides,Irish_Slope,PBL,NA,NA,NA,2006,SU_Deep,2.8,57.2,0.2,16.94814815,460,NA,NA,NA,NA,-1.40502728,2.488361437,0.055448863,1.154764415,-19.10526778,NA,NA,/Users/trueman/Desktop/RNAscripts/OtoMet/Coldfish_data/ColdfishNAotolithNAFMRNAexploration.Rmd,NA,NA,NA,NA,NA,Upper slope,100-450,demersal,Modern
PBL_983,Greater_forkbeard,Gadiformes,Phycidae,Phycis_blennoides,Irish_Slope,PBL,NA,NA,NA,2006,SU_Deep,2.8,57.2,0.2,16.94814815,542,NA,NA,NA,NA,-1.8863942,1.916609587,0.055448863,1.149181685,-19.1138516,NA,NA,/Users/trueman/Desktop/RNAscripts/OtoMet/Coldfish_data/ColdfishNAotolithNAFMRNAexploration.Rmd,NA,NA,NA,NA,NA,Upper slope,100-450,demersal,Modern
PBL_992,Greater_forkbeard,Gadiformes,Phycidae,Phycis_blennoides,Irish_Slope,PBL,NA,NA,NA,2006,SU_Deep,2.8,57.2,0.2,16.94814815,542,NA,NA,NA,NA,-1.795239567,1.469799875,0.055448863,1.154764415,-19.10526778,NA,NA,/Users/trueman/Desktop/RNAscripts/OtoMet/Coldfish_data/ColdfishNAotolithNAFMRNAexploration.Rmd,NA,NA,NA,NA,NA,Upper slope,100-450,demersal,Modern
PBL_989,Greater_forkbeard,Gadiformes,Phycidae,Phycis_blennoides,Irish_Slope,PBL,NA,NA,NA,2006,SU_Deep,2.8,57.2,0.2,16.94814815,633,NA,NA,NA,NA,-2.514787032,2.247123173,0.055448863,1.154764415,-19.10526778,NA,NA,/Users/trueman/Desktop/RNAscripts/OtoMet/Coldfish_data/ColdfishNAotolithNAFMRNAexploration.Rmd,NA,NA,NA,NA,NA,Upper slope,100-450,demersal,Modern
PBL_993,Greater_forkbeard,Gadiformes,Phycidae,Phycis_blennoides,Irish_Slope,PBL,NA,NA,NA,2006,SU_Deep,2.8,57.2,0.2,16.94814815,633,NA,NA,NA,NA,-1.641549817,2.305695426,0.055448863,1.154764415,-19.10526778,NA,NA,/Users/trueman/Desktop/RNAscripts/OtoMet/Coldfish_data/ColdfishNAotolithNAFMRNAexploration.Rmd,NA,NA,NA,NA,NA,Upper slope,100-450,demersal,Modern
PBL_991,Greater_forkbeard,Gadiformes,Phycidae,Phycis_blennoides,Irish_Slope,PBL,NA,NA,NA,2006,SU_Deep,2.8,57.2,0.2,16.94814815,734,NA,NA,NA,NA,-1.247345588,2.474462937,0.055448863,1.154764415,-19.10526778,NA,NA,/Users/trueman/Desktop/RNAscripts/OtoMet/Coldfish_data/ColdfishNAotolithNAFMRNAexploration.Rmd,NA,NA,NA,NA,NA,Upper slope,100-450,demersal,Modern
PBL_987,Greater_forkbeard,Gadiformes,Phycidae,Phycis_blennoides,Irish_Slope,PBL,NA,NA,NA,2006,SU_Deep,2.8,57.2,0.2,16.94814815,789,NA,NA,NA,NA,-1.024462461,2.119530459,0.235616626,1.127124812,-19.1011119,NA,NA,/Users/trueman/Desktop/RNAscripts/OtoMet/Coldfish_data/ColdfishNAotolithNAFMRNAexploration.Rmd,NA,NA,NA,NA,NA,Upper slope,100-450,demersal,Modern
PBL_988,Greater_forkbeard,Gadiformes,Phycidae,Phycis_blennoides,Irish_Slope,PBL,NA,NA,NA,2006,SU_Deep,2.8,57.2,0.2,16.94814815,1035,NA,NA,NA,NA,-1.231377822,2.575723443,0.055448863,1.154764415,-19.10526778,NA,NA,/Users/trueman/Desktop/RNAscripts/OtoMet/Coldfish_data/ColdfishNAotolithNAFMRNAexploration.Rmd,NA,NA,NA,NA,NA,Upper slope,100-450,demersal,Modern
PBL_990,Greater_forkbeard,Gadiformes,Phycidae,Phycis_blennoides,Irish_Slope,PBL,NA,NA,NA,2006,SU_Deep,2.8,57.2,0.2,16.94814815,1035,NA,NA,NA,NA,-2.762287408,2.157775667,0.055448863,1.154764415,-19.10526778,NA,NA,/Users/trueman/Desktop/RNAscripts/OtoMet/Coldfish_data/ColdfishNAotolithNAFMRNAexploration.Rmd,NA,NA,NA,NA,NA,Upper slope,100-450,demersal,Modern
PBL_994,Greater_forkbeard,Gadiformes,Phycidae,Phycis_blennoides,Irish_Slope,PBL,NA,NA,NA,2006,SU_Deep,2.8,57.2,0.2,16.94814815,1585,NA,NA,NA,NA,-2.768275321,2.37022418,0.055448863,1.154764415,-19.10526778,NA,NA,/Users/trueman/Desktop/RNAscripts/OtoMet/Coldfish_data/ColdfishNAotolithNAFMRNAexploration.Rmd,NA,NA,NA,NA,NA,Upper slope,100-450,demersal,Modern
PBL_986,Greater_forkbeard,Gadiformes,Phycidae,Phycis_blennoides,Irish_Slope,PBL,NA,NA,NA,2006,SU_Deep,2.8,57.2,0.2,16.94814815,1872,NA,NA,NA,NA,-1.26772454,2.382492662,0.235616626,1.127124812,-19.1011119,NA,NA,/Users/trueman/Desktop/RNAscripts/OtoMet/Coldfish_data/ColdfishNAotolithNAFMRNAexploration.Rmd,NA,NA,NA,NA,NA,Upper slope,100-450,demersal,Modern
PBL_997,Greater_forkbeard,Gadiformes,Phycidae,Phycis_blennoides,Irish_Slope,PBL,NA,NA,NA,2006,SU_Deep,2.8,57.2,0.2,16.94814815,2308,NA,NA,NA,NA,-1.498837906,2.253079673,0.176738488,1.138365442,-19.10064818,NA,NA,/Users/trueman/Desktop/RNAscripts/OtoMet/Coldfish_data/ColdfishNAotolithNAFMRNAexploration.Rmd,NA,NA,NA,NA,NA,Upper slope,100-450,demersal,Modern
PBL_985,Greater_forkbeard,Gadiformes,Phycidae,Phycis_blennoides,Irish_Slope,PBL,NA,NA,NA,2006,SU_Deep,2.8,57.2,0.2,16.94814815,2549,NA,NA,NA,NA,-2.042608861,2.251042603,0.235616626,1.127124812,-19.1011119,NA,NA,/Users/trueman/Desktop/RNAscripts/OtoMet/Coldfish_data/ColdfishNAotolithNAFMRNAexploration.Rmd,NA,NA,NA,NA,NA,Upper slope,100-450,demersal,Modern
214,plaice,Pleuronectiformes,Pleuronectidae,Pleuronectes_platessa,NorthSea,NS_PLA_A,1,37F2,NA,1985,J_Jones_PhD,2.51,54.4,0.1,16.11851852,300,32,M,4,NA,0.021396871,2.495405153,0.250919693,0.612820513,-19,NA,NA,/Users/trueman/Desktop/RNAscripts/OtoMet/Coldfish_data/ColdfishNAotolithNAFMRNAexploration.Rmd,NA,NA,NA,NA,NA,Shelf,0-50,benthic,Modern
215,plaice,Pleuronectiformes,Pleuronectidae,Pleuronectes_platessa,NorthSea,NS_PLA_A,1,37F2,NA,1985,J_Jones_PhD,2.51,54.4,0.1,16.11851852,340,33,M,4,NA,0.808401634,2.377242409,0.250919693,0.612820513,-19,NA,NA,/Users/trueman/Desktop/RNAscripts/OtoMet/Coldfish_data/ColdfishNAotolithNAFMRNAexploration.Rmd,NA,NA,NA,NA,NA,Shelf,0-50,benthic,Modern
213,plaice,Pleuronectiformes,Pleuronectidae,Pleuronectes_platessa,NorthSea,NS_PLA_A,1,37F2,NA,1985,J_Jones_PhD,2.51,54.4,0.1,16.11851852,390,32,M,4,NA,-0.579559033,2.638517628,0.250919693,0.612820513,-19,NA,NA,/Users/trueman/Desktop/RNAscripts/OtoMet/Coldfish_data/ColdfishNAotolithNAFMRNAexploration.Rmd,NA,NA,NA,NA,NA,Shelf,0-50,benthic,Modern
260,plaice,Pleuronectiformes,Pleuronectidae,Pleuronectes_platessa,NorthSea,NS_PLA_A,1,37F2,NA,1986,J_Jones_PhD,2.51,54.4,0.1,16.11851852,400,34,M,4,NA,-0.1846851,2.627726654,0.250919693,0.612820513,-19,NA,NA,/Users/trueman/Desktop/RNAscripts/OtoMet/Coldfish_data/ColdfishNAotolithNAFMRNAexploration.Rmd,NA,NA,NA,NA,NA,Shelf,0-50,benthic,Modern
148,plaice,Pleuronectiformes,Pleuronectidae,Pleuronectes_platessa,NorthSea,NS_PLA_A,1,37F2,NA,2002,J_Jones_PhD,2.51,54.4,0.1,16.11851852,437,34,M,4,NA,-1.471975501,2.592160281,0.250919693,0.5,-19,NA,NA,/Users/trueman/Desktop/RNAscripts/OtoMet/Coldfish_data/ColdfishNAotolithNAFMRNAexploration.Rmd,NA,NA,NA,NA,NA,Shelf,0-50,benthic,Modern
204,plaice,Pleuronectiformes,Pleuronectidae,Pleuronectes_platessa,NorthSea,NS_PLA_A,1,37F2,NA,1985,J_Jones_PhD,2.51,54.4,0.1,16.11851852,710,38,F,4,NA,-0.449863442,2.39868086,0.250919693,0.612820513,-19,NA,NA,/Users/trueman/Desktop/RNAscripts/OtoMet/Coldfish_data/ColdfishNAotolithNAFMRNAexploration.Rmd,NA,NA,NA,NA,NA,Shelf,0-50,benthic,Modern
140,plaice,Pleuronectiformes,Pleuronectidae,Pleuronectes_platessa,NorthSea,NS_PLA_A,2,41F4,NA,2002,J_Jones_PhD,2.51,54.4,0.1,16.11851852,195,29,M,4,NA,-0.850124283,2.166761662,0.284920432,0.8,-19,NA,NA,/Users/trueman/Desktop/RNAscripts/OtoMet/Coldfish_data/ColdfishNAotolithNAFMRNAexploration.Rmd,NA,NA,NA,NA,NA,Shelf,0-50,benthic,Modern
219,plaice,Pleuronectiformes,Pleuronectidae,Pleuronectes_platessa,NorthSea,NS_PLA_A,2,37F2,NA,1985,J_Jones_PhD,2.51,54.4,0.1,16.11851852,320,32,F,4,NA,0.169920683,2.877312096,0.250919693,0.612820513,-19,NA,NA,/Users/trueman/Desktop/RNAscripts/OtoMet/Coldfish_data/ColdfishNAotolithNAFMRNAexploration.Rmd,NA,NA,NA,NA,NA,Shelf,0-50,benthic,Modern
220,plaice,Pleuronectiformes,Pleuronectidae,Pleuronectes_platessa,NorthSea,NS_PLA_A,2,37F2,NA,1985,J_Jones_PhD,2.51,54.4,0.1,16.11851852,370,34,F,4,NA,0.593018868,2.727187656,0.250919693,0.612820513,-19,NA,NA,/Users/trueman/Desktop/RNAscripts/OtoMet/Coldfish_data/ColdfishNAotolithNAFMRNAexploration.Rmd,NA,NA,NA,NA,NA,Shelf,0-50,benthic,Modern
137,plaice,Pleuronectiformes,Pleuronectidae,Pleuronectes_platessa,NorthSea,NS_PLA_A,3,43F4,NA,2002,J_Jones_PhD,2.51,54.4,0.1,16.11851852,215,28,F,4,NA,-0.059764259,2.029554101,0.066121871,0.6,-19,NA,NA,/Users/trueman/Desktop/RNAscripts/OtoMet/Coldfish_data/ColdfishNAotolithNAFMRNAexploration.Rmd,NA,NA,NA,NA,NA,Shelf,0-50,benthic,Modern
138,plaice,Pleuronectiformes,Pleuronectidae,Pleuronectes_platessa,NorthSea,NS_PLA_A,3,43F4,NA,2002,J_Jones_PhD,2.51,54.4,0.1,16.11851852,225,30,F,4,NA,-0.901790043,2.10297783,0.066121871,0.6,-19,NA,NA,/Users/trueman/Desktop/RNAscripts/OtoMet/Coldfish_data/ColdfishNAotolithNAFMRNAexploration.Rmd,NA,NA,NA,NA,NA,Shelf,0-50,benthic,Modern
135,plaice,Pleuronectiformes,Pleuronectidae,Pleuronectes_platessa,NorthSea,NS_PLA_A,3,41F4,NA,2002,J_Jones_PhD,2.51,54.4,0.1,16.11851852,230,29,M,4,NA,-0.860982647,1.94025497,0.284920432,0.6,-19,NA,NA,/Users/trueman/Desktop/RNAscripts/OtoMet/Coldfish_data/ColdfishNAotolithNAFMRNAexploration.Rmd,NA,NA,NA,NA,NA,Shelf,0-50,benthic,Modern
139,plaice,Pleuronectiformes,Pleuronectidae,Pleuronectes_platessa,NorthSea,NS_PLA_A,3,43F4,NA,2002,J_Jones_PhD,2.51,54.4,0.1,16.11851852,260,31,F,4,NA,-0.158514114,2.30324787,0.066121871,0.6,-19,NA,NA,/Users/trueman/Desktop/RNAscripts/OtoMet/Coldfish_data/ColdfishNAotolithNAFMRNAexploration.Rmd,NA,NA,NA,NA,NA,Shelf,0-50,benthic,Modern
133,plaice,Pleuronectiformes,Pleuronectidae,Pleuronectes_platessa,NorthSea,NS_PLA_A,3,41F4,NA,2002,J_Jones_PhD,2.51,54.4,0.1,16.11851852,535,36,F,4,NA,-1.593525172,2.075195879,0.284920432,0.6,-19,NA,NA,/Users/trueman/Desktop/RNAscripts/OtoMet/Coldfish_data/ColdfishNAotolithNAFMRNAexploration.Rmd,NA,NA,NA,NA,NA,Shelf,0-50,benthic,Modern
126,plaice,Pleuronectiformes,Pleuronectidae,Pleuronectes_platessa,NorthSea,NS_PLA_A,4,42F5,NA,2002,J_Jones_PhD,2.51,54.4,0.1,16.11851852,202,28,M,4,NA,-1.002315579,2.550465696,0.280413984,0.6,-19,NA,NA,/Users/trueman/Desktop/RNAscripts/OtoMet/Coldfish_data/ColdfishNAotolithNAFMRNAexploration.Rmd,NA,NA,NA,NA,NA,Shelf,0-50,benthic,Modern
127,plaice,Pleuronectiformes,Pleuronectidae,Pleuronectes_platessa,NorthSea,NS_PLA_A,4,42F5,NA,2002,J_Jones_PhD,2.51,54.4,0.1,16.11851852,217,29,F,4,NA,-0.615142967,2.566341097,0.280413984,0.6,-19,NA,NA,/Users/trueman/Desktop/RNAscripts/OtoMet/Coldfish_data/ColdfishNAotolithNAFMRNAexploration.Rmd,NA,NA,NA,NA,NA,Shelf,0-50,benthic,Modern
400,plaice,Pleuronectiformes,Pleuronectidae,Pleuronectes_platessa,NorthSea,NS_PLA_A,4,40F2,NA,1990,J_Jones_PhD,2.51,54.4,0.1,16.11851852,220,29,M,4,NA,0.163723005,2.393855295,1.472306788,0.612820513,-19,NA,NA,/Users/trueman/Desktop/RNAscripts/OtoMet/Coldfish_data/ColdfishNAotolithNAFMRNAexploration.Rmd,NA,NA,NA,NA,NA,Shelf,0-50,benthic,Modern
129,plaice,Pleuronectiformes,Pleuronectidae,Pleuronectes_platessa,NorthSea,NS_PLA_A,4,39F3,NA,2002,J_Jones_PhD,2.51,54.4,0.1,16.11851852,230,29,M,4,NA,-0.44196036,2.958265059,1.467572242,0.6,-19,NA,NA,/Users/trueman/Desktop/RNAscripts/OtoMet/Coldfish_data/ColdfishNAotolithNAFMRNAexploration.Rmd,NA,NA,NA,NA,NA,Shelf,0-50,benthic,Modern
128,plaice,Pleuronectiformes,Pleuronectidae,Pleuronectes_platessa,NorthSea,NS_PLA_A,4,39F3,NA,2002,J_Jones_PhD,2.51,54.4,0.1,16.11851852,267,31,F,4,NA,-0.452908685,2.640757039,1.467572242,0.6,-19,NA,NA,/Users/trueman/Desktop/RNAscripts/OtoMet/Coldfish_data/ColdfishNAotolithNAFMRNAexploration.Rmd,NA,NA,NA,NA,NA,Shelf,0-50,benthic,Modern
131,plaice,Pleuronectiformes,Pleuronectidae,Pleuronectes_platessa,NorthSea,NS_PLA_A,4,44F4,NA,2002,J_Jones_PhD,2.51,54.4,0.1,16.11851852,295,32,F,4,NA,-0.335463009,1.437203201,0.066121871,0.8,-19,NA,NA,/Users/trueman/Desktop/RNAscripts/OtoMet/Coldfish_data/ColdfishNAotolithNAFMRNAexploration.Rmd,NA,NA,NA,NA,NA,Shelf,0-50,benthic,Modern
132,plaice,Pleuronectiformes,Pleuronectidae,Pleuronectes_platessa,NorthSea,NS_PLA_A,4,44F4,NA,2002,J_Jones_PhD,2.51,54.4,0.1,16.11851852,410,36,F,4,NA,-0.557415431,3.0088679,0.066121871,0.8,-19,NA,NA,/Users/trueman/Desktop/RNAscripts/OtoMet/Coldfish_data/ColdfishNAotolithNAFMRNAexploration.Rmd,NA,NA,NA,NA,NA,Shelf,0-50,benthic,Modern
341,plaice,Pleuronectiformes,Pleuronectidae,Pleuronectes_platessa,NorthSea,NS_PLA_A,5,43F2,NA,1993,J_Jones_PhD,2.51,54.4,0.1,16.11851852,185,27,M,4,NA,-0.528403153,1.905032218,0.081008596,0.612820513,-19,NA,NA,/Users/trueman/Desktop/RNAscripts/OtoMet/Coldfish_data/ColdfishNAotolithNAFMRNAexploration.Rmd,NA,NA,NA,NA,NA,Shelf,0-50,benthic,Modern
344,plaice,Pleuronectiformes,Pleuronectidae,Pleuronectes_platessa,NorthSea,NS_PLA_A,5,42F3,NA,1993,J_Jones_PhD,2.51,54.4,0.1,16.11851852,210,28,F,4,NA,-0.291891545,2.186253452,0.289345041,0.612820513,-19,NA,NA,/Users/trueman/Desktop/RNAscripts/OtoMet/Coldfish_data/ColdfishNAotolithNAFMRNAexploration.Rmd,NA,NA,NA,NA,NA,Shelf,0-50,benthic,Modern
342,plaice,Pleuronectiformes,Pleuronectidae,Pleuronectes_platessa,NorthSea,NS_PLA_A,5,43F2,NA,1993,J_Jones_PhD,2.51,54.4,0.1,16.11851852,220,28,F,4,NA,0.022132271,2.120435716,0.081008596,0.612820513,-19,NA,NA,/Users/trueman/Desktop/RNAscripts/OtoMet/Coldfish_data/ColdfishNAotolithNAFMRNAexploration.Rmd,NA,NA,NA,NA,NA,Shelf,0-50,benthic,Modern
122,plaice,Pleuronectiformes,Pleuronectidae,Pleuronectes_platessa,NorthSea,NS_PLA_A,5,39F5,NA,2002,J_Jones_PhD,2.51,54.4,0.1,16.11851852,246,28,M,4,NA,-0.496701988,2.563364459,1.464091917,0.6,-19,NA,NA,/Users/trueman/Desktop/RNAscripts/OtoMet/Coldfish_data/ColdfishNAotolithNAFMRNAexploration.Rmd,NA,NA,NA,NA,NA,Shelf,0-50,benthic,Modern
343,plaice,Pleuronectiformes,Pleuronectidae,Pleuronectes_platessa,NorthSea,NS_PLA_A,5,43F2,NA,1993,J_Jones_PhD,2.51,54.4,0.1,16.11851852,290,32,F,4,NA,0.016169794,2.237112611,0.081008596,0.612820513,-19,NA,NA,/Users/trueman/Desktop/RNAscripts/OtoMet/Coldfish_data/ColdfishNAotolithNAFMRNAexploration.Rmd,NA,NA,NA,NA,NA,Shelf,0-50,benthic,Modern
346,plaice,Pleuronectiformes,Pleuronectidae,Pleuronectes_platessa,NorthSea,NS_PLA_A,5,42F3,NA,1993,J_Jones_PhD,2.51,54.4,0.1,16.11851852,300,33,F,4,NA,-0.411141095,2.416615526,0.289345041,0.612820513,-19,NA,NA,/Users/trueman/Desktop/RNAscripts/OtoMet/Coldfish_data/ColdfishNAotolithNAFMRNAexploration.Rmd,NA,NA,NA,NA,NA,Shelf,0-50,benthic,Modern
345,plaice,Pleuronectiformes,Pleuronectidae,Pleuronectes_platessa,NorthSea,NS_PLA_A,5,42F3,NA,1993,J_Jones_PhD,2.51,54.4,0.1,16.11851852,305,32,F,4,NA,-0.196491904,2.240104326,0.289345041,0.612820513,-19,NA,NA,/Users/trueman/Desktop/RNAscripts/OtoMet/Coldfish_data/ColdfishNAotolithNAFMRNAexploration.Rmd,NA,NA,NA,NA,NA,Shelf,0-50,benthic,Modern
120,plaice,Pleuronectiformes,Pleuronectidae,Pleuronectes_platessa,NorthSea,NS_PLA_A,5,39F3,NA,2002,J_Jones_PhD,2.51,54.4,0.1,16.11851852,347,34,F,4,NA,-0.906188727,2.7454169,1.467572242,0.6,-19,NA,NA,/Users/trueman/Desktop/RNAscripts/OtoMet/Coldfish_data/ColdfishNAotolithNAFMRNAexploration.Rmd,NA,NA,NA,NA,NA,Shelf,0-50,benthic,Modern
111,plaice,Pleuronectiformes,Pleuronectidae,Pleuronectes_platessa,NorthSea,NS_PLA_A,5,45F3,NA,2002,J_Jones_PhD,2.51,54.4,0.1,16.11851852,355,32,F,4,NA,-1.641501429,2.242618061,0.013500545,0.612820513,-19,NA,NA,/Users/trueman/Desktop/RNAscripts/OtoMet/Coldfish_data/ColdfishNAotolithNAFMRNAexploration.Rmd,NA,NA,NA,NA,NA,Shelf,0-50,benthic,Modern
112,plaice,Pleuronectiformes,Pleuronectidae,Pleuronectes_platessa,NorthSea,NS_PLA_A,5,45F3,NA,2002,J_Jones_PhD,2.51,54.4,0.1,16.11851852,386,34,F,4,NA,-1.298343819,2.133312818,0.013500545,0.612820513,-19,NA,NA,/Users/trueman/Desktop/RNAscripts/OtoMet/Coldfish_data/ColdfishNAotolithNAFMRNAexploration.Rmd,NA,NA,NA,NA,NA,Shelf,0-50,benthic,Modern
110,plaice,Pleuronectiformes,Pleuronectidae,Pleuronectes_platessa,NorthSea,NS_PLA_A,5,44F4,NA,2002,J_Jones_PhD,2.51,54.4,0.1,16.11851852,399,35,F,4,NA,-0.515825454,1.786687182,0.066121871,0.612820513,-19,NA,NA,/Users/trueman/Desktop/RNAscripts/OtoMet/Coldfish_data/ColdfishNAotolithNAFMRNAexploration.Rmd,NA,NA,NA,NA,NA,Shelf,0-50,benthic,Modern
347,plaice,Pleuronectiformes,Pleuronectidae,Pleuronectes_platessa,NorthSea,NS_PLA_A,5,42F3,NA,1993,J_Jones_PhD,2.51,54.4,0.1,16.11851852,400,35,F,4,NA,-0.698333762,2.724762197,0.289345041,0.612820513,-19,NA,NA,/Users/trueman/Desktop/RNAscripts/OtoMet/Coldfish_data/ColdfishNAotolithNAFMRNAexploration.Rmd,NA,NA,NA,NA,NA,Shelf,0-50,benthic,Modern
121,plaice,Pleuronectiformes,Pleuronectidae,Pleuronectes_platessa,NorthSea,NS_PLA_A,5,39F4,NA,2002,J_Jones_PhD,2.51,54.4,0.1,16.11851852,440,34,F,4,NA,-0.937149581,2.809218441,1.465684175,0.6,-19,NA,NA,/Users/trueman/Desktop/RNAscripts/OtoMet/Coldfish_data/ColdfishNAotolithNAFMRNAexploration.Rmd,NA,NA,NA,NA,NA,Shelf,0-50,benthic,Modern
123,plaice,Pleuronectiformes,Pleuronectidae,Pleuronectes_platessa,NorthSea,NS_PLA_A,5,39F2,NA,2002,J_Jones_PhD,2.51,54.4,0.1,16.11851852,477,36,F,4,NA,-0.608175851,2.557411184,1.472306788,0.6,-19,NA,NA,/Users/trueman/Desktop/RNAscripts/OtoMet/Coldfish_data/ColdfishNAotolithNAFMRNAexploration.Rmd,NA,NA,NA,NA,NA,Shelf,0-50,benthic,Modern
125,plaice,Pleuronectiformes,Pleuronectidae,Pleuronectes_platessa,NorthSea,NS_PLA_A,5,39F2,NA,2002,J_Jones_PhD,2.51,54.4,0.1,16.11851852,522,37,M,4,NA,-0.624100689,2.491925155,1.472306788,0.6,-19,NA,NA,/Users/trueman/Desktop/RNAscripts/OtoMet/Coldfish_data/ColdfishNAotolithNAFMRNAexploration.Rmd,NA,NA,NA,NA,NA,Shelf,0-50,benthic,Modern
385,plaice,Pleuronectiformes,Pleuronectidae,Pleuronectes_platessa,NorthSea,NS_PLA_A,6,42F3,NA,1990,J_Jones_PhD,2.51,54.4,0.1,16.11851852,165,29,M,4,NA,-0.248294754,2.33831166,0.289345041,0.612820513,-19,NA,NA,/Users/trueman/Desktop/RNAscripts/OtoMet/Coldfish_data/ColdfishNAotolithNAFMRNAexploration.Rmd,NA,NA,NA,NA,NA,Shelf,0-50,benthic,Modern
474,plaice,Pleuronectiformes,Pleuronectidae,Pleuronectes_platessa,NorthSea,NS_PLA_A,6,42F5,NA,2001,J_Jones_PhD,2.51,54.4,0.1,16.11851852,185,27,F,4,NA,-0.005,2.57,0.280413984,0.612820513,-19,NA,NA,/Users/trueman/Desktop/RNAscripts/OtoMet/Coldfish_data/ColdfishNAotolithNAFMRNAexploration.Rmd,NA,NA,NA,NA,NA,Shelf,0-50,benthic,Modern
93,plaice,Pleuronectiformes,Pleuronectidae,Pleuronectes_platessa,NorthSea,NS_PLA_A,6,43F4,NA,1998,J_Jones_PhD,2.51,54.4,0.1,16.11851852,220,28,M,4,NA,-0.189219015,2.975887696,0.066121871,0.6,-19,NA,NA,/Users/trueman/Desktop/RNAscripts/OtoMet/Coldfish_data/ColdfishNAotolithNAFMRNAexploration.Rmd,NA,NA,NA,NA,NA,Shelf,0-50,benthic,Modern
473,plaice,Pleuronectiformes,Pleuronectidae,Pleuronectes_platessa,NorthSea,NS_PLA_A,6,43F4,NA,2001,J_Jones_PhD,2.51,54.4,0.1,16.11851852,245,30,M,4,NA,-0.253,1.702,0.066121871,0.612820513,-19,NA,NA,/Users/trueman/Desktop/RNAscripts/OtoMet/Coldfish_data/ColdfishNAotolithNAFMRNAexploration.Rmd,NA,NA,NA,NA,NA,Shelf,0-50,benthic,Modern
94,plaice,Pleuronectiformes,Pleuronectidae,Pleuronectes_platessa,NorthSea,NS_PLA_A,6,43F4,NA,1998,J_Jones_PhD,2.51,54.4,0.1,16.11851852,250,29,F,4,NA,-0.46426146,2.704376548,0.066121871,0.6,-19,NA,NA,/Users/trueman/Desktop/RNAscripts/OtoMet/Coldfish_data/ColdfishNAotolithNAFMRNAexploration.Rmd,NA,NA,NA,NA,NA,Shelf,0-50,benthic,Modern
475,plaice,Pleuronectiformes,Pleuronectidae,Pleuronectes_platessa,NorthSea,NS_PLA_A,6,42F5,NA,2001,J_Jones_PhD,2.51,54.4,0.1,16.11851852,250,30,M,4,NA,0.986,2.337,0.280413984,0.612820513,-19,NA,NA,/Users/trueman/Desktop/RNAscripts/OtoMet/Coldfish_data/ColdfishNAotolithNAFMRNAexploration.Rmd,NA,NA,NA,NA,NA,Shelf,0-50,benthic,Modern
387,plaice,Pleuronectiformes,Pleuronectidae,Pleuronectes_platessa,NorthSea,NS_PLA_A,6,43F5,NA,1990,J_Jones_PhD,2.51,54.4,0.1,16.11851852,255,31,M,4,NA,-0.133289797,2.128039331,0.101492437,0.612820513,-19,NA,NA,/Users/trueman/Desktop/RNAscripts/OtoMet/Coldfish_data/ColdfishNAotolithNAFMRNAexploration.Rmd,NA,NA,NA,NA,NA,Shelf,0-50,benthic,Modern
471,plaice,Pleuronectiformes,Pleuronectidae,Pleuronectes_platessa,NorthSea,NS_PLA_A,6,42F4,NA,2001,J_Jones_PhD,2.51,54.4,0.1,16.11851852,260,30,F,4,NA,0.136,1.964,0.284920432,0.612820513,-19,NA,NA,/Users/trueman/Desktop/RNAscripts/OtoMet/Coldfish_data/ColdfishNAotolithNAFMRNAexploration.Rmd,NA,NA,NA,NA,NA,Shelf,0-50,benthic,Modern
98,plaice,Pleuronectiformes,Pleuronectidae,Pleuronectes_platessa,NorthSea,NS_PLA_A,6,43F4,NA,1998,J_Jones_PhD,2.51,54.4,0.1,16.11851852,285,31,M,4,NA,-0.935908319,2.58447564,0.066121871,0.6,-19,NA,NA,/Users/trueman/Desktop/RNAscripts/OtoMet/Coldfish_data/ColdfishNAotolithNAFMRNAexploration.Rmd,NA,NA,NA,NA,NA,Shelf,0-50,benthic,Modern
99,plaice,Pleuronectiformes,Pleuronectidae,Pleuronectes_platessa,NorthSea,NS_PLA_A,6,43F4,NA,1998,J_Jones_PhD,2.51,54.4,0.1,16.11851852,330,32,F,4,NA,-0.40721562,2.973905863,0.066121871,0.6,-19,NA,NA,/Users/trueman/Desktop/RNAscripts/OtoMet/Coldfish_data/ColdfishNAotolithNAFMRNAexploration.Rmd,NA,NA,NA,NA,NA,Shelf,0-50,benthic,Modern
392,plaice,Pleuronectiformes,Pleuronectidae,Pleuronectes_platessa,NorthSea,NS_PLA_A,6,43F4,NA,1990,J_Jones_PhD,2.51,54.4,0.1,16.11851852,335,33,F,4,NA,0.302728997,2.517836621,0.066121871,0.612820513,-19,NA,NA,/Users/trueman/Desktop/RNAscripts/OtoMet/Coldfish_data/ColdfishNAotolithNAFMRNAexploration.Rmd,NA,NA,NA,NA,NA,Shelf,0-50,benthic,Modern
472,plaice,Pleuronectiformes,Pleuronectidae,Pleuronectes_platessa,NorthSea,NS_PLA_A,6,42F4,NA,2001,J_Jones_PhD,2.51,54.4,0.1,16.11851852,355,34,F,4,NA,0.175,1.736,0.284920432,0.612820513,-19,NA,NA,/Users/trueman/Desktop/RNAscripts/OtoMet/Coldfish_data/ColdfishNAotolithNAFMRNAexploration.Rmd,NA,NA,NA,NA,NA,Shelf,0-50,benthic,Modern
545,plaice,Pleuronectiformes,Pleuronectidae,Pleuronectes_platessa,NorthSea,NS_PLA_A,6,43F4,NA,1997,J_Jones_PhD,2.51,54.4,0.1,16.11851852,370,34,M,4,NA,0.066,1.226,0.066121871,0.612820513,-19,NA,NA,/Users/trueman/Desktop/RNAscripts/OtoMet/Coldfish_data/ColdfishNAotolithNAFMRNAexploration.Rmd,NA,NA,NA,NA,NA,Shelf,0-50,benthic,Modern
386,plaice,Pleuronectiformes,Pleuronectidae,Pleuronectes_platessa,NorthSea,NS_PLA_A,6,42F3,NA,1990,J_Jones_PhD,2.51,54.4,0.1,16.11851852,380,35,M,4,NA,-0.63031122,1.961408428,0.289345041,0.612820513,-19,NA,NA,/Users/trueman/Desktop/RNAscripts/OtoMet/Coldfish_data/ColdfishNAotolithNAFMRNAexploration.Rmd,NA,NA,NA,NA,NA,Shelf,0-50,benthic,Modern
476,plaice,Pleuronectiformes,Pleuronectidae,Pleuronectes_platessa,NorthSea,NS_PLA_A,6,42F5,NA,2001,J_Jones_PhD,2.51,54.4,0.1,16.11851852,380,34,F,4,NA,0.012,2.419,0.280413984,0.612820513,-19,NA,NA,/Users/trueman/Desktop/RNAscripts/OtoMet/Coldfish_data/ColdfishNAotolithNAFMRNAexploration.Rmd,NA,NA,NA,NA,NA,Shelf,0-50,benthic,Modern
95,plaice,Pleuronectiformes,Pleuronectidae,Pleuronectes_platessa,NorthSea,NS_PLA_A,6,43F4,NA,1998,J_Jones_PhD,2.51,54.4,0.1,16.11851852,430,35,F,4,NA,-0.598726655,2.710322048,0.066121871,0.6,-19,NA,NA,/Users/trueman/Desktop/RNAscripts/OtoMet/Coldfish_data/ColdfishNAotolithNAFMRNAexploration.Rmd,NA,NA,NA,NA,NA,Shelf,0-50,benthic,Modern
100,plaice,Pleuronectiformes,Pleuronectidae,Pleuronectes_platessa,NorthSea,NS_PLA_A,6,43F4,NA,1998,J_Jones_PhD,2.51,54.4,0.1,16.11851852,440,34,F,4,NA,-0.135229202,2.774731627,0.066121871,0.6,-19,NA,NA,/Users/trueman/Desktop/RNAscripts/OtoMet/Coldfish_data/ColdfishNAotolithNAFMRNAexploration.Rmd,NA,NA,NA,NA,NA,Shelf,0-50,benthic,Modern
97,plaice,Pleuronectiformes,Pleuronectidae,Pleuronectes_platessa,NorthSea,NS_PLA_A,6,43F4,NA,1998,J_Jones_PhD,2.51,54.4,0.1,16.11851852,485,35,F,4,NA,-0.674108659,2.960033031,0.066121871,0.6,-19,NA,NA,/Users/trueman/Desktop/RNAscripts/OtoMet/Coldfish_data/ColdfishNAotolithNAFMRNAexploration.Rmd,NA,NA,NA,NA,NA,Shelf,0-50,benthic,Modern
96,plaice,Pleuronectiformes,Pleuronectidae,Pleuronectes_platessa,NorthSea,NS_PLA_A,6,43F4,NA,1998,J_Jones_PhD,2.51,54.4,0.1,16.11851852,510,36,F,4,NA,-1.135568761,2.876796036,0.066121871,0.6,-19,NA,NA,/Users/trueman/Desktop/RNAscripts/OtoMet/Coldfish_data/ColdfishNAotolithNAFMRNAexploration.Rmd,NA,NA,NA,NA,NA,Shelf,0-50,benthic,Modern
73,plaice,Pleuronectiformes,Pleuronectidae,Pleuronectes_platessa,NorthSea,NS_PLA_A,7,42F2,NA,1998,J_Jones_PhD,2.51,54.4,0.1,16.11851852,210,28,M,4,NA,-0.625212224,2.592402973,0.294772404,0.6,-19,NA,NA,/Users/trueman/Desktop/RNAscripts/OtoMet/Coldfish_data/ColdfishNAotolithNAFMRNAexploration.Rmd,NA,NA,NA,NA,NA,Shelf,0-50,benthic,Modern
380,plaice,Pleuronectiformes,Pleuronectidae,Pleuronectes_platessa,NorthSea,NS_PLA_A,7,43F5,NA,1990,J_Jones_PhD,2.51,54.4,0.1,16.11851852,210,27,M,4,NA,-1.016327859,1.826516745,0.101492437,0.612820513,-19,NA,NA,/Users/trueman/Desktop/RNAscripts/OtoMet/Coldfish_data/ColdfishNAotolithNAFMRNAexploration.Rmd,NA,NA,NA,NA,NA,Shelf,0-50,benthic,Modern
327,plaice,Pleuronectiformes,Pleuronectidae,Pleuronectes_platessa,NorthSea,NS_PLA_A,7,42F4,NA,1993,J_Jones_PhD,2.51,54.4,0.1,16.11851852,215,29,M,4,NA,-0.662317475,2.95172795,0.284920432,0.612820513,-19,NA,NA,/Users/trueman/Desktop/RNAscripts/OtoMet/Coldfish_data/ColdfishNAotolithNAFMRNAexploration.Rmd,NA,NA,NA,NA,NA,Shelf,0-50,benthic,Modern
234,plaice,Pleuronectiformes,Pleuronectidae,Pleuronectes_platessa,NorthSea,NS_PLA_A,7,42F3,NA,1985,J_Jones_PhD,2.51,54.4,0.1,16.11851852,225,28,F,4,NA,-0.724196962,2.316962782,0.289345041,0.612820513,-19,NA,NA,/Users/trueman/Desktop/RNAscripts/OtoMet/Coldfish_data/ColdfishNAotolithNAFMRNAexploration.Rmd,NA,NA,NA,NA,NA,Shelf,0-50,benthic,Modern
230,plaice,Pleuronectiformes,Pleuronectidae,Pleuronectes_platessa,NorthSea,NS_PLA_A,7,42F5,NA,1985,J_Jones_PhD,2.51,54.4,0.1,16.11851852,230,28,M,4,NA,-0.6331234,2.161580846,0.280413984,0.612820513,-19,NA,NA,/Users/trueman/Desktop/RNAscripts/OtoMet/Coldfish_data/ColdfishNAotolithNAFMRNAexploration.Rmd,NA,NA,NA,NA,NA,Shelf,0-50,benthic,Modern
284,plaice,Pleuronectiformes,Pleuronectidae,Pleuronectes_platessa,NorthSea,NS_PLA_A,7,41F3,NA,1986,J_Jones_PhD,2.51,54.4,0.1,16.11851852,230,29,M,4,NA,-0.609912797,1.771995145,0.289345041,0.612820513,-19,NA,NA,/Users/trueman/Desktop/RNAscripts/OtoMet/Coldfish_data/ColdfishNAotolithNAFMRNAexploration.Rmd,NA,NA,NA,NA,NA,Shelf,0-50,benthic,Modern
285,plaice,Pleuronectiformes,Pleuronectidae,Pleuronectes_platessa,NorthSea,NS_PLA_A,7,41F3,NA,1986,J_Jones_PhD,2.51,54.4,0.1,16.11851852,230,29,M,4,NA,-0.263519979,2.021462361,0.289345041,0.612820513,-19,NA,NA,/Users/trueman/Desktop/RNAscripts/OtoMet/Coldfish_data/ColdfishNAotolithNAFMRNAexploration.Rmd,NA,NA,NA,NA,NA,Shelf,0-50,benthic,Modern
381,plaice,Pleuronectiformes,Pleuronectidae,Pleuronectes_platessa,NorthSea,NS_PLA_A,7,43F5,NA,1990,J_Jones_PhD,2.51,54.4,0.1,16.11851852,230,28,F,4,NA,-1.400344411,2.38592049,0.101492437,0.612820513,-19,NA,NA,/Users/trueman/Desktop/RNAscripts/OtoMet/Coldfish_data/ColdfishNAotolithNAFMRNAexploration.Rmd,NA,NA,NA,NA,NA,Shelf,0-50,benthic,Modern
229,plaice,Pleuronectiformes,Pleuronectidae,Pleuronectes_platessa,NorthSea,NS_PLA_A,7,42F5,NA,1985,J_Jones_PhD,2.51,54.4,0.1,16.11851852,235,29,M,4,NA,-0.432167605,3.040428994,0.280413984,0.612820513,-19,NA,NA,/Users/trueman/Desktop/RNAscripts/OtoMet/Coldfish_data/ColdfishNAotolithNAFMRNAexploration.Rmd,NA,NA,NA,NA,NA,Shelf,0-50,benthic,Modern
326,plaice,Pleuronectiformes,Pleuronectidae,Pleuronectes_platessa,NorthSea,NS_PLA_A,7,42F4,NA,1993,J_Jones_PhD,2.51,54.4,0.1,16.11851852,235,29,F,4,NA,-1.131793028,1.868332666,0.284920432,0.612820513,-19,NA,NA,/Users/trueman/Desktop/RNAscripts/OtoMet/Coldfish_data/ColdfishNAotolithNAFMRNAexploration.Rmd,NA,NA,NA,NA,NA,Shelf,0-50,benthic,Modern
118,plaice,Pleuronectiformes,Pleuronectidae,Pleuronectes_platessa,NorthSea,NS_PLA_A,7,41F4,NA,2002,J_Jones_PhD,2.51,54.4,0.1,16.11851852,240,28,M,4,NA,-0.324514683,2.877895842,0.284920432,0.8,-19,NA,NA,/Users/trueman/Desktop/RNAscripts/OtoMet/Coldfish_data/ColdfishNAotolithNAFMRNAexploration.Rmd,NA,NA,NA,NA,NA,Shelf,0-50,benthic,Modern
119,plaice,Pleuronectiformes,Pleuronectidae,Pleuronectes_platessa,NorthSea,NS_PLA_A,7,41F4,NA,2002,J_Jones_PhD,2.51,54.4,0.1,16.11851852,245,29,M,4,NA,-0.852024925,2.822331938,0.284920432,0.8,-19,NA,NA,/Users/trueman/Desktop/RNAscripts/OtoMet/Coldfish_data/ColdfishNAotolithNAFMRNAexploration.Rmd,NA,NA,NA,NA,NA,Shelf,0-50,benthic,Modern
239,plaice,Pleuronectiformes,Pleuronectidae,Pleuronectes_platessa,NorthSea,NS_PLA_A,7,42F3,NA,1985,J_Jones_PhD,2.51,54.4,0.1,16.11851852,245,29,M,4,NA,-0.254970131,2.280344109,0.289345041,0.612820513,-19,NA,NA,/Users/trueman/Desktop/RNAscripts/OtoMet/Coldfish_data/ColdfishNAotolithNAFMRNAexploration.Rmd,NA,NA,NA,NA,NA,Shelf,0-50,benthic,Modern
426,plaice,Pleuronectiformes,Pleuronectidae,Pleuronectes_platessa,NorthSea,NS_PLA_A,7,42F5,NA,1995,J_Jones_PhD,2.51,54.4,0.1,16.11851852,245,28,M,4,NA,-0.248593713,2.545934101,0.280413984,0.612820513,-19,NA,NA,/Users/trueman/Desktop/RNAscripts/OtoMet/Coldfish_data/ColdfishNAotolithNAFMRNAexploration.Rmd,NA,NA,NA,NA,NA,Shelf,0-50,benthic,Modern
74,plaice,Pleuronectiformes,Pleuronectidae,Pleuronectes_platessa,NorthSea,NS_PLA_A,7,42F2,NA,1998,J_Jones_PhD,2.51,54.4,0.1,16.11851852,255,29,M,4,NA,0.256053364,1.892792996,0.294772404,0.6,-19,NA,NA,/Users/trueman/Desktop/RNAscripts/OtoMet/Coldfish_data/ColdfishNAotolithNAFMRNAexploration.Rmd,NA,NA,NA,NA,NA,Shelf,0-50,benthic,Modern
89,plaice,Pleuronectiformes,Pleuronectidae,Pleuronectes_platessa,NorthSea,NS_PLA_A,7,43F3,NA,1998,J_Jones_PhD,2.51,54.4,0.1,16.11851852,255,30,F,4,NA,-0.746434635,2.756895128,0.080903867,0.6,-19,NA,NA,/Users/trueman/Desktop/RNAscripts/OtoMet/Coldfish_data/ColdfishNAotolithNAFMRNAexploration.Rmd,NA,NA,NA,NA,NA,Shelf,0-50,benthic,Modern
328,plaice,Pleuronectiformes,Pleuronectidae,Pleuronectes_platessa,NorthSea,NS_PLA_A,7,42F4,NA,1993,J_Jones_PhD,2.51,54.4,0.1,16.11851852,255,30,M,4,NA,0.086251826,2.624627819,0.284920432,0.612820513,-19,NA,NA,/Users/trueman/Desktop/RNAscripts/OtoMet/Coldfish_data/ColdfishNAotolithNAFMRNAexploration.Rmd,NA,NA,NA,NA,NA,Shelf,0-50,benthic,Modern
339,plaice,Pleuronectiformes,Pleuronectidae,Pleuronectes_platessa,NorthSea,NS_PLA_A,7,41F2,NA,1993,J_Jones_PhD,2.51,54.4,0.1,16.11851852,255,30,F,4,NA,-0.57411548,2.595121203,0.294772404,0.612820513,-19,NA,NA,/Users/trueman/Desktop/RNAscripts/OtoMet/Coldfish_data/ColdfishNAotolithNAFMRNAexploration.Rmd,NA,NA,NA,NA,NA,Shelf,0-50,benthic,Modern
88,plaice,Pleuronectiformes,Pleuronectidae,Pleuronectes_platessa,NorthSea,NS_PLA_A,7,43F3,NA,1998,J_Jones_PhD,2.51,54.4,0.1,16.11851852,265,30,M,4,NA,-0.117911715,2.220809249,0.080903867,0.6,-19,NA,NA,/Users/trueman/Desktop/RNAscripts/OtoMet/Coldfish_data/ColdfishNAotolithNAFMRNAexploration.Rmd,NA,NA,NA,NA,NA,Shelf,0-50,benthic,Modern
340,plaice,Pleuronectiformes,Pleuronectidae,Pleuronectes_platessa,NorthSea,NS_PLA_A,7,41F2,NA,1993,J_Jones_PhD,2.51,54.4,0.1,16.11851852,265,31,F,4,NA,-0.237235501,2.539275851,0.294772404,0.612820513,-19,NA,NA,/Users/trueman/Desktop/RNAscripts/OtoMet/Coldfish_data/ColdfishNAotolithNAFMRNAexploration.Rmd,NA,NA,NA,NA,NA,Shelf,0-50,benthic,Modern
330,plaice,Pleuronectiformes,Pleuronectidae,Pleuronectes_platessa,NorthSea,NS_PLA_A,7,42F4,NA,1993,J_Jones_PhD,2.51,54.4,0.1,16.11851852,270,33,F,4,NA,0.073293902,2.756459084,0.284920432,0.612820513,-19,NA,NA,/Users/trueman/Desktop/RNAscripts/OtoMet/Coldfish_data/ColdfishNAotolithNAFMRNAexploration.Rmd,NA,NA,NA,NA,NA,Shelf,0-50,benthic,Modern
329,plaice,Pleuronectiformes,Pleuronectidae,Pleuronectes_platessa,NorthSea,NS_PLA_A,7,42F4,NA,1993,J_Jones_PhD,2.51,54.4,0.1,16.11851852,275,31,F,4,NA,-1.060026065,2.774300909,0.284920432,0.612820513,-19,NA,NA,/Users/trueman/Desktop/RNAscripts/OtoMet/Coldfish_data/ColdfishNAotolithNAFMRNAexploration.Rmd,NA,NA,NA,NA,NA,Shelf,0-50,benthic,Modern
113,plaice,Pleuronectiformes,Pleuronectidae,Pleuronectes_platessa,NorthSea,NS_PLA_A,7,43F4,NA,2002,J_Jones_PhD,2.51,54.4,0.1,16.11851852,276,31,F,4,NA,-0.04869472,2.23670967,0.066121871,0.612820513,-19,NA,NA,/Users/trueman/Desktop/RNAscripts/OtoMet/Coldfish_data/ColdfishNAotolithNAFMRNAexploration.Rmd,NA,NA,NA,NA,NA,Shelf,0-50,benthic,Modern
231,plaice,Pleuronectiformes,Pleuronectidae,Pleuronectes_platessa,NorthSea,NS_PLA_A,7,42F5,NA,1985,J_Jones_PhD,2.51,54.4,0.1,16.11851852,280,31,M,4,NA,0.527074586,2.628716348,0.280413984,0.612820513,-19,NA,NA,/Users/trueman/Desktop/RNAscripts/OtoMet/Coldfish_data/ColdfishNAotolithNAFMRNAexploration.Rmd,NA,NA,NA,NA,NA,Shelf,0-50,benthic,Modern
75,plaice,Pleuronectiformes,Pleuronectidae,Pleuronectes_platessa,NorthSea,NS_PLA_A,7,42F2,NA,1998,J_Jones_PhD,2.51,54.4,0.1,16.11851852,290,32,M,4,NA,-0.00305131,2.833252707,0.294772404,0.6,-19,NA,NA,/Users/trueman/Desktop/RNAscripts/OtoMet/Coldfish_data/ColdfishNAotolithNAFMRNAexploration.Rmd,NA,NA,NA,NA,NA,Shelf,0-50,benthic,Modern
78,plaice,Pleuronectiformes,Pleuronectidae,Pleuronectes_platessa,NorthSea,NS_PLA_A,7,42F2,NA,1998,J_Jones_PhD,2.51,54.4,0.1,16.11851852,290,32,F,4,NA,-0.095731059,2.027286704,0.294772404,0.6,-19,NA,NA,/Users/trueman/Desktop/RNAscripts/OtoMet/Coldfish_data/ColdfishNAotolithNAFMRNAexploration.Rmd,NA,NA,NA,NA,NA,Shelf,0-50,benthic,Modern
83,plaice,Pleuronectiformes,Pleuronectidae,Pleuronectes_platessa,NorthSea,NS_PLA_A,7,43F3,NA,1998,J_Jones_PhD,2.51,54.4,0.1,16.11851852,290,31,M,4,NA,-0.377674024,2.850041288,0.080903867,0.6,-19,NA,NA,/Users/trueman/Desktop/RNAscripts/OtoMet/Coldfish_data/ColdfishNAotolithNAFMRNAexploration.Rmd,NA,NA,NA,NA,NA,Shelf,0-50,benthic,Modern
227,plaice,Pleuronectiformes,Pleuronectidae,Pleuronectes_platessa,NorthSea,NS_PLA_A,7,42F5,NA,1985,J_Jones_PhD,2.51,54.4,0.1,16.11851852,290,31,M,4,NA,-0.380691244,2.624757573,0.280413984,0.612820513,-19,NA,NA,/Users/trueman/Desktop/RNAscripts/OtoMet/Coldfish_data/ColdfishNAotolithNAFMRNAexploration.Rmd,NA,NA,NA,NA,NA,Shelf,0-50,benthic,Modern
429,plaice,Pleuronectiformes,Pleuronectidae,Pleuronectes_platessa,NorthSea,NS_PLA_A,7,42F2,NA,1995,J_Jones_PhD,2.51,54.4,0.1,16.11851852,290,30,F,4,NA,-0.052373706,2.722308853,0.294772404,0.612820513,-19,NA,NA,/Users/trueman/Desktop/RNAscripts/OtoMet/Coldfish_data/ColdfishNAotolithNAFMRNAexploration.Rmd,NA,NA,NA,NA,NA,Shelf,0-50,benthic,Modern
232,plaice,Pleuronectiformes,Pleuronectidae,Pleuronectes_platessa,NorthSea,NS_PLA_A,7,42F5,NA,1985,J_Jones_PhD,2.51,54.4,0.1,16.11851852,305,33,M,4,NA,-0.058963987,2.38822074,0.280413984,0.612820513,-19,NA,NA,/Users/trueman/Desktop/RNAscripts/OtoMet/Coldfish_data/ColdfishNAotolithNAFMRNAexploration.Rmd,NA,NA,NA,NA,NA,Shelf,0-50,benthic,Modern
382,plaice,Pleuronectiformes,Pleuronectidae,Pleuronectes_platessa,NorthSea,NS_PLA_A,7,43F5,NA,1990,J_Jones_PhD,2.51,54.4,0.1,16.11851852,305,31,F,4,NA,-1.513349282,2.309547993,0.101492437,0.612820513,-19,NA,NA,/Users/trueman/Desktop/RNAscripts/OtoMet/Coldfish_data/ColdfishNAotolithNAFMRNAexploration.Rmd,NA,NA,NA,NA,NA,Shelf,0-50,benthic,Modern
533,plaice,Pleuronectiformes,Pleuronectidae,Pleuronectes_platessa,NorthSea,NS_PLA_A,7,43F4,NA,1997,J_Jones_PhD,2.51,54.4,0.1,16.11851852,305,31,M,4,NA,-0.861,1.508,0.066121871,0.612820513,-19,NA,NA,/Users/trueman/Desktop/RNAscripts/OtoMet/Coldfish_data/ColdfishNAotolithNAFMRNAexploration.Rmd,NA,NA,NA,NA,NA,Shelf,0-50,benthic,Modern
286,plaice,Pleuronectiformes,Pleuronectidae,Pleuronectes_platessa,NorthSea,NS_PLA_A,7,41F3,NA,1986,J_Jones_PhD,2.51,54.4,0.1,16.11851852,310,32,M,4,NA,-0.495114024,2.568103671,0.289345041,0.612820513,-19,NA,NA,/Users/trueman/Desktop/RNAscripts/OtoMet/Coldfish_data/ColdfishNAotolithNAFMRNAexploration.Rmd,NA,NA,NA,NA,NA,Shelf,0-50,benthic,Modern
430,plaice,Pleuronectiformes,Pleuronectidae,Pleuronectes_platessa,NorthSea,NS_PLA_A,7,42F2,NA,1995,J_Jones_PhD,2.51,54.4,0.1,16.11851852,310,30,M,4,NA,-0.009543958,2.664838428,0.294772404,0.612820513,-19,NA,NA,/Users/trueman/Desktop/RNAscripts/OtoMet/Coldfish_data/ColdfishNAotolithNAFMRNAexploration.Rmd,NA,NA,NA,NA,NA,Shelf,0-50,benthic,Modern
90,plaice,Pleuronectiformes,Pleuronectidae,Pleuronectes_platessa,NorthSea,NS_PLA_A,7,43F3,NA,1998,J_Jones_PhD,2.51,54.4,0.1,16.11851852,315,32,F,4,NA,-0.719949066,2.506193229,0.080903867,0.6,-19,NA,NA,/Users/trueman/Desktop/RNAscripts/OtoMet/Coldfish_data/ColdfishNAotolithNAFMRNAexploration.Rmd,NA,NA,NA,NA,NA,Shelf,0-50,benthic,Modern
236,plaice,Pleuronectiformes,Pleuronectidae,Pleuronectes_platessa,NorthSea,NS_PLA_A,7,42F3,NA,1985,J_Jones_PhD,2.51,54.4,0.1,16.11851852,320,31,F,4,NA,-0.242101041,2.195230437,0.289345041,0.612820513,-19,NA,NA,/Users/trueman/Desktop/RNAscripts/OtoMet/Coldfish_data/ColdfishNAotolithNAFMRNAexploration.Rmd,NA,NA,NA,NA,NA,Shelf,0-50,benthic,Modern
237,plaice,Pleuronectiformes,Pleuronectidae,Pleuronectes_platessa,NorthSea,NS_PLA_A,7,42F3,NA,1985,J_Jones_PhD,2.51,54.4,0.1,16.11851852,320,31,M,4,NA,-0.600455709,3.080016749,0.289345041,0.612820513,-19,NA,NA,/Users/trueman/Desktop/RNAscripts/OtoMet/Coldfish_data/ColdfishNAotolithNAFMRNAexploration.Rmd,NA,NA,NA,NA,NA,Shelf,0-50,benthic,Modern
235,plaice,Pleuronectiformes,Pleuronectidae,Pleuronectes_platessa,NorthSea,NS_PLA_A,7,42F3,NA,1985,J_Jones_PhD,2.51,54.4,0.1,16.11851852,330,31,M,4,NA,0.197427889,2.898902772,0.289345041,0.612820513,-19,NA,NA,/Users/trueman/Desktop/RNAscripts/OtoMet/Coldfish_data/ColdfishNAotolithNAFMRNAexploration.Rmd,NA,NA,NA,NA,NA,Shelf,0-50,benthic,Modern
427,plaice,Pleuronectiformes,Pleuronectidae,Pleuronectes_platessa,NorthSea,NS_PLA_A,7,42F5,NA,1995,J_Jones_PhD,2.51,54.4,0.1,16.11851852,330,31,F,4,NA,-0.529477174,2.769870584,0.280413984,0.612820513,-19,NA,NA,/Users/trueman/Desktop/RNAscripts/OtoMet/Coldfish_data/ColdfishNAotolithNAFMRNAexploration.Rmd,NA,NA,NA,NA,NA,Shelf,0-50,benthic,Modern
114,plaice,Pleuronectiformes,Pleuronectidae,Pleuronectes_platessa,NorthSea,NS_PLA_A,7,43F4,NA,2002,J_Jones_PhD,2.51,54.4,0.1,16.11851852,334,34,F,4,NA,-0.797283297,2.838207339,0.066121871,0.8,-19,NA,NA,/Users/trueman/Desktop/RNAscripts/OtoMet/Coldfish_data/ColdfishNAotolithNAFMRNAexploration.Rmd,NA,NA,NA,NA,NA,Shelf,0-50,benthic,Modern
378,plaice,Pleuronectiformes,Pleuronectidae,Pleuronectes_platessa,NorthSea,NS_PLA_A,7,43F3,NA,1990,J_Jones_PhD,2.51,54.4,0.1,16.11851852,345,30,M,4,NA,-0.299296952,2.248053255,0.080903867,0.612820513,-19,NA,NA,/Users/trueman/Desktop/RNAscripts/OtoMet/Coldfish_data/ColdfishNAotolithNAFMRNAexploration.Rmd,NA,NA,NA,NA,NA,Shelf,0-50,benthic,Modern
538,plaice,Pleuronectiformes,Pleuronectidae,Pleuronectes_platessa,NorthSea,NS_PLA_A,7,43F4,NA,1997,J_Jones_PhD,2.51,54.4,0.1,16.11851852,345,32,M,4,NA,0.954,1.779,0.066121871,0.612820513,-19,NA,NA,/Users/trueman/Desktop/RNAscripts/OtoMet/Coldfish_data/ColdfishNAotolithNAFMRNAexploration.Rmd,NA,NA,NA,NA,NA,Shelf,0-50,benthic,Modern
238,plaice,Pleuronectiformes,Pleuronectidae,Pleuronectes_platessa,NorthSea,NS_PLA_A,7,42F3,NA,1985,J_Jones_PhD,2.51,54.4,0.1,16.11851852,350,32,M,4,NA,-0.120339648,2.398117678,0.289345041,0.612820513,-19,NA,NA,/Users/trueman/Desktop/RNAscripts/OtoMet/Coldfish_data/ColdfishNAotolithNAFMRNAexploration.Rmd,NA,NA,NA,NA,NA,Shelf,0-50,benthic,Modern
81,plaice,Pleuronectiformes,Pleuronectidae,Pleuronectes_platessa,NorthSea,NS_PLA_A,7,43F4,NA,1998,J_Jones_PhD,2.51,54.4,0.1,16.11851852,360,34,F,4,NA,-0.526400679,2.785631709,0.066121871,0.6,-19,NA,NA,/Users/trueman/Desktop/RNAscripts/OtoMet/Coldfish_data/ColdfishNAotolithNAFMRNAexploration.Rmd,NA,NA,NA,NA,NA,Shelf,0-50,benthic,Modern
115,plaice,Pleuronectiformes,Pleuronectidae,Pleuronectes_platessa,NorthSea,NS_PLA_A,7,43F4,NA,2002,J_Jones_PhD,2.51,54.4,0.1,16.11851852,360,34,F,4,NA,-0.609053244,2.328289738,0.066121871,0.612820513,-19,NA,NA,/Users/trueman/Desktop/RNAscripts/OtoMet/Coldfish_data/ColdfishNAotolithNAFMRNAexploration.Rmd,NA,NA,NA,NA,NA,Shelf,0-50,benthic,Modern
293,plaice,Pleuronectiformes,Pleuronectidae,Pleuronectes_platessa,NorthSea,NS_PLA_A,7,40F2,NA,1986,J_Jones_PhD,2.51,54.4,0.1,16.11851852,360,34,M,4,NA,0.175710106,2.733089957,1.472306788,0.612820513,-19,NA,NA,/Users/trueman/Desktop/RNAscripts/OtoMet/Coldfish_data/ColdfishNAotolithNAFMRNAexploration.Rmd,NA,NA,NA,NA,NA,Shelf,0-50,benthic,Modern
76,plaice,Pleuronectiformes,Pleuronectidae,Pleuronectes_platessa,NorthSea,NS_PLA_A,7,42F2,NA,1998,J_Jones_PhD,2.51,54.4,0.1,16.11851852,365,33,M,4,NA,-0.566105698,2.780451474,0.294772404,0.6,-19,NA,NA,/Users/trueman/Desktop/RNAscripts/OtoMet/Coldfish_data/ColdfishNAotolithNAFMRNAexploration.Rmd,NA,NA,NA,NA,NA,Shelf,0-50,benthic,Modern
379,plaice,Pleuronectiformes,Pleuronectidae,Pleuronectes_platessa,NorthSea,NS_PLA_A,7,43F3,NA,1990,J_Jones_PhD,2.51,54.4,0.1,16.11851852,365,32,F,4,NA,-0.851320747,2.222265139,0.080903867,0.612820513,-19,NA,NA,/Users/trueman/Desktop/RNAscripts/OtoMet/Coldfish_data/ColdfishNAotolithNAFMRNAexploration.Rmd,NA,NA,NA,NA,NA,Shelf,0-50,benthic,Modern
428,plaice,Pleuronectiformes,Pleuronectidae,Pleuronectes_platessa,NorthSea,NS_PLA_A,7,42F5,NA,1995,J_Jones_PhD,2.51,54.4,0.1,16.11851852,375,34,F,4,NA,-0.25955016,2.862021437,0.280413984,0.612820513,-19,NA,NA,/Users/trueman/Desktop/RNAscripts/OtoMet/Coldfish_data/ColdfishNAotolithNAFMRNAexploration.Rmd,NA,NA,NA,NA,NA,Shelf,0-50,benthic,Modern
534,plaice,Pleuronectiformes,Pleuronectidae,Pleuronectes_platessa,NorthSea,NS_PLA_A,7,43F4,NA,1997,J_Jones_PhD,2.51,54.4,0.1,16.11851852,400,34,F,4,NA,0.362,1.85,0.066121871,0.612820513,-19,NA,NA,/Users/trueman/Desktop/RNAscripts/OtoMet/Coldfish_data/ColdfishNAotolithNAFMRNAexploration.Rmd,NA,NA,NA,NA,NA,Shelf,0-50,benthic,Modern
117,plaice,Pleuronectiformes,Pleuronectidae,Pleuronectes_platessa,NorthSea,NS_PLA_A,7,41F4,NA,2002,J_Jones_PhD,2.51,54.4,0.1,16.11851852,405,34,F,4,NA,-0.145360261,2.753869271,0.284920432,0.8,-19,NA,NA,/Users/trueman/Desktop/RNAscripts/OtoMet/Coldfish_data/ColdfishNAotolithNAFMRNAexploration.Rmd,NA,NA,NA,NA,NA,Shelf,0-50,benthic,Modern
116,plaice,Pleuronectiformes,Pleuronectidae,Pleuronectes_platessa,NorthSea,NS_PLA_A,7,42F5,NA,2002,J_Jones_PhD,2.51,54.4,0.1,16.11851852,410,35,M,4,NA,-1.371735909,2.783235886,0.280413984,0.612820513,-19,NA,NA,/Users/trueman/Desktop/RNAscripts/OtoMet/Coldfish_data/ColdfishNAotolithNAFMRNAexploration.Rmd,NA,NA,NA,NA,NA,Shelf,0-50,benthic,Modern
294,plaice,Pleuronectiformes,Pleuronectidae,Pleuronectes_platessa,NorthSea,NS_PLA_A,7,40F2,NA,1986,J_Jones_PhD,2.51,54.4,0.1,16.11851852,415,35,F,4,NA,-0.044903187,2.704267051,1.472306788,0.612820513,-19,NA,NA,/Users/trueman/Desktop/RNAscripts/OtoMet/Coldfish_data/ColdfishNAotolithNAFMRNAexploration.Rmd,NA,NA,NA,NA,NA,Shelf,0-50,benthic,Modern
84,plaice,Pleuronectiformes,Pleuronectidae,Pleuronectes_platessa,NorthSea,NS_PLA_A,7,43F3,NA,1998,J_Jones_PhD,2.51,54.4,0.1,16.11851852,420,34,F,4,NA,0.173429542,2.91940545,0.080903867,0.6,-19,NA,NA,/Users/trueman/Desktop/RNAscripts/OtoMet/Coldfish_data/ColdfishNAotolithNAFMRNAexploration.Rmd,NA,NA,NA,NA,NA,Shelf,0-50,benthic,Modern
77,plaice,Pleuronectiformes,Pleuronectidae,Pleuronectes_platessa,NorthSea,NS_PLA_A,7,42F2,NA,1998,J_Jones_PhD,2.51,54.4,0.1,16.11851852,425,34,F,4,NA,-0.436553361,2.865132698,0.294772404,0.6,-19,NA,NA,/Users/trueman/Desktop/RNAscripts/OtoMet/Coldfish_data/ColdfishNAotolithNAFMRNAexploration.Rmd,NA,NA,NA,NA,NA,Shelf,0-50,benthic,Modern
233,plaice,Pleuronectiformes,Pleuronectidae,Pleuronectes_platessa,NorthSea,NS_PLA_A,7,42F5,NA,1985,J_Jones_PhD,2.51,54.4,0.1,16.11851852,430,36,F,4,NA,-0.517301587,2.630695736,0.280413984,0.612820513,-19,NA,NA,/Users/trueman/Desktop/RNAscripts/OtoMet/Coldfish_data/ColdfishNAotolithNAFMRNAexploration.Rmd,NA,NA,NA,NA,NA,Shelf,0-50,benthic,Modern
377,plaice,Pleuronectiformes,Pleuronectidae,Pleuronectes_platessa,NorthSea,NS_PLA_A,7,39F2,NA,1990,J_Jones_PhD,2.51,54.4,0.1,16.11851852,435,36,F,4,NA,-0.296296823,2.494032207,1.472306788,0.612820513,-19,NA,NA,/Users/trueman/Desktop/RNAscripts/OtoMet/Coldfish_data/ColdfishNAotolithNAFMRNAexploration.Rmd,NA,NA,NA,NA,NA,Shelf,0-50,benthic,Modern
86,plaice,Pleuronectiformes,Pleuronectidae,Pleuronectes_platessa,NorthSea,NS_PLA_A,7,43F3,NA,1998,J_Jones_PhD,2.51,54.4,0.1,16.11851852,445,36,M,4,NA,-0.635398981,2.497274979,0.080903867,0.6,-19,NA,NA,/Users/trueman/Desktop/RNAscripts/OtoMet/Coldfish_data/ColdfishNAotolithNAFMRNAexploration.Rmd,NA,NA,NA,NA,NA,Shelf,0-50,benthic,Modern
102,plaice,Pleuronectiformes,Pleuronectidae,Pleuronectes_platessa,NorthSea,NS_PLA_A,7,43F3,NA,2002,J_Jones_PhD,2.51,54.4,0.1,16.11851852,450,36,F,4,NA,-2.330475382,2.73014038,0.080903867,0.6,-19,NA,NA,/Users/trueman/Desktop/RNAscripts/OtoMet/Coldfish_data/ColdfishNAotolithNAFMRNAexploration.Rmd,NA,NA,NA,NA,NA,Shelf,0-50,benthic,Modern
325,plaice,Pleuronectiformes,Pleuronectidae,Pleuronectes_platessa,NorthSea,NS_PLA_A,7,42F4,NA,1993,J_Jones_PhD,2.51,54.4,0.1,16.11851852,480,29,M,4,NA,-0.277566809,2.309422237,0.284920432,0.612820513,-19,NA,NA,/Users/trueman/Desktop/RNAscripts/OtoMet/Coldfish_data/ColdfishNAotolithNAFMRNAexploration.Rmd,NA,NA,NA,NA,NA,Shelf,0-50,benthic,Modern
87,plaice,Pleuronectiformes,Pleuronectidae,Pleuronectes_platessa,NorthSea,NS_PLA_A,7,43F3,NA,1998,J_Jones_PhD,2.51,54.4,0.1,16.11851852,485,38,F,4,NA,-0.354244482,3.29793559,0.080903867,0.6,-19,NA,NA,/Users/trueman/Desktop/RNAscripts/OtoMet/Coldfish_data/ColdfishNAotolithNAFMRNAexploration.Rmd,NA,NA,NA,NA,NA,Shelf,0-50,benthic,Modern
287,plaice,Pleuronectiformes,Pleuronectidae,Pleuronectes_platessa,NorthSea,NS_PLA_A,7,41F3,NA,1986,J_Jones_PhD,2.51,54.4,0.1,16.11851852,485,37,F,4,NA,-0.325411491,2.763900649,0.289345041,0.612820513,-19,NA,NA,/Users/trueman/Desktop/RNAscripts/OtoMet/Coldfish_data/ColdfishNAotolithNAFMRNAexploration.Rmd,NA,NA,NA,NA,NA,Shelf,0-50,benthic,Modern
85,plaice,Pleuronectiformes,Pleuronectidae,Pleuronectes_platessa,NorthSea,NS_PLA_A,7,43F3,NA,1998,J_Jones_PhD,2.51,54.4,0.1,16.11851852,490,36,F,4,NA,-0.580390492,3.047233691,0.080903867,0.6,-19,NA,NA,/Users/trueman/Desktop/RNAscripts/OtoMet/Coldfish_data/ColdfishNAotolithNAFMRNAexploration.Rmd,NA,NA,NA,NA,NA,Shelf,0-50,benthic,Modern
431,plaice,Pleuronectiformes,Pleuronectidae,Pleuronectes_platessa,NorthSea,NS_PLA_A,7,42F2,NA,1995,J_Jones_PhD,2.51,54.4,0.1,16.11851852,500,35,F,4,NA,-0.343217574,2.983898372,0.294772404,0.612820513,-19,NA,NA,/Users/trueman/Desktop/RNAscripts/OtoMet/Coldfish_data/ColdfishNAotolithNAFMRNAexploration.Rmd,NA,NA,NA,NA,NA,Shelf,0-50,benthic,Modern
535,plaice,Pleuronectiformes,Pleuronectidae,Pleuronectes_platessa,NorthSea,NS_PLA_A,7,43F4,NA,1997,J_Jones_PhD,2.51,54.4,0.1,16.11851852,500,35,F,4,NA,0.019,2.253,0.066121871,0.612820513,-19,NA,NA,/Users/trueman/Desktop/RNAscripts/OtoMet/Coldfish_data/ColdfishNAotolithNAFMRNAexploration.Rmd,NA,NA,NA,NA,NA,Shelf,0-50,benthic,Modern
241,plaice,Pleuronectiformes,Pleuronectidae,Pleuronectes_platessa,NorthSea,NS_PLA_A,7,42F3,NA,1985,J_Jones_PhD,2.51,54.4,0.1,16.11851852,505,37,F,4,NA,-0.383661034,3.058243484,0.289345041,0.612820513,-19,NA,NA,/Users/trueman/Desktop/RNAscripts/OtoMet/Coldfish_data/ColdfishNAotolithNAFMRNAexploration.Rmd,NA,NA,NA,NA,NA,Shelf,0-50,benthic,Modern
240,plaice,Pleuronectiformes,Pleuronectidae,Pleuronectes_platessa,NorthSea,NS_PLA_A,7,42F3,NA,1985,J_Jones_PhD,2.51,54.4,0.1,16.11851852,510,37,F,4,NA,-0.409399215,3.058243484,0.289345041,0.612820513,-19,NA,NA,/Users/trueman/Desktop/RNAscripts/OtoMet/Coldfish_data/ColdfishNAotolithNAFMRNAexploration.Rmd,NA,NA,NA,NA,NA,Shelf,0-50,benthic,Modern
91,plaice,Pleuronectiformes,Pleuronectidae,Pleuronectes_platessa,NorthSea,NS_PLA_A,7,43F3,NA,1998,J_Jones_PhD,2.51,54.4,0.1,16.11851852,540,36,F,4,NA,-1.024533107,2.629066887,0.080903867,0.6,-19,NA,NA,/Users/trueman/Desktop/RNAscripts/OtoMet/Coldfish_data/ColdfishNAotolithNAFMRNAexploration.Rmd,NA,NA,NA,NA,NA,Shelf,0-50,benthic,Modern
288,plaice,Pleuronectiformes,Pleuronectidae,Pleuronectes_platessa,NorthSea,NS_PLA_A,7,41F3,NA,1986,J_Jones_PhD,2.51,54.4,0.1,16.11851852,540,38,F,4,NA,-0.428231261,2.766882329,0.289345041,0.612820513,-19,NA,NA,/Users/trueman/Desktop/RNAscripts/OtoMet/Coldfish_data/ColdfishNAotolithNAFMRNAexploration.Rmd,NA,NA,NA,NA,NA,Shelf,0-50,benthic,Modern
536,plaice,Pleuronectiformes,Pleuronectidae,Pleuronectes_platessa,NorthSea,NS_PLA_A,7,43F4,NA,1997,J_Jones_PhD,2.51,54.4,0.1,16.11851852,560,38,M,4,NA,0.273,2.57,0.066121871,0.612820513,-19,NA,NA,/Users/trueman/Desktop/RNAscripts/OtoMet/Coldfish_data/ColdfishNAotolithNAFMRNAexploration.Rmd,NA,NA,NA,NA,NA,Shelf,0-50,benthic,Modern
92,plaice,Pleuronectiformes,Pleuronectidae,Pleuronectes_platessa,NorthSea,NS_PLA_A,7,43F3,NA,1998,J_Jones_PhD,2.51,54.4,0.1,16.11851852,565,38,F,4,NA,-1.058149406,2.713294798,0.080903867,0.6,-19,NA,NA,/Users/trueman/Desktop/RNAscripts/OtoMet/Coldfish_data/ColdfishNAotolithNAFMRNAexploration.Rmd,NA,NA,NA,NA,NA,Shelf,0-50,benthic,Modern
295,plaice,Pleuronectiformes,Pleuronectidae,Pleuronectes_platessa,NorthSea,NS_PLA_A,7,40F2,NA,1986,J_Jones_PhD,2.51,54.4,0.1,16.11851852,575,38,F,4,NA,-0.532049281,2.74899225,1.472306788,0.612820513,-19,NA,NA,/Users/trueman/Desktop/RNAscripts/OtoMet/Coldfish_data/ColdfishNAotolithNAFMRNAexploration.Rmd,NA,NA,NA,NA,NA,Shelf,0-50,benthic,Modern
537,plaice,Pleuronectiformes,Pleuronectidae,Pleuronectes_platessa,NorthSea,NS_PLA_A,7,43F4,NA,1997,J_Jones_PhD,2.51,54.4,0.1,16.11851852,580,38,F,4,NA,0.226,2.597,0.066121871,0.612820513,-19,NA,NA,/Users/trueman/Desktop/RNAscripts/OtoMet/Coldfish_data/ColdfishNAotolithNAFMRNAexploration.Rmd,NA,NA,NA,NA,NA,Shelf,0-50,benthic,Modern
539,plaice,Pleuronectiformes,Pleuronectidae,Pleuronectes_platessa,NorthSea,NS_PLA_A,7,43F4,NA,1997,J_Jones_PhD,2.51,54.4,0.1,16.11851852,650,40,F,4,NA,0.103,2.617,0.066121871,0.612820513,-19,NA,NA,/Users/trueman/Desktop/RNAscripts/OtoMet/Coldfish_data/ColdfishNAotolithNAFMRNAexploration.Rmd,NA,NA,NA,NA,NA,Shelf,0-50,benthic,Modern
79,plaice,Pleuronectiformes,Pleuronectidae,Pleuronectes_platessa,NorthSea,NS_PLA_A,7,43F3,NA,1998,J_Jones_PhD,2.51,54.4,0.1,16.11851852,680,38,F,4,NA,0.05574552,2.79340272,0.080903867,0.6,-19,NA,NA,/Users/trueman/Desktop/RNAscripts/OtoMet/Coldfish_data/ColdfishNAotolithNAFMRNAexploration.Rmd,NA,NA,NA,NA,NA,Shelf,0-50,benthic,Modern
82,plaice,Pleuronectiformes,Pleuronectidae,Pleuronectes_platessa,NorthSea,NS_PLA_A,7,43F4,NA,1998,J_Jones_PhD,2.51,54.4,0.1,16.11851852,715,40,F,4,NA,-0.312478778,2.847068538,0.066121871,0.6,-19,NA,NA,/Users/trueman/Desktop/RNAscripts/OtoMet/Coldfish_data/ColdfishNAotolithNAFMRNAexploration.Rmd,NA,NA,NA,NA,NA,Shelf,0-50,benthic,Modern
290,plaice,Pleuronectiformes,Pleuronectidae,Pleuronectes_platessa,NorthSea,NS_PLA_A,7,39F2,NA,1986,J_Jones_PhD,2.51,54.4,0.1,16.11851852,725,42,F,4,NA,-1.203871662,2.534311299,1.472306788,0.612820513,-19,NA,NA,/Users/trueman/Desktop/RNAscripts/OtoMet/Coldfish_data/ColdfishNAotolithNAFMRNAexploration.Rmd,NA,NA,NA,NA,NA,Shelf,0-50,benthic,Modern
180,plaice,Pleuronectiformes,Pleuronectidae,Pleuronectes_platessa,NorthSea,NS_PLA_A,8,44F3,NA,1987,J_Jones_PhD,2.51,54.4,0.1,16.11851852,230,30,F,4,NA,-0.409704459,2.733014558,0.080903867,0.612820513,-19,NA,NA,/Users/trueman/Desktop/RNAscripts/OtoMet/Coldfish_data/ColdfishNAotolithNAFMRNAexploration.Rmd,NA,NA,NA,NA,NA,Shelf,0-50,benthic,Modern
185,plaice,Pleuronectiformes,Pleuronectidae,Pleuronectes_platessa,NorthSea,NS_PLA_A,8,42F2,NA,1987,J_Jones_PhD,2.51,54.4,0.1,16.11851852,240,31,F,4,NA,0.14569514,2.519327731,0.294772404,0.612820513,-19,NA,NA,/Users/trueman/Desktop/RNAscripts/OtoMet/Coldfish_data/ColdfishNAotolithNAFMRNAexploration.Rmd,NA,NA,NA,NA,NA,Shelf,0-50,benthic,Modern
483,plaice,Pleuronectiformes,Pleuronectidae,Pleuronectes_platessa,NorthSea,NS_PLA_A,8,42F5,NA,2001,J_Jones_PhD,2.51,54.4,0.1,16.11851852,240,28,M,4,NA,0.33,2.263,0.280413984,0.612820513,-19,NA,NA,/Users/trueman/Desktop/RNAscripts/OtoMet/Coldfish_data/ColdfishNAotolithNAFMRNAexploration.Rmd,NA,NA,NA,NA,NA,Shelf,0-50,benthic,Modern
504,plaice,Pleuronectiformes,Pleuronectidae,Pleuronectes_platessa,NorthSea,NS_PLA_A,8,42F5,NA,1986,J_Jones_PhD,2.51,54.4,0.1,16.11851852,245,28,M,4,NA,0.234,1.739,0.280413984,0.612820513,-19,NA,NA,/Users/trueman/Desktop/RNAscripts/OtoMet/Coldfish_data/ColdfishNAotolithNAFMRNAexploration.Rmd,NA,NA,NA,NA,NA,Shelf,0-50,benthic,Modern
181,plaice,Pleuronectiformes,Pleuronectidae,Pleuronectes_platessa,NorthSea,NS_PLA_A,8,44F3,NA,1987,J_Jones_PhD,2.51,54.4,0.1,16.11851852,270,30,F,4,NA,-0.138947155,2.782251154,0.080903867,0.612820513,-19,NA,NA,/Users/trueman/Desktop/RNAscripts/OtoMet/Coldfish_data/ColdfishNAotolithNAFMRNAexploration.Rmd,NA,NA,NA,NA,NA,Shelf,0-50,benthic,Modern
177,plaice,Pleuronectiformes,Pleuronectidae,Pleuronectes_platessa,NorthSea,NS_PLA_A,8,44F3,NA,1987,J_Jones_PhD,2.51,54.4,0.1,16.11851852,280,30,M,4,NA,-0.378959124,1.957045804,0.080903867,0.612820513,-19,NA,NA,/Users/trueman/Desktop/RNAscripts/OtoMet/Coldfish_data/ColdfishNAotolithNAFMRNAexploration.Rmd,NA,NA,NA,NA,NA,Shelf,0-50,benthic,Modern
187,plaice,Pleuronectiformes,Pleuronectidae,Pleuronectes_platessa,NorthSea,NS_PLA_A,8,42F2,NA,1987,J_Jones_PhD,2.51,54.4,0.1,16.11851852,280,33,F,4,NA,-0.540620079,2.619770387,0.294772404,0.612820513,-19,NA,NA,/Users/trueman/Desktop/RNAscripts/OtoMet/Coldfish_data/ColdfishNAotolithNAFMRNAexploration.Rmd,NA,NA,NA,NA,NA,Shelf,0-50,benthic,Modern
190,plaice,Pleuronectiformes,Pleuronectidae,Pleuronectes_platessa,NorthSea,NS_PLA_A,8,44F3,NA,1987,J_Jones_PhD,2.51,54.4,0.1,16.11851852,290,32,F,4,NA,-0.192503545,2.630602438,0.080903867,0.612820513,-19,NA,NA,/Users/trueman/Desktop/RNAscripts/OtoMet/Coldfish_data/ColdfishNAotolithNAFMRNAexploration.Rmd,NA,NA,NA,NA,NA,Shelf,0-50,benthic,Modern
189,plaice,Pleuronectiformes,Pleuronectidae,Pleuronectes_platessa,NorthSea,NS_PLA_A,8,44F3,NA,1987,J_Jones_PhD,2.51,54.4,0.1,16.11851852,295,30,M,4,NA,-0.484088334,1.872358859,0.080903867,0.612820513,-19,NA,NA,/Users/trueman/Desktop/RNAscripts/OtoMet/Coldfish_data/ColdfishNAotolithNAFMRNAexploration.Rmd,NA,NA,NA,NA,NA,Shelf,0-50,benthic,Modern
246,plaice,Pleuronectiformes,Pleuronectidae,Pleuronectes_platessa,NorthSea,NS_PLA_A,8,39F2,NA,1985,J_Jones_PhD,2.51,54.4,0.1,16.11851852,295,33,M,4,NA,-0.384650964,2.473334412,1.472306788,0.612820513,-19,NA,NA,/Users/trueman/Desktop/RNAscripts/OtoMet/Coldfish_data/ColdfishNAotolithNAFMRNAexploration.Rmd,NA,NA,NA,NA,NA,Shelf,0-50,benthic,Modern
485,plaice,Pleuronectiformes,Pleuronectidae,Pleuronectes_platessa,NorthSea,NS_PLA_A,8,43F4,NA,2001,J_Jones_PhD,2.51,54.4,0.1,16.11851852,295,31,M,4,NA,0.484,1.896,0.066121871,0.612820513,-19,NA,NA,/Users/trueman/Desktop/RNAscripts/OtoMet/Coldfish_data/ColdfishNAotolithNAFMRNAexploration.Rmd,NA,NA,NA,NA,NA,Shelf,0-50,benthic,Modern
179,plaice,Pleuronectiformes,Pleuronectidae,Pleuronectes_platessa,NorthSea,NS_PLA_A,8,44F3,NA,1987,J_Jones_PhD,2.51,54.4,0.1,16.11851852,330,36,F,4,NA,-0.859974849,2.685747426,0.080903867,0.612820513,-19,NA,NA,/Users/trueman/Desktop/RNAscripts/OtoMet/Coldfish_data/ColdfishNAotolithNAFMRNAexploration.Rmd,NA,NA,NA,NA,NA,Shelf,0-50,benthic,Modern
182,plaice,Pleuronectiformes,Pleuronectidae,Pleuronectes_platessa,NorthSea,NS_PLA_A,8,44F3,NA,1987,J_Jones_PhD,2.51,54.4,0.1,16.11851852,335,34,F,4,NA,-0.607069674,2.484862114,0.080903867,0.612820513,-19,NA,NA,/Users/trueman/Desktop/RNAscripts/OtoMet/Coldfish_data/ColdfishNAotolithNAFMRNAexploration.Rmd,NA,NA,NA,NA,NA,Shelf,0-50,benthic,Modern
299,plaice,Pleuronectiformes,Pleuronectidae,Pleuronectes_platessa,NorthSea,NS_PLA_A,8,41F3,NA,1986,J_Jones_PhD,2.51,54.4,0.1,16.11851852,335,37,M,4,NA,-1.351080973,1.68495835,0.289345041,0.612820513,-19,NA,NA,/Users/trueman/Desktop/RNAscripts/OtoMet/Coldfish_data/ColdfishNAotolithNAFMRNAexploration.Rmd,NA,NA,NA,NA,NA,Shelf,0-50,benthic,Modern
178,plaice,Pleuronectiformes,Pleuronectidae,Pleuronectes_platessa,NorthSea,NS_PLA_A,8,44F3,NA,1987,J_Jones_PhD,2.51,54.4,0.1,16.11851852,340,31,F,4,NA,-0.2748217,2.735968754,0.080903867,0.612820513,-19,NA,NA,/Users/trueman/Desktop/RNAscripts/OtoMet/Coldfish_data/ColdfishNAotolithNAFMRNAexploration.Rmd,NA,NA,NA,NA,NA,Shelf,0-50,benthic,Modern
484,plaice,Pleuronectiformes,Pleuronectidae,Pleuronectes_platessa,NorthSea,NS_PLA_A,8,42F5,NA,2001,J_Jones_PhD,2.51,54.4,0.1,16.11851852,365,33,F,4,NA,0.148,2.264,0.280413984,0.612820513,-19,NA,NA,/Users/trueman/Desktop/RNAscripts/OtoMet/Coldfish_data/ColdfishNAotolithNAFMRNAexploration.Rmd,NA,NA,NA,NA,NA,Shelf,0-50,benthic,Modern
505,plaice,Pleuronectiformes,Pleuronectidae,Pleuronectes_platessa,NorthSea,NS_PLA_A,8,42F5,NA,1986,J_Jones_PhD,2.51,54.4,0.1,16.11851852,395,33,M,4,NA,0.59,1.628,0.280413984,0.612820513,-19,NA,NA,/Users/trueman/Desktop/RNAscripts/OtoMet/Coldfish_data/ColdfishNAotolithNAFMRNAexploration.Rmd,NA,NA,NA,NA,NA,Shelf,0-50,benthic,Modern
183,plaice,Pleuronectiformes,Pleuronectidae,Pleuronectes_platessa,NorthSea,NS_PLA_A,8,44F3,NA,1987,J_Jones_PhD,2.51,54.4,0.1,16.11851852,400,35,F,4,NA,-0.115144315,2.862999171,0.080903867,0.612820513,-19,NA,NA,/Users/trueman/Desktop/RNAscripts/OtoMet/Coldfish_data/ColdfishNAotolithNAFMRNAexploration.Rmd,NA,NA,NA,NA,NA,Shelf,0-50,benthic,Modern
506,plaice,Pleuronectiformes,Pleuronectidae,Pleuronectes_platessa,NorthSea,NS_PLA_A,8,42F5,NA,1986,J_Jones_PhD,2.51,54.4,0.1,16.11851852,400,34,F,4,NA,0.445,2.53,0.280413984,0.612820513,-19,NA,NA,/Users/trueman/Desktop/RNAscripts/OtoMet/Coldfish_data/ColdfishNAotolithNAFMRNAexploration.Rmd,NA,NA,NA,NA,NA,Shelf,0-50,benthic,Modern
243,plaice,Pleuronectiformes,Pleuronectidae,Pleuronectes_platessa,NorthSea,NS_PLA_A,8,39F2,NA,1985,J_Jones_PhD,2.51,54.4,0.1,16.11851852,420,37,F,4,NA,-0.538090118,2.708881551,1.472306788,0.612820513,-19,NA,NA,/Users/trueman/Desktop/RNAscripts/OtoMet/Coldfish_data/ColdfishNAotolithNAFMRNAexploration.Rmd,NA,NA,NA,NA,NA,Shelf,0-50,benthic,Modern
297,plaice,Pleuronectiformes,Pleuronectidae,Pleuronectes_platessa,NorthSea,NS_PLA_A,8,39F2,NA,1986,J_Jones_PhD,2.51,54.4,0.1,16.11851852,420,34,F,4,NA,0.135780098,2.596926576,1.472306788,0.612820513,-19,NA,NA,/Users/trueman/Desktop/RNAscripts/OtoMet/Coldfish_data/ColdfishNAotolithNAFMRNAexploration.Rmd,NA,NA,NA,NA,NA,Shelf,0-50,benthic,Modern
488,plaice,Pleuronectiformes,Pleuronectidae,Pleuronectes_platessa,NorthSea,NS_PLA_A,8,43F4,NA,2001,J_Jones_PhD,2.51,54.4,0.1,16.11851852,425,32,F,4,NA,-0.379,1.903,0.066121871,0.612820513,-19,NA,NA,/Users/trueman/Desktop/RNAscripts/OtoMet/Coldfish_data/ColdfishNAotolithNAFMRNAexploration.Rmd,NA,NA,NA,NA,NA,Shelf,0-50,benthic,Modern
184,plaice,Pleuronectiformes,Pleuronectidae,Pleuronectes_platessa,NorthSea,NS_PLA_A,8,44F3,NA,1987,J_Jones_PhD,2.51,54.4,0.1,16.11851852,430,36,F,4,NA,-0.665584989,2.720213043,0.080903867,0.612820513,-19,NA,NA,/Users/trueman/Desktop/RNAscripts/OtoMet/Coldfish_data/ColdfishNAotolithNAFMRNAexploration.Rmd,NA,NA,NA,NA,NA,Shelf,0-50,benthic,Modern
245,plaice,Pleuronectiformes,Pleuronectidae,Pleuronectes_platessa,NorthSea,NS_PLA_A,8,39F2,NA,1985,J_Jones_PhD,2.51,54.4,0.1,16.11851852,440,36,F,4,NA,-0.903374296,2.608922471,1.472306788,0.612820513,-19,NA,NA,/Users/trueman/Desktop/RNAscripts/OtoMet/Coldfish_data/ColdfishNAotolithNAFMRNAexploration.Rmd,NA,NA,NA,NA,NA,Shelf,0-50,benthic,Modern
507,plaice,Pleuronectiformes,Pleuronectidae,Pleuronectes_platessa,NorthSea,NS_PLA_A,8,42F5,NA,1986,J_Jones_PhD,2.51,54.4,0.1,16.11851852,460,35,M,4,NA,0.194,1.547,0.280413984,0.612820513,-19,NA,NA,/Users/trueman/Desktop/RNAscripts/OtoMet/Coldfish_data/ColdfishNAotolithNAFMRNAexploration.Rmd,NA,NA,NA,NA,NA,Shelf,0-50,benthic,Modern
542,plaice,Pleuronectiformes,Pleuronectidae,Pleuronectes_platessa,NorthSea,NS_PLA_A,8,33F1,NA,1997,J_Jones_PhD,2.51,54.4,0.1,16.11851852,465,35,F,4,NA,0.593,2.484,-0.135758187,0.612820513,-19,NA,NA,/Users/trueman/Desktop/RNAscripts/OtoMet/Coldfish_data/ColdfishNAotolithNAFMRNAexploration.Rmd,NA,NA,NA,NA,NA,Shelf,0-50,benthic,Modern
543,plaice,Pleuronectiformes,Pleuronectidae,Pleuronectes_platessa,NorthSea,NS_PLA_A,8,33F1,NA,1997,J_Jones_PhD,2.51,54.4,0.1,16.11851852,465,35,F,4,NA,0.351,2.432,-0.135758187,0.612820513,-19,NA,NA,/Users/trueman/Desktop/RNAscripts/OtoMet/Coldfish_data/ColdfishNAotolithNAFMRNAexploration.Rmd,NA,NA,NA,NA,NA,Shelf,0-50,benthic,Modern
540,plaice,Pleuronectiformes,Pleuronectidae,Pleuronectes_platessa,NorthSea,NS_PLA_A,8,42F2,NA,1997,J_Jones_PhD,2.51,54.4,0.1,16.11851852,515,37,F,4,NA,-0.106,2.154,0.294772404,0.612820513,-19,NA,NA,/Users/trueman/Desktop/RNAscripts/OtoMet/Coldfish_data/ColdfishNAotolithNAFMRNAexploration.Rmd,NA,NA,NA,NA,NA,Shelf,0-50,benthic,Modern
188,plaice,Pleuronectiformes,Pleuronectidae,Pleuronectes_platessa,NorthSea,NS_PLA_A,8,42F2,NA,1987,J_Jones_PhD,2.51,54.4,0.1,16.11851852,585,39,F,4,NA,-1.396530534,2.80588472,0.294772404,0.612820513,-19,NA,NA,/Users/trueman/Desktop/RNAscripts/OtoMet/Coldfish_data/ColdfishNAotolithNAFMRNAexploration.Rmd,NA,NA,NA,NA,NA,Shelf,0-50,benthic,Modern
36,plaice,Pleuronectiformes,Pleuronectidae,Pleuronectes_platessa,NorthSea,NS_PLA_A,9,43F4,NA,1999,J_Jones_PhD,2.51,54.4,0.1,16.11851852,190,27,F,4,NA,-1.049008151,2.982678879,0.066121871,0.6,-19,NA,NA,/Users/trueman/Desktop/RNAscripts/OtoMet/Coldfish_data/ColdfishNAotolithNAFMRNAexploration.Rmd,NA,NA,NA,NA,NA,Shelf,0-50,benthic,Modern
301,plaice,Pleuronectiformes,Pleuronectidae,Pleuronectes_platessa,NorthSea,NS_PLA_A,9,41F2,NA,1993,J_Jones_PhD,2.51,54.4,0.1,16.11851852,230,28,M,4,NA,0.254704838,2.235081298,0.294772404,0.612820513,-19,NA,NA,/Users/trueman/Desktop/RNAscripts/OtoMet/Coldfish_data/ColdfishNAotolithNAFMRNAexploration.Rmd,NA,NA,NA,NA,NA,Shelf,0-50,benthic,Modern
306,plaice,Pleuronectiformes,Pleuronectidae,Pleuronectes_platessa,NorthSea,NS_PLA_A,9,41F2,NA,1993,J_Jones_PhD,2.51,54.4,0.1,16.11851852,255,31,M,4,NA,-0.590550511,2.544339605,0.294772404,0.612820513,-19,NA,NA,/Users/trueman/Desktop/RNAscripts/OtoMet/Coldfish_data/ColdfishNAotolithNAFMRNAexploration.Rmd,NA,NA,NA,NA,NA,Shelf,0-50,benthic,Modern
59,plaice,Pleuronectiformes,Pleuronectidae,Pleuronectes_platessa,NorthSea,NS_PLA_A,9,42F4,NA,1998,J_Jones_PhD,2.51,54.4,0.1,16.11851852,260,31,M,4,NA,-0.737402135,2.686599855,0.284920432,0.6,-19,NA,NA,/Users/trueman/Desktop/RNAscripts/OtoMet/Coldfish_data/ColdfishNAotolithNAFMRNAexploration.Rmd,NA,NA,NA,NA,NA,Shelf,0-50,benthic,Modern
302,plaice,Pleuronectiformes,Pleuronectidae,Pleuronectes_platessa,NorthSea,NS_PLA_A,9,41F2,NA,1993,J_Jones_PhD,2.51,54.4,0.1,16.11851852,260,29,M,4,NA,-0.511806204,2.527488992,0.294772404,0.612820513,-19,NA,NA,/Users/trueman/Desktop/RNAscripts/OtoMet/Coldfish_data/ColdfishNAotolithNAFMRNAexploration.Rmd,NA,NA,NA,NA,NA,Shelf,0-50,benthic,Modern
303,plaice,Pleuronectiformes,Pleuronectidae,Pleuronectes_platessa,NorthSea,NS_PLA_A,9,41F2,NA,1993,J_Jones_PhD,2.51,54.4,0.1,16.11851852,265,29,F,4,NA,-0.603508435,2.131995196,0.294772404,0.612820513,-19,NA,NA,/Users/trueman/Desktop/RNAscripts/OtoMet/Coldfish_data/ColdfishNAotolithNAFMRNAexploration.Rmd,NA,NA,NA,NA,NA,Shelf,0-50,benthic,Modern
33,plaice,Pleuronectiformes,Pleuronectidae,Pleuronectes_platessa,NorthSea,NS_PLA_A,9,42F4,NA,1999,J_Jones_PhD,2.51,54.4,0.1,16.11851852,275,30,F,4,NA,-1.03561824,2.860412831,0.284920432,0.6,-19,NA,NA,/Users/trueman/Desktop/RNAscripts/OtoMet/Coldfish_data/ColdfishNAotolithNAFMRNAexploration.Rmd,NA,NA,NA,NA,NA,Shelf,0-50,benthic,Modern
58,plaice,Pleuronectiformes,Pleuronectidae,Pleuronectes_platessa,NorthSea,NS_PLA_A,9,42F4,NA,1998,J_Jones_PhD,2.51,54.4,0.1,16.11851852,280,30,M,4,NA,-0.010321433,2.749404497,0.284920432,0.6,-19,NA,NA,/Users/trueman/Desktop/RNAscripts/OtoMet/Coldfish_data/ColdfishNAotolithNAFMRNAexploration.Rmd,NA,NA,NA,NA,NA,Shelf,0-50,benthic,Modern
166,plaice,Pleuronectiformes,Pleuronectidae,Pleuronectes_platessa,NorthSea,NS_PLA_A,9,42F5,NA,1987,J_Jones_PhD,2.51,54.4,0.1,16.11851852,280,28,M,4,NA,-0.0169576,1.330756303,0.280413984,0.612820513,-19,NA,NA,/Users/trueman/Desktop/RNAscripts/OtoMet/Coldfish_data/ColdfishNAotolithNAFMRNAexploration.Rmd,NA,NA,NA,NA,NA,Shelf,0-50,benthic,Modern
168,plaice,Pleuronectiformes,Pleuronectidae,Pleuronectes_platessa,NorthSea,NS_PLA_A,9,42F4,NA,1987,J_Jones_PhD,2.51,54.4,0.1,16.11851852,300,33,M,4,NA,0.378764615,2.351923305,0.284920432,0.612820513,-19,NA,NA,/Users/trueman/Desktop/RNAscripts/OtoMet/Coldfish_data/ColdfishNAotolithNAFMRNAexploration.Rmd,NA,NA,NA,NA,NA,Shelf,0-50,benthic,Modern
167,plaice,Pleuronectiformes,Pleuronectidae,Pleuronectes_platessa,NorthSea,NS_PLA_A,9,42F4,NA,1987,J_Jones_PhD,2.51,54.4,0.1,16.11851852,320,33,F,4,NA,-0.504915819,2.746800805,0.284920432,0.612820513,-19,NA,NA,/Users/trueman/Desktop/RNAscripts/OtoMet/Coldfish_data/ColdfishNAotolithNAFMRNAexploration.Rmd,NA,NA,NA,NA,NA,Shelf,0-50,benthic,Modern
304,plaice,Pleuronectiformes,Pleuronectidae,Pleuronectes_platessa,NorthSea,NS_PLA_A,9,41F2,NA,1993,J_Jones_PhD,2.51,54.4,0.1,16.11851852,320,32,M,4,NA,-0.536725289,2.072522445,0.294772404,0.612820513,-19,NA,NA,/Users/trueman/Desktop/RNAscripts/OtoMet/Coldfish_data/ColdfishNAotolithNAFMRNAexploration.Rmd,NA,NA,NA,NA,NA,Shelf,0-50,benthic,Modern
307,plaice,Pleuronectiformes,Pleuronectidae,Pleuronectes_platessa,NorthSea,NS_PLA_A,9,41F2,NA,1993,J_Jones_PhD,2.51,54.4,0.1,16.11851852,320,33,M,4,NA,0.074290665,2.209309773,0.294772404,0.612820513,-19,NA,NA,/Users/trueman/Desktop/RNAscripts/OtoMet/Coldfish_data/ColdfishNAotolithNAFMRNAexploration.Rmd,NA,NA,NA,NA,NA,Shelf,0-50,benthic,Modern
169,plaice,Pleuronectiformes,Pleuronectidae,Pleuronectes_platessa,NorthSea,NS_PLA_A,9,42F5,NA,1987,J_Jones_PhD,2.51,54.4,0.1,16.11851852,345,32,F,4,NA,-0.417638739,2.135282282,0.280413984,0.612820513,-19,NA,NA,/Users/trueman/Desktop/RNAscripts/OtoMet/Coldfish_data/ColdfishNAotolithNAFMRNAexploration.Rmd,NA,NA,NA,NA,NA,Shelf,0-50,benthic,Modern
308,plaice,Pleuronectiformes,Pleuronectidae,Pleuronectes_platessa,NorthSea,NS_PLA_A,9,41F2,NA,1993,J_Jones_PhD,2.51,54.4,0.1,16.11851852,365,33,F,4,NA,0.091235643,2.369886201,0.294772404,0.612820513,-19,NA,NA,/Users/trueman/Desktop/RNAscripts/OtoMet/Coldfish_data/ColdfishNAotolithNAFMRNAexploration.Rmd,NA,NA,NA,NA,NA,Shelf,0-50,benthic,Modern
309,plaice,Pleuronectiformes,Pleuronectidae,Pleuronectes_platessa,NorthSea,NS_PLA_A,9,41F2,NA,1993,J_Jones_PhD,2.51,54.4,0.1,16.11851852,375,33,M,4,NA,-0.63739839,2.669232382,0.294772404,0.612820513,-19,NA,NA,/Users/trueman/Desktop/RNAscripts/OtoMet/Coldfish_data/ColdfishNAotolithNAFMRNAexploration.Rmd,NA,NA,NA,NA,NA,Shelf,0-50,benthic,Modern
52,plaice,Pleuronectiformes,Pleuronectidae,Pleuronectes_platessa,NorthSea,NS_PLA_A,9,41F4,NA,1998,J_Jones_PhD,2.51,54.4,0.1,16.11851852,405,35,M,4,NA,0.003660889,2.530086701,0.284920432,0.8,-19,NA,NA,/Users/trueman/Desktop/RNAscripts/OtoMet/Coldfish_data/ColdfishNAotolithNAFMRNAexploration.Rmd,NA,NA,NA,NA,NA,Shelf,0-50,benthic,Modern
51,plaice,Pleuronectiformes,Pleuronectidae,Pleuronectes_platessa,NorthSea,NS_PLA_A,9,41F4,NA,1998,J_Jones_PhD,2.51,54.4,0.1,16.11851852,410,34,F,4,NA,-0.491712777,2.508154922,0.284920432,0.8,-19,NA,NA,/Users/trueman/Desktop/RNAscripts/OtoMet/Coldfish_data/ColdfishNAotolithNAFMRNAexploration.Rmd,NA,NA,NA,NA,NA,Shelf,0-50,benthic,Modern
310,plaice,Pleuronectiformes,Pleuronectidae,Pleuronectes_platessa,NorthSea,NS_PLA_A,9,41F2,NA,1993,J_Jones_PhD,2.51,54.4,0.1,16.11851852,410,35,F,4,NA,-0.928453298,2.2905892,0.294772404,0.612820513,-19,NA,NA,/Users/trueman/Desktop/RNAscripts/OtoMet/Coldfish_data/ColdfishNAotolithNAFMRNAexploration.Rmd,NA,NA,NA,NA,NA,Shelf,0-50,benthic,Modern
30,plaice,Pleuronectiformes,Pleuronectidae,Pleuronectes_platessa,NorthSea,NS_PLA_A,9,42F4,NA,1999,J_Jones_PhD,2.51,54.4,0.1,16.11851852,425,35,M,4,NA,-0.648047355,2.922899506,0.284920432,0.6,-19,NA,NA,/Users/trueman/Desktop/RNAscripts/OtoMet/Coldfish_data/ColdfishNAotolithNAFMRNAexploration.Rmd,NA,NA,NA,NA,NA,Shelf,0-50,benthic,Modern
34,plaice,Pleuronectiformes,Pleuronectidae,Pleuronectes_platessa,NorthSea,NS_PLA_A,9,42F4,NA,1999,J_Jones_PhD,2.51,54.4,0.1,16.11851852,425,35,F,4,NA,-1.783294358,2.741486578,0.284920432,0.6,-19,NA,NA,/Users/trueman/Desktop/RNAscripts/OtoMet/Coldfish_data/ColdfishNAotolithNAFMRNAexploration.Rmd,NA,NA,NA,NA,NA,Shelf,0-50,benthic,Modern
53,plaice,Pleuronectiformes,Pleuronectidae,Pleuronectes_platessa,NorthSea,NS_PLA_A,9,41F4,NA,1998,J_Jones_PhD,2.51,54.4,0.1,16.11851852,440,35,F,4,NA,-0.948135691,2.577937857,0.284920432,0.8,-19,NA,NA,/Users/trueman/Desktop/RNAscripts/OtoMet/Coldfish_data/ColdfishNAotolithNAFMRNAexploration.Rmd,NA,NA,NA,NA,NA,Shelf,0-50,benthic,Modern
37,plaice,Pleuronectiformes,Pleuronectidae,Pleuronectes_platessa,NorthSea,NS_PLA_A,9,43F4,NA,1999,J_Jones_PhD,2.51,54.4,0.1,16.11851852,445,35,M,4,NA,-0.364873149,2.546037087,0.066121871,0.6,-19,NA,NA,/Users/trueman/Desktop/RNAscripts/OtoMet/Coldfish_data/ColdfishNAotolithNAFMRNAexploration.Rmd,NA,NA,NA,NA,NA,Shelf,0-50,benthic,Modern
305,plaice,Pleuronectiformes,Pleuronectidae,Pleuronectes_platessa,NorthSea,NS_PLA_A,9,41F2,NA,1993,J_Jones_PhD,2.51,54.4,0.1,16.11851852,450,36,F,4,NA,-1.532491908,2.157766722,0.294772404,0.612820513,-19,NA,NA,/Users/trueman/Desktop/RNAscripts/OtoMet/Coldfish_data/ColdfishNAotolithNAFMRNAexploration.Rmd,NA,NA,NA,NA,NA,Shelf,0-50,benthic,Modern
54,plaice,Pleuronectiformes,Pleuronectidae,Pleuronectes_platessa,NorthSea,NS_PLA_A,9,41F4,NA,1998,J_Jones_PhD,2.51,54.4,0.1,16.11851852,470,35,M,4,NA,-0.651510734,2.634761104,0.284920432,0.8,-19,NA,NA,/Users/trueman/Desktop/RNAscripts/OtoMet/Coldfish_data/ColdfishNAotolithNAFMRNAexploration.Rmd,NA,NA,NA,NA,NA,Shelf,0-50,benthic,Modern
29,plaice,Pleuronectiformes,Pleuronectidae,Pleuronectes_platessa,NorthSea,NS_PLA_A,9,42F4,NA,1999,J_Jones_PhD,2.51,54.4,0.1,16.11851852,510,36,F,4,NA,-1.114963461,3.245411377,0.284920432,0.6,-19,NA,NA,/Users/trueman/Desktop/RNAscripts/OtoMet/Coldfish_data/ColdfishNAotolithNAFMRNAexploration.Rmd,NA,NA,NA,NA,NA,Shelf,0-50,benthic,Modern
173,plaice,Pleuronectiformes,Pleuronectidae,Pleuronectes_platessa,NorthSea,NS_PLA_A,9,39F2,NA,1987,J_Jones_PhD,2.51,54.4,0.1,16.11851852,535,37,F,4,NA,-0.968079414,2.498648361,1.472306788,0.612820513,-19,NA,NA,/Users/trueman/Desktop/RNAscripts/OtoMet/Coldfish_data/ColdfishNAotolithNAFMRNAexploration.Rmd,NA,NA,NA,NA,NA,Shelf,0-50,benthic,Modern
55,plaice,Pleuronectiformes,Pleuronectidae,Pleuronectes_platessa,NorthSea,NS_PLA_A,9,41F4,NA,1998,J_Jones_PhD,2.51,54.4,0.1,16.11851852,545,37,M,4,NA,-0.693457697,2.23201388,0.284920432,0.8,-19,NA,NA,/Users/trueman/Desktop/RNAscripts/OtoMet/Coldfish_data/ColdfishNAotolithNAFMRNAexploration.Rmd,NA,NA,NA,NA,NA,Shelf,0-50,benthic,Modern
61,plaice,Pleuronectiformes,Pleuronectidae,Pleuronectes_platessa,NorthSea,NS_PLA_A,9,42F4,NA,1998,J_Jones_PhD,2.51,54.4,0.1,16.11851852,550,38,F,4,NA,-0.133166112,2.9597502,0.284920432,0.6,-19,NA,NA,/Users/trueman/Desktop/RNAscripts/OtoMet/Coldfish_data/ColdfishNAotolithNAFMRNAexploration.Rmd,NA,NA,NA,NA,NA,Shelf,0-50,benthic,Modern
62,plaice,Pleuronectiformes,Pleuronectidae,Pleuronectes_platessa,NorthSea,NS_PLA_A,9,41F4,NA,1998,J_Jones_PhD,2.51,54.4,0.1,16.11851852,565,36,F,4,NA,-0.518678682,1.886089903,0.284920432,0.8,-19,NA,NA,/Users/trueman/Desktop/RNAscripts/OtoMet/Coldfish_data/ColdfishNAotolithNAFMRNAexploration.Rmd,NA,NA,NA,NA,NA,Shelf,0-50,benthic,Modern
60,plaice,Pleuronectiformes,Pleuronectidae,Pleuronectes_platessa,NorthSea,NS_PLA_A,9,42F4,NA,1998,J_Jones_PhD,2.51,54.4,0.1,16.11851852,585,38,F,4,NA,0.095544714,2.350644869,0.284920432,0.6,-19,NA,NA,/Users/trueman/Desktop/RNAscripts/OtoMet/Coldfish_data/ColdfishNAotolithNAFMRNAexploration.Rmd,NA,NA,NA,NA,NA,Shelf,0-50,benthic,Modern
3,plaice,Pleuronectiformes,Pleuronectidae,Pleuronectes_platessa,NorthSea,NS_PLA_A,9,41F4,NA,1999,J_Jones_PhD,2.51,54.4,0.1,16.11851852,605,39,F,4,NA,-0.125182695,2.903750363,0.284920432,0.8,-19,NA,NA,/Users/trueman/Desktop/RNAscripts/OtoMet/Coldfish_data/ColdfishNAotolithNAFMRNAexploration.Rmd,NA,NA,NA,NA,NA,Shelf,0-50,benthic,Modern
56,plaice,Pleuronectiformes,Pleuronectidae,Pleuronectes_platessa,NorthSea,NS_PLA_A,9,41F4,NA,1998,J_Jones_PhD,2.51,54.4,0.1,16.11851852,605,38,F,4,NA,-0.15913328,2.20011311,0.284920432,0.8,-19,NA,NA,/Users/trueman/Desktop/RNAscripts/OtoMet/Coldfish_data/ColdfishNAotolithNAFMRNAexploration.Rmd,NA,NA,NA,NA,NA,Shelf,0-50,benthic,Modern
57,plaice,Pleuronectiformes,Pleuronectidae,Pleuronectes_platessa,NorthSea,NS_PLA_A,9,41F4,NA,1998,J_Jones_PhD,2.51,54.4,0.1,16.11851852,640,38,F,4,NA,0.369198714,2.798252551,0.284920432,0.8,-19,NA,NA,/Users/trueman/Desktop/RNAscripts/OtoMet/Coldfish_data/ColdfishNAotolithNAFMRNAexploration.Rmd,NA,NA,NA,NA,NA,Shelf,0-50,benthic,Modern
64,plaice,Pleuronectiformes,Pleuronectidae,Pleuronectes_platessa,NorthSea,NS_PLA_A,9,41F4,NA,1998,J_Jones_PhD,2.51,54.4,0.1,16.11851852,655,40,F,4,NA,-1.123913443,1.394618662,0.284920432,0.8,-19,NA,NA,/Users/trueman/Desktop/RNAscripts/OtoMet/Coldfish_data/ColdfishNAotolithNAFMRNAexploration.Rmd,NA,NA,NA,NA,NA,Shelf,0-50,benthic,Modern
63,plaice,Pleuronectiformes,Pleuronectidae,Pleuronectes_platessa,NorthSea,NS_PLA_A,9,41F4,NA,1998,J_Jones_PhD,2.51,54.4,0.1,16.11851852,675,38,F,4,NA,-0.72142234,1.600976769,0.284920432,0.8,-19,NA,NA,/Users/trueman/Desktop/RNAscripts/OtoMet/Coldfish_data/ColdfishNAotolithNAFMRNAexploration.Rmd,NA,NA,NA,NA,NA,Shelf,0-50,benthic,Modern
35,plaice,Pleuronectiformes,Pleuronectidae,Pleuronectes_platessa,NorthSea,NS_PLA_A,9,39F5,NA,1999,J_Jones_PhD,2.51,54.4,0.1,16.11851852,680,39,F,4,NA,-1.376395791,2.641709468,1.464091917,0.6,-19,NA,NA,/Users/trueman/Desktop/RNAscripts/OtoMet/Coldfish_data/ColdfishNAotolithNAFMRNAexploration.Rmd,NA,NA,NA,NA,NA,Shelf,0-50,benthic,Modern
170,plaice,Pleuronectiformes,Pleuronectidae,Pleuronectes_platessa,NorthSea,NS_PLA_A,9,42F5,NA,1987,J_Jones_PhD,2.51,54.4,0.1,16.11851852,775,41,F,4,NA,-0.580291479,2.820655699,0.280413984,0.612820513,-19,NA,NA,/Users/trueman/Desktop/RNAscripts/OtoMet/Coldfish_data/ColdfishNAotolithNAFMRNAexploration.Rmd,NA,NA,NA,NA,NA,Shelf,0-50,benthic,Modern
171,plaice,Pleuronectiformes,Pleuronectidae,Pleuronectes_platessa,NorthSea,NS_PLA_A,9,43F5,NA,1987,J_Jones_PhD,2.51,54.4,0.1,16.11851852,785,41,F,4,NA,-0.441441579,2.122480767,0.101492437,0.612820513,-19,NA,NA,/Users/trueman/Desktop/RNAscripts/OtoMet/Coldfish_data/ColdfishNAotolithNAFMRNAexploration.Rmd,NA,NA,NA,NA,NA,Shelf,0-50,benthic,Modern
39,plaice,Pleuronectiformes,Pleuronectidae,Pleuronectes_platessa,NorthSea,NS_PLA_A,10,42F4,NA,1999,J_Jones_PhD,2.51,54.4,0.1,16.11851852,360,31,M,4,NA,-1.301688669,2.898939357,0.284920432,0.6,-19,NA,NA,/Users/trueman/Desktop/RNAscripts/OtoMet/Coldfish_data/ColdfishNAotolithNAFMRNAexploration.Rmd,NA,NA,NA,NA,NA,Shelf,0-50,benthic,Modern
42,plaice,Pleuronectiformes,Pleuronectidae,Pleuronectes_platessa,NorthSea,NS_PLA_A,10,42F4,NA,1999,J_Jones_PhD,2.51,54.4,0.1,16.11851852,400,35,F,4,NA,-1.055000574,2.939812219,0.284920432,0.6,-19,NA,NA,/Users/trueman/Desktop/RNAscripts/OtoMet/Coldfish_data/ColdfishNAotolithNAFMRNAexploration.Rmd,NA,NA,NA,NA,NA,Shelf,0-50,benthic,Modern
41,plaice,Pleuronectiformes,Pleuronectidae,Pleuronectes_platessa,NorthSea,NS_PLA_A,10,42F4,NA,1999,J_Jones_PhD,2.51,54.4,0.1,16.11851852,435,34,M,4,NA,-0.298956492,2.715509928,0.284920432,0.6,-19,NA,NA,/Users/trueman/Desktop/RNAscripts/OtoMet/Coldfish_data/ColdfishNAotolithNAFMRNAexploration.Rmd,NA,NA,NA,NA,NA,Shelf,0-50,benthic,Modern
40,plaice,Pleuronectiformes,Pleuronectidae,Pleuronectes_platessa,NorthSea,NS_PLA_A,10,42F4,NA,1999,J_Jones_PhD,2.51,54.4,0.1,16.11851852,465,34,F,4,NA,0.293294685,2.815199835,0.284920432,0.6,-19,NA,NA,/Users/trueman/Desktop/RNAscripts/OtoMet/Coldfish_data/ColdfishNAotolithNAFMRNAexploration.Rmd,NA,NA,NA,NA,NA,Shelf,0-50,benthic,Modern
43,plaice,Pleuronectiformes,Pleuronectidae,Pleuronectes_platessa,NorthSea,NS_PLA_A,10,42F4,NA,1999,J_Jones_PhD,2.51,54.4,0.1,16.11851852,540,37,F,4,NA,-0.077236827,2.832147119,0.284920432,0.6,-19,NA,NA,/Users/trueman/Desktop/RNAscripts/OtoMet/Coldfish_data/ColdfishNAotolithNAFMRNAexploration.Rmd,NA,NA,NA,NA,NA,Shelf,0-50,benthic,Modern
45,plaice,Pleuronectiformes,Pleuronectidae,Pleuronectes_platessa,NorthSea,NS_PLA_A,10,42F4,NA,1999,J_Jones_PhD,2.51,54.4,0.1,16.11851852,690,39,F,4,NA,-1.036024567,3.075390492,0.284920432,0.6,-19,NA,NA,/Users/trueman/Desktop/RNAscripts/OtoMet/Coldfish_data/ColdfishNAotolithNAFMRNAexploration.Rmd,NA,NA,NA,NA,NA,Shelf,0-50,benthic,Modern
372,plaice,Pleuronectiformes,Pleuronectidae,Pleuronectes_platessa,NorthSea,NS_PLA_A,11,42F4,NA,1990,J_Jones_PhD,2.51,54.4,0.1,16.11851852,225,29,M,4,NA,-0.445303246,2.427578216,0.284920432,0.612820513,-19,NA,NA,/Users/trueman/Desktop/RNAscripts/OtoMet/Coldfish_data/ColdfishNAotolithNAFMRNAexploration.Rmd,NA,NA,NA,NA,NA,Shelf,0-50,benthic,Modern
27,plaice,Pleuronectiformes,Pleuronectidae,Pleuronectes_platessa,NorthSea,NS_PLA_A,11,42F4,NA,1999,J_Jones_PhD,2.51,54.4,0.1,16.11851852,230,28,M,4,NA,-1.974536685,2.149878864,0.284920432,0.6,-19,NA,NA,/Users/trueman/Desktop/RNAscripts/OtoMet/Coldfish_data/ColdfishNAotolithNAFMRNAexploration.Rmd,NA,NA,NA,NA,NA,Shelf,0-50,benthic,Modern
319,plaice,Pleuronectiformes,Pleuronectidae,Pleuronectes_platessa,NorthSea,NS_PLA_A,11,41F2,NA,1993,J_Jones_PhD,2.51,54.4,0.1,16.11851852,230,29,M,4,NA,-0.034356543,2.212283411,0.294772404,0.612820513,-19,NA,NA,/Users/trueman/Desktop/RNAscripts/OtoMet/Coldfish_data/ColdfishNAotolithNAFMRNAexploration.Rmd,NA,NA,NA,NA,NA,Shelf,0-50,benthic,Modern
371,plaice,Pleuronectiformes,Pleuronectidae,Pleuronectes_platessa,NorthSea,NS_PLA_A,11,42F4,NA,1990,J_Jones_PhD,2.51,54.4,0.1,16.11851852,240,29,F,4,NA,-1.339341782,2.552551393,0.284920432,0.612820513,-19,NA,NA,/Users/trueman/Desktop/RNAscripts/OtoMet/Coldfish_data/ColdfishNAotolithNAFMRNAexploration.Rmd,NA,NA,NA,NA,NA,Shelf,0-50,benthic,Modern
375,plaice,Pleuronectiformes,Pleuronectidae,Pleuronectes_platessa,NorthSea,NS_PLA_A,11,42F4,NA,1990,J_Jones_PhD,2.51,54.4,0.1,16.11851852,240,29,F,4,NA,-0.225293763,2.377985685,0.284920432,0.612820513,-19,NA,NA,/Users/trueman/Desktop/RNAscripts/OtoMet/Coldfish_data/ColdfishNAotolithNAFMRNAexploration.Rmd,NA,NA,NA,NA,NA,Shelf,0-50,benthic,Modern
7,plaice,Pleuronectiformes,Pleuronectidae,Pleuronectes_platessa,NorthSea,NS_PLA_A,11,42F4,NA,1999,J_Jones_PhD,2.51,54.4,0.1,16.11851852,249,30,M,4,NA,-0.578874598,1.384921019,0.284920432,0.6,-19,NA,NA,/Users/trueman/Desktop/RNAscripts/OtoMet/Coldfish_data/ColdfishNAotolithNAFMRNAexploration.Rmd,NA,NA,NA,NA,NA,Shelf,0-50,benthic,Modern
164,plaice,Pleuronectiformes,Pleuronectidae,Pleuronectes_platessa,NorthSea,NS_PLA_A,11,43F3,NA,1987,J_Jones_PhD,2.51,54.4,0.1,16.11851852,250,31,M,4,NA,0.130818365,2.282007338,0.080903867,0.612820513,-19,NA,NA,/Users/trueman/Desktop/RNAscripts/OtoMet/Coldfish_data/ColdfishNAotolithNAFMRNAexploration.Rmd,NA,NA,NA,NA,NA,Shelf,0-50,benthic,Modern
8,plaice,Pleuronectiformes,Pleuronectidae,Pleuronectes_platessa,NorthSea,NS_PLA_A,11,42F4,NA,1999,J_Jones_PhD,2.51,54.4,0.1,16.11851852,260,31,M,4,NA,-0.374408068,1.189398197,0.284920432,0.6,-19,NA,NA,/Users/trueman/Desktop/RNAscripts/OtoMet/Coldfish_data/ColdfishNAotolithNAFMRNAexploration.Rmd,NA,NA,NA,NA,NA,Shelf,0-50,benthic,Modern
408,plaice,Pleuronectiformes,Pleuronectidae,Pleuronectes_platessa,NorthSea,NS_PLA_A,11,41F4,NA,1995,J_Jones_PhD,2.51,54.4,0.1,16.11851852,260,30,M,4,NA,0.055198683,1.570918618,0.284920432,0.612820513,-19,NA,NA,/Users/trueman/Desktop/RNAscripts/OtoMet/Coldfish_data/ColdfishNAotolithNAFMRNAexploration.Rmd,NA,NA,NA,NA,NA,Shelf,0-50,benthic,Modern
373,plaice,Pleuronectiformes,Pleuronectidae,Pleuronectes_platessa,NorthSea,NS_PLA_A,11,42F4,NA,1990,J_Jones_PhD,2.51,54.4,0.1,16.11851852,270,31,M,4,NA,-1.165334282,1.989180245,0.284920432,0.612820513,-19,NA,NA,/Users/trueman/Desktop/RNAscripts/OtoMet/Coldfish_data/ColdfishNAotolithNAFMRNAexploration.Rmd,NA,NA,NA,NA,NA,Shelf,0-50,benthic,Modern
320,plaice,Pleuronectiformes,Pleuronectidae,Pleuronectes_platessa,NorthSea,NS_PLA_A,11,41F2,NA,1993,J_Jones_PhD,2.51,54.4,0.1,16.11851852,275,31,F,4,NA,-0.256634778,2.896220049,0.294772404,0.612820513,-19,NA,NA,/Users/trueman/Desktop/RNAscripts/OtoMet/Coldfish_data/ColdfishNAotolithNAFMRNAexploration.Rmd,NA,NA,NA,NA,NA,Shelf,0-50,benthic,Modern
321,plaice,Pleuronectiformes,Pleuronectidae,Pleuronectes_platessa,NorthSea,NS_PLA_A,11,41F2,NA,1993,J_Jones_PhD,2.51,54.4,0.1,16.11851852,320,33,M,4,NA,-0.251650961,2.442244715,0.294772404,0.612820513,-19,NA,NA,/Users/trueman/Desktop/RNAscripts/OtoMet/Coldfish_data/ColdfishNAotolithNAFMRNAexploration.Rmd,NA,NA,NA,NA,NA,Shelf,0-50,benthic,Modern
28,plaice,Pleuronectiformes,Pleuronectidae,Pleuronectes_platessa,NorthSea,NS_PLA_A,11,42F4,NA,1999,J_Jones_PhD,2.51,54.4,0.1,16.11851852,335,32,F,4,NA,-1.553396668,1.671150305,0.284920432,0.6,-19,NA,NA,/Users/trueman/Desktop/RNAscripts/OtoMet/Coldfish_data/ColdfishNAotolithNAFMRNAexploration.Rmd,NA,NA,NA,NA,NA,Shelf,0-50,benthic,Modern
322,plaice,Pleuronectiformes,Pleuronectidae,Pleuronectes_platessa,NorthSea,NS_PLA_A,11,41F2,NA,1993,J_Jones_PhD,2.51,54.4,0.1,16.11851852,345,35,F,4,NA,0.321487984,2.308431025,0.294772404,0.612820513,-19,NA,NA,/Users/trueman/Desktop/RNAscripts/OtoMet/Coldfish_data/ColdfishNAotolithNAFMRNAexploration.Rmd,NA,NA,NA,NA,NA,Shelf,0-50,benthic,Modern
364,plaice,Pleuronectiformes,Pleuronectidae,Pleuronectes_platessa,NorthSea,NS_PLA_A,11,44F4,NA,1990,J_Jones_PhD,2.51,54.4,0.1,16.11851852,350,32,F,4,NA,-0.925901653,2.121432955,0.066121871,0.612820513,-19,NA,NA,/Users/trueman/Desktop/RNAscripts/OtoMet/Coldfish_data/ColdfishNAotolithNAFMRNAexploration.Rmd,NA,NA,NA,NA,NA,Shelf,0-50,benthic,Modern
370,plaice,Pleuronectiformes,Pleuronectidae,Pleuronectes_platessa,NorthSea,NS_PLA_A,11,42F4,NA,1990,J_Jones_PhD,2.51,54.4,0.1,16.11851852,350,34,M,4,NA,-0.297296866,1.49424679,0.284920432,0.612820513,-19,NA,NA,/Users/trueman/Desktop/RNAscripts/OtoMet/Coldfish_data/ColdfishNAotolithNAFMRNAexploration.Rmd,NA,NA,NA,NA,NA,Shelf,0-50,benthic,Modern
374,plaice,Pleuronectiformes,Pleuronectidae,Pleuronectes_platessa,NorthSea,NS_PLA_A,11,42F4,NA,1990,J_Jones_PhD,2.51,54.4,0.1,16.11851852,370,34,M,4,NA,-0.950325014,2.607103176,0.284920432,0.612820513,-19,NA,NA,/Users/trueman/Desktop/RNAscripts/OtoMet/Coldfish_data/ColdfishNAotolithNAFMRNAexploration.Rmd,NA,NA,NA,NA,NA,Shelf,0-50,benthic,Modern
5,plaice,Pleuronectiformes,Pleuronectidae,Pleuronectes_platessa,NorthSea,NS_PLA_A,11,41F6,NA,1999,J_Jones_PhD,2.51,54.4,0.1,16.11851852,385,34,F,4,NA,-0.36525285,2.750557225,0.282882294,0.8,-19,NA,NA,/Users/trueman/Desktop/RNAscripts/OtoMet/Coldfish_data/ColdfishNAotolithNAFMRNAexploration.Rmd,NA,NA,NA,NA,NA,Shelf,0-50,benthic,Modern
409,plaice,Pleuronectiformes,Pleuronectidae,Pleuronectes_platessa,NorthSea,NS_PLA_A,11,41F4,NA,1995,J_Jones_PhD,2.51,54.4,0.1,16.11851852,385,34,M,4,NA,-0.126080714,1.849352918,0.284920432,0.612820513,-19,NA,NA,/Users/trueman/Desktop/RNAscripts/OtoMet/Coldfish_data/ColdfishNAotolithNAFMRNAexploration.Rmd,NA,NA,NA,NA,NA,Shelf,0-50,benthic,Modern
4,plaice,Pleuronectiformes,Pleuronectidae,Pleuronectes_platessa,NorthSea,NS_PLA_A,11,41F6,NA,1999,J_Jones_PhD,2.51,54.4,0.1,16.11851852,400,32,M,4,NA,-1.042738965,1.364764028,0.282882294,0.8,-19,NA,NA,/Users/trueman/Desktop/RNAscripts/OtoMet/Coldfish_data/ColdfishNAotolithNAFMRNAexploration.Rmd,NA,NA,NA,NA,NA,Shelf,0-50,benthic,Modern
12,plaice,Pleuronectiformes,Pleuronectidae,Pleuronectes_platessa,NorthSea,NS_PLA_A,11,42F4,NA,1999,J_Jones_PhD,2.51,54.4,0.1,16.11851852,425,34,F,4,NA,-1.663259281,1.495784475,0.284920432,0.6,-19,NA,NA,/Users/trueman/Desktop/RNAscripts/OtoMet/Coldfish_data/ColdfishNAotolithNAFMRNAexploration.Rmd,NA,NA,NA,NA,NA,Shelf,0-50,benthic,Modern
16,plaice,Pleuronectiformes,Pleuronectidae,Pleuronectes_platessa,NorthSea,NS_PLA_A,11,42F4,NA,1999,J_Jones_PhD,2.51,54.4,0.1,16.11851852,445,34,M,4,NA,-0.884048524,1.755809671,0.284920432,0.6,-19,NA,NA,/Users/trueman/Desktop/RNAscripts/OtoMet/Coldfish_data/ColdfishNAotolithNAFMRNAexploration.Rmd,NA,NA,NA,NA,NA,Shelf,0-50,benthic,Modern
24,plaice,Pleuronectiformes,Pleuronectidae,Pleuronectes_platessa,NorthSea,NS_PLA_A,11,43F4,NA,1999,J_Jones_PhD,2.51,54.4,0.1,16.11851852,460,36,M,4,NA,-1.413016662,3.454036244,0.066121871,0.6,-19,NA,NA,/Users/trueman/Desktop/RNAscripts/OtoMet/Coldfish_data/ColdfishNAotolithNAFMRNAexploration.Rmd,NA,NA,NA,NA,NA,Shelf,0-50,benthic,Modern
410,plaice,Pleuronectiformes,Pleuronectidae,Pleuronectes_platessa,NorthSea,NS_PLA_A,11,41F4,NA,1995,J_Jones_PhD,2.51,54.4,0.1,16.11851852,470,35,M,4,NA,0.120937366,1.781973799,0.284920432,0.612820513,-19,NA,NA,/Users/trueman/Desktop/RNAscripts/OtoMet/Coldfish_data/ColdfishNAotolithNAFMRNAexploration.Rmd,NA,NA,NA,NA,NA,Shelf,0-50,benthic,Modern
22,plaice,Pleuronectiformes,Pleuronectidae,Pleuronectes_platessa,NorthSea,NS_PLA_A,11,43F4,NA,1999,J_Jones_PhD,2.51,54.4,0.1,16.11851852,475,36,F,4,NA,-0.760961707,2.998488226,0.066121871,0.6,-19,NA,NA,/Users/trueman/Desktop/RNAscripts/OtoMet/Coldfish_data/ColdfishNAotolithNAFMRNAexploration.Rmd,NA,NA,NA,NA,NA,Shelf,0-50,benthic,Modern
530,plaice,Pleuronectiformes,Pleuronectidae,Pleuronectes_platessa,NorthSea,NS_PLA_A,11,43F6,NA,1997,J_Jones_PhD,2.51,54.4,0.1,16.11851852,475,36,M,4,NA,-0.177,1.638,0.112065793,0.612820513,-19,NA,NA,/Users/trueman/Desktop/RNAscripts/OtoMet/Coldfish_data/ColdfishNAotolithNAFMRNAexploration.Rmd,NA,NA,NA,NA,NA,Shelf,0-50,benthic,Modern
411,plaice,Pleuronectiformes,Pleuronectidae,Pleuronectes_platessa,NorthSea,NS_PLA_A,11,41F4,NA,1995,J_Jones_PhD,2.51,54.4,0.1,16.11851852,495,35,F,4,NA,-0.533461337,2.412166733,0.284920432,0.612820513,-19,NA,NA,/Users/trueman/Desktop/RNAscripts/OtoMet/Coldfish_data/ColdfishNAotolithNAFMRNAexploration.Rmd,NA,NA,NA,NA,NA,Shelf,0-50,benthic,Modern
165,plaice,Pleuronectiformes,Pleuronectidae,Pleuronectes_platessa,NorthSea,NS_PLA_A,11,43F3,NA,1987,J_Jones_PhD,2.51,54.4,0.1,16.11851852,500,38,F,4,NA,-0.518800809,1.965908392,0.080903867,0.612820513,-19,NA,NA,/Users/trueman/Desktop/RNAscripts/OtoMet/Coldfish_data/ColdfishNAotolithNAFMRNAexploration.Rmd,NA,NA,NA,NA,NA,Shelf,0-50,benthic,Modern
18,plaice,Pleuronectiformes,Pleuronectidae,Pleuronectes_platessa,NorthSea,NS_PLA_A,11,42F4,NA,1999,J_Jones_PhD,2.51,54.4,0.1,16.11851852,505,35,M,4,NA,-2.456711488,2.675976354,0.284920432,0.6,-19,NA,NA,/Users/trueman/Desktop/RNAscripts/OtoMet/Coldfish_data/ColdfishNAotolithNAFMRNAexploration.Rmd,NA,NA,NA,NA,NA,Shelf,0-50,benthic,Modern
317,plaice,Pleuronectiformes,Pleuronectidae,Pleuronectes_platessa,NorthSea,NS_PLA_A,11,40F3,NA,1993,J_Jones_PhD,2.51,54.4,0.1,16.11851852,510,37,F,4,NA,-0.869644259,2.745555746,1.467572242,0.612820513,-19,NA,NA,/Users/trueman/Desktop/RNAscripts/OtoMet/Coldfish_data/ColdfishNAotolithNAFMRNAexploration.Rmd,NA,NA,NA,NA,NA,Shelf,0-50,benthic,Modern
23,plaice,Pleuronectiformes,Pleuronectidae,Pleuronectes_platessa,NorthSea,NS_PLA_A,11,43F4,NA,1999,J_Jones_PhD,2.51,54.4,0.1,16.11851852,515,37,M,4,NA,-2.310228004,2.590309138,0.066121871,0.6,-19,NA,NA,/Users/trueman/Desktop/RNAscripts/OtoMet/Coldfish_data/ColdfishNAotolithNAFMRNAexploration.Rmd,NA,NA,NA,NA,NA,Shelf,0-50,benthic,Modern
363,plaice,Pleuronectiformes,Pleuronectidae,Pleuronectes_platessa,NorthSea,NS_PLA_A,11,44F4,NA,1990,J_Jones_PhD,2.51,54.4,0.1,16.11851852,520,38,M,4,NA,-0.848389446,2.354786744,0.066121871,0.612820513,-19,NA,NA,/Users/trueman/Desktop/RNAscripts/OtoMet/Coldfish_data/ColdfishNAotolithNAFMRNAexploration.Rmd,NA,NA,NA,NA,NA,Shelf,0-50,benthic,Modern
529,plaice,Pleuronectiformes,Pleuronectidae,Pleuronectes_platessa,NorthSea,NS_PLA_A,11,43F6,NA,1997,J_Jones_PhD,2.51,54.4,0.1,16.11851852,525,36,F,4,NA,0.133,1.736,0.112065793,0.612820513,-19,NA,NA,/Users/trueman/Desktop/RNAscripts/OtoMet/Coldfish_data/ColdfishNAotolithNAFMRNAexploration.Rmd,NA,NA,NA,NA,NA,Shelf,0-50,benthic,Modern
14,plaice,Pleuronectiformes,Pleuronectidae,Pleuronectes_platessa,NorthSea,NS_PLA_A,11,42F4,NA,1999,J_Jones_PhD,2.51,54.4,0.1,16.11851852,535,37,F,4,NA,-0.677547501,2.453241593,0.284920432,0.6,-19,NA,NA,/Users/trueman/Desktop/RNAscripts/OtoMet/Coldfish_data/ColdfishNAotolithNAFMRNAexploration.Rmd,NA,NA,NA,NA,NA,Shelf,0-50,benthic,Modern
528,plaice,Pleuronectiformes,Pleuronectidae,Pleuronectes_platessa,NorthSea,NS_PLA_A,11,43F6,NA,1997,J_Jones_PhD,2.51,54.4,0.1,16.11851852,570,36,F,4,NA,0.61,1.518,0.112065793,0.612820513,-19,NA,NA,/Users/trueman/Desktop/RNAscripts/OtoMet/Coldfish_data/ColdfishNAotolithNAFMRNAexploration.Rmd,NA,NA,NA,NA,NA,Shelf,0-50,benthic,Modern
19,plaice,Pleuronectiformes,Pleuronectidae,Pleuronectes_platessa,NorthSea,NS_PLA_A,11,42F4,NA,1999,J_Jones_PhD,2.51,54.4,0.1,16.11851852,575,37,F,4,NA,-0.948135048,3.141602868,0.284920432,0.6,-19,NA,NA,/Users/trueman/Desktop/RNAscripts/OtoMet/Coldfish_data/ColdfishNAotolithNAFMRNAexploration.Rmd,NA,NA,NA,NA,NA,Shelf,0-50,benthic,Modern
531,plaice,Pleuronectiformes,Pleuronectidae,Pleuronectes_platessa,NorthSea,NS_PLA_A,11,43F6,NA,1997,J_Jones_PhD,2.51,54.4,0.1,16.11851852,600,38,F,4,NA,-0.055,1.201,0.112065793,0.612820513,-19,NA,NA,/Users/trueman/Desktop/RNAscripts/OtoMet/Coldfish_data/ColdfishNAotolithNAFMRNAexploration.Rmd,NA,NA,NA,NA,NA,Shelf,0-50,benthic,Modern
532,plaice,Pleuronectiformes,Pleuronectidae,Pleuronectes_platessa,NorthSea,NS_PLA_A,11,43F6,NA,1997,J_Jones_PhD,2.51,54.4,0.1,16.11851852,600,38,F,4,NA,0.132,2.288,0.112065793,0.612820513,-19,NA,NA,/Users/trueman/Desktop/RNAscripts/OtoMet/Coldfish_data/ColdfishNAotolithNAFMRNAexploration.Rmd,NA,NA,NA,NA,NA,Shelf,0-50,benthic,Modern
15,plaice,Pleuronectiformes,Pleuronectidae,Pleuronectes_platessa,NorthSea,NS_PLA_A,11,42F4,NA,1999,J_Jones_PhD,2.51,54.4,0.1,16.11851852,605,37,F,4,NA,-0.391701257,1.862641729,0.284920432,0.6,-19,NA,NA,/Users/trueman/Desktop/RNAscripts/OtoMet/Coldfish_data/ColdfishNAotolithNAFMRNAexploration.Rmd,NA,NA,NA,NA,NA,Shelf,0-50,benthic,Modern
20,plaice,Pleuronectiformes,Pleuronectidae,Pleuronectes_platessa,NorthSea,NS_PLA_A,11,42F4,NA,1999,J_Jones_PhD,2.51,54.4,0.1,16.11851852,630,39,F,4,NA,-0.751806489,2.939025099,0.284920432,0.6,-19,NA,NA,/Users/trueman/Desktop/RNAscripts/OtoMet/Coldfish_data/ColdfishNAotolithNAFMRNAexploration.Rmd,NA,NA,NA,NA,NA,Shelf,0-50,benthic,Modern
26,plaice,Pleuronectiformes,Pleuronectidae,Pleuronectes_platessa,NorthSea,NS_PLA_A,11,43F4,NA,1999,J_Jones_PhD,2.51,54.4,0.1,16.11851852,705,41,F,4,NA,0.050800935,3.054927803,0.066121871,0.6,-19,NA,NA,/Users/trueman/Desktop/RNAscripts/OtoMet/Coldfish_data/ColdfishNAotolithNAFMRNAexploration.Rmd,NA,NA,NA,NA,NA,Shelf,0-50,benthic,Modern
365,plaice,Pleuronectiformes,Pleuronectidae,Pleuronectes_platessa,NorthSea,NS_PLA_A,11,44F4,NA,1990,J_Jones_PhD,2.51,54.4,0.1,16.11851852,745,41,F,4,NA,-0.814602073,2.727753912,0.066121871,0.612820513,-19,NA,NA,/Users/trueman/Desktop/RNAscripts/OtoMet/Coldfish_data/ColdfishNAotolithNAFMRNAexploration.Rmd,NA,NA,NA,NA,NA,Shelf,0-50,benthic,Modern
25,plaice,Pleuronectiformes,Pleuronectidae,Pleuronectes_platessa,NorthSea,NS_PLA_A,11,43F4,NA,1999,J_Jones_PhD,2.51,54.4,0.1,16.11851852,750,40,F,4,NA,0.367164572,3.01159027,0.066121871,0.6,-19,NA,NA,/Users/trueman/Desktop/RNAscripts/OtoMet/Coldfish_data/ColdfishNAotolithNAFMRNAexploration.Rmd,NA,NA,NA,NA,NA,Shelf,0-50,benthic,Modern
361,plaice,Pleuronectiformes,Pleuronectidae,Pleuronectes_platessa,NorthSea,NS_PLA_A,12,41F4,NA,1990,J_Jones_PhD,2.51,54.4,0.1,16.11851852,175,34,M,4,NA,-0.34356635,2.524317275,0.284920432,0.612820513,-19,NA,NA,/Users/trueman/Desktop/RNAscripts/OtoMet/Coldfish_data/ColdfishNAotolithNAFMRNAexploration.Rmd,NA,NA,NA,NA,NA,Shelf,0-50,benthic,Modern
161,plaice,Pleuronectiformes,Pleuronectidae,Pleuronectes_platessa,NorthSea,NS_PLA_A,12,38F0,NA,1987,J_Jones_PhD,2.51,54.4,0.1,16.11851852,235,29,M,4,NA,0.37763325,2.523419052,0.250361291,0.5,-19,NA,NA,/Users/trueman/Desktop/RNAscripts/OtoMet/Coldfish_data/ColdfishNAotolithNAFMRNAexploration.Rmd,NA,NA,NA,NA,NA,Shelf,0-50,benthic,Modern
358,plaice,Pleuronectiformes,Pleuronectidae,Pleuronectes_platessa,NorthSea,NS_PLA_A,12,41F4,NA,1990,J_Jones_PhD,2.51,54.4,0.1,16.11851852,240,29,F,4,NA,-0.474740855,2.453513348,0.284920432,0.612820513,-19,NA,NA,/Users/trueman/Desktop/RNAscripts/OtoMet/Coldfish_data/ColdfishNAotolithNAFMRNAexploration.Rmd,NA,NA,NA,NA,NA,Shelf,0-50,benthic,Modern
362,plaice,Pleuronectiformes,Pleuronectidae,Pleuronectes_platessa,NorthSea,NS_PLA_A,12,41F3,NA,1990,J_Jones_PhD,2.51,54.4,0.1,16.11851852,245,30,M,4,NA,-0.155748308,2.708806382,0.289345041,0.612820513,-19,NA,NA,/Users/trueman/Desktop/RNAscripts/OtoMet/Coldfish_data/ColdfishNAotolithNAFMRNAexploration.Rmd,NA,NA,NA,NA,NA,Shelf,0-50,benthic,Modern
514,plaice,Pleuronectiformes,Pleuronectidae,Pleuronectes_platessa,NorthSea,NS_PLA_A,12,42F4,NA,1997,J_Jones_PhD,2.51,54.4,0.1,16.11851852,315,31,M,4,NA,0.57,2.098,0.284920432,0.612820513,-19,NA,NA,/Users/trueman/Desktop/RNAscripts/OtoMet/Coldfish_data/ColdfishNAotolithNAFMRNAexploration.Rmd,NA,NA,NA,NA,NA,Shelf,0-50,benthic,Modern
359,plaice,Pleuronectiformes,Pleuronectidae,Pleuronectes_platessa,NorthSea,NS_PLA_A,12,41F4,NA,1990,J_Jones_PhD,2.51,54.4,0.1,16.11851852,340,33,F,4,NA,-0.720196179,2.147361154,0.284920432,0.612820513,-19,NA,NA,/Users/trueman/Desktop/RNAscripts/OtoMet/Coldfish_data/ColdfishNAotolithNAFMRNAexploration.Rmd,NA,NA,NA,NA,NA,Shelf,0-50,benthic,Modern
418,plaice,Pleuronectiformes,Pleuronectidae,Pleuronectes_platessa,NorthSea,NS_PLA_A,12,37F3,NA,1995,J_Jones_PhD,2.51,54.4,0.1,16.11851852,360,37,M,4,NA,0.278311787,3.00470663,0.251202979,0.612820513,-19,NA,NA,/Users/trueman/Desktop/RNAscripts/OtoMet/Coldfish_data/ColdfishNAotolithNAFMRNAexploration.Rmd,NA,NA,NA,NA,NA,Shelf,0-50,benthic,Modern
360,plaice,Pleuronectiformes,Pleuronectidae,Pleuronectes_platessa,NorthSea,NS_PLA_A,12,41F4,NA,1990,J_Jones_PhD,2.51,54.4,0.1,16.11851852,370,34,F,4,NA,0.010207316,2.1433722,0.284920432,0.612820513,-19,NA,NA,/Users/trueman/Desktop/RNAscripts/OtoMet/Coldfish_data/ColdfishNAotolithNAFMRNAexploration.Rmd,NA,NA,NA,NA,NA,Shelf,0-50,benthic,Modern
47,plaice,Pleuronectiformes,Pleuronectidae,Pleuronectes_platessa,NorthSea,NS_PLA_A,12,42F5,NA,1999,J_Jones_PhD,2.51,54.4,0.1,16.11851852,425,35,M,4,NA,-0.402825164,2.599869636,0.280413984,0.6,-19,NA,NA,/Users/trueman/Desktop/RNAscripts/OtoMet/Coldfish_data/ColdfishNAotolithNAFMRNAexploration.Rmd,NA,NA,NA,NA,NA,Shelf,0-50,benthic,Modern
153,plaice,Pleuronectiformes,Pleuronectidae,Pleuronectes_platessa,NorthSea,NS_PLA_A,12,37F2,NA,1987,J_Jones_PhD,2.51,54.4,0.1,16.11851852,440,35,F,4,NA,-0.126624308,2.706728996,0.250919693,0.5,-19,NA,NA,/Users/trueman/Desktop/RNAscripts/OtoMet/Coldfish_data/ColdfishNAotolithNAFMRNAexploration.Rmd,NA,NA,NA,NA,NA,Shelf,0-50,benthic,Modern
515,plaice,Pleuronectiformes,Pleuronectidae,Pleuronectes_platessa,NorthSea,NS_PLA_A,12,42F4,NA,1997,J_Jones_PhD,2.51,54.4,0.1,16.11851852,495,35,F,4,NA,0.375,2.089,0.284920432,0.612820513,-19,NA,NA,/Users/trueman/Desktop/RNAscripts/OtoMet/Coldfish_data/ColdfishNAotolithNAFMRNAexploration.Rmd,NA,NA,NA,NA,NA,Shelf,0-50,benthic,Modern
516,plaice,Pleuronectiformes,Pleuronectidae,Pleuronectes_platessa,NorthSea,NS_PLA_A,12,42F4,NA,1997,J_Jones_PhD,2.51,54.4,0.1,16.11851852,495,37,F,4,NA,0.179,2.108,0.284920432,0.612820513,-19,NA,NA,/Users/trueman/Desktop/RNAscripts/OtoMet/Coldfish_data/ColdfishNAotolithNAFMRNAexploration.Rmd,NA,NA,NA,NA,NA,Shelf,0-50,benthic,Modern
49,plaice,Pleuronectiformes,Pleuronectidae,Pleuronectes_platessa,NorthSea,NS_PLA_A,12,42F4,NA,1999,J_Jones_PhD,2.51,54.4,0.1,16.11851852,500,37,F,4,NA,-0.715429916,2.578934756,0.284920432,0.6,-19,NA,NA,/Users/trueman/Desktop/RNAscripts/OtoMet/Coldfish_data/ColdfishNAotolithNAFMRNAexploration.Rmd,NA,NA,NA,NA,NA,Shelf,0-50,benthic,Modern
511,plaice,Pleuronectiformes,Pleuronectidae,Pleuronectes_platessa,NorthSea,NS_PLA_A,12,42F4,NA,1997,J_Jones_PhD,2.51,54.4,0.1,16.11851852,515,37,F,4,NA,0.167,2.154,0.284920432,0.612820513,-19,NA,NA,/Users/trueman/Desktop/RNAscripts/OtoMet/Coldfish_data/ColdfishNAotolithNAFMRNAexploration.Rmd,NA,NA,NA,NA,NA,Shelf,0-50,benthic,Modern
50,plaice,Pleuronectiformes,Pleuronectidae,Pleuronectes_platessa,NorthSea,NS_PLA_A,12,42F4,NA,1999,J_Jones_PhD,2.51,54.4,0.1,16.11851852,520,37,M,4,NA,-1.151878085,2.746413799,0.284920432,0.6,-19,NA,NA,/Users/trueman/Desktop/RNAscripts/OtoMet/Coldfish_data/ColdfishNAotolithNAFMRNAexploration.Rmd,NA,NA,NA,NA,NA,Shelf,0-50,benthic,Modern
522,plaice,Pleuronectiformes,Pleuronectidae,Pleuronectes_platessa,NorthSea,NS_PLA_A,12,42F4,NA,1997,J_Jones_PhD,2.51,54.4,0.1,16.11851852,530,36,F,4,NA,0.387,2.295,0.284920432,0.612820513,-19,NA,NA,/Users/trueman/Desktop/RNAscripts/OtoMet/Coldfish_data/ColdfishNAotolithNAFMRNAexploration.Rmd,NA,NA,NA,NA,NA,Shelf,0-50,benthic,Modern
48,plaice,Pleuronectiformes,Pleuronectidae,Pleuronectes_platessa,NorthSea,NS_PLA_A,12,42F4,NA,1999,J_Jones_PhD,2.51,54.4,0.1,16.11851852,540,36,F,4,NA,0.709768109,2.817193633,0.284920432,0.6,-19,NA,NA,/Users/trueman/Desktop/RNAscripts/OtoMet/Coldfish_data/ColdfishNAotolithNAFMRNAexploration.Rmd,NA,NA,NA,NA,NA,Shelf,0-50,benthic,Modern
525,plaice,Pleuronectiformes,Pleuronectidae,Pleuronectes_platessa,NorthSea,NS_PLA_A,12,43F4,NA,1997,J_Jones_PhD,2.51,54.4,0.1,16.11851852,600,38,F,4,NA,0.405,2.241,0.066121871,0.612820513,-19,NA,NA,/Users/trueman/Desktop/RNAscripts/OtoMet/Coldfish_data/ColdfishNAotolithNAFMRNAexploration.Rmd,NA,NA,NA,NA,NA,Shelf,0-50,benthic,Modern
524,plaice,Pleuronectiformes,Pleuronectidae,Pleuronectes_platessa,NorthSea,NS_PLA_A,12,42F4,NA,1997,J_Jones_PhD,2.51,54.4,0.1,16.11851852,620,40,F,4,NA,-0.207,2.761,0.284920432,0.612820513,-19,NA,NA,/Users/trueman/Desktop/RNAscripts/OtoMet/Coldfish_data/ColdfishNAotolithNAFMRNAexploration.Rmd,NA,NA,NA,NA,NA,Shelf,0-50,benthic,Modern
523,plaice,Pleuronectiformes,Pleuronectidae,Pleuronectes_platessa,NorthSea,NS_PLA_A,12,42F4,NA,1997,J_Jones_PhD,2.51,54.4,0.1,16.11851852,650,36,F,4,NA,0.4,2.114,0.284920432,0.612820513,-19,NA,NA,/Users/trueman/Desktop/RNAscripts/OtoMet/Coldfish_data/ColdfishNAotolithNAFMRNAexploration.Rmd,NA,NA,NA,NA,NA,Shelf,0-50,benthic,Modern
PVI_1053,Saithe,Gadiformes,Gadidae,Pollachius_virens,Celtic_Sea,PVI,NA,NA,NA,2010,Cefas-SA,3.37,118,0.2,34.96296296,1909,NA,NA,NA,NA,-1.2,2.23,0.152709638,1.033241745,-19.954354,NA,NA,/Users/trueman/Desktop/RNAscripts/OtoMet/Coldfish_data/ColdfishNAotolithNAFMRNAexploration.Rmd,NA,NA,NA,NA,NA,Shelf,37-364,demersal,Modern
PVI_1051,Saithe,Gadiformes,Gadidae,Pollachius_virens,Celtic_Sea,PVI,NA,NA,NA,2010,Cefas-SA,3.37,118,0.2,34.96296296,2796,NA,NA,NA,NA,-2.33,1.85,0.152709638,1.033241745,-19.954354,NA,NA,/Users/trueman/Desktop/RNAscripts/OtoMet/Coldfish_data/ColdfishNAotolithNAFMRNAexploration.Rmd,NA,NA,NA,NA,NA,Shelf,37-364,demersal,Modern
PVI_1052,Saithe,Gadiformes,Gadidae,Pollachius_virens,Celtic_Sea,PVI,NA,NA,NA,2010,Cefas-SA,3.37,118,0.2,34.96296296,2923,NA,NA,NA,NA,-2.2,1.7,0.152709638,1.033241745,-19.954354,NA,NA,/Users/trueman/Desktop/RNAscripts/OtoMet/Coldfish_data/ColdfishNAotolithNAFMRNAexploration.Rmd,NA,NA,NA,NA,NA,Shelf,37-364,demersal,Modern
PVI_1050,Saithe,Gadiformes,Gadidae,Pollachius_virens,Celtic_Sea,PVI,NA,NA,NA,2010,Cefas-SA,3.37,118,0.2,34.96296296,3054,NA,NA,NA,NA,-2.41,1.77,0.152709638,1.033241745,-19.954354,NA,NA,/Users/trueman/Desktop/RNAscripts/OtoMet/Coldfish_data/ColdfishNAotolithNAFMRNAexploration.Rmd,NA,NA,NA,NA,NA,Shelf,37-364,demersal,Modern
PVI_1049,Saithe,Gadiformes,Gadidae,Pollachius_virens,Celtic_Sea,PVI,NA,NA,NA,2010,Cefas-SA,3.37,118,0.2,34.96296296,3925,NA,NA,NA,NA,-1.75,1.86,0.152709638,1.033241745,-19.954354,NA,NA,/Users/trueman/Desktop/RNAscripts/OtoMet/Coldfish_data/ColdfishNAotolithNAFMRNAexploration.Rmd,NA,NA,NA,NA,NA,Shelf,37-364,demersal,Modern
SSS16,Mackerel,Scombriformes,Scombridae,Scomber_scombrus,Channel,SS_Channel_S,Shoreham-by-Sea,NA,10.08.20,2020,EBrockMSc,2.81,42,0.4,12.44444444,180,25,NA,NA,NA,-4.76,1.38,0,0.4,-19.9,NA,NA,NA,NA,NA,NA,NA,447.27,Shelf, 0 - 200,pelagic,Modern
SSS19,Mackerel,Scombriformes,Scombridae,Scomber_scombrus,Channel,SS_Channel_S,Shoreham-by-Sea,NA,10.08.20,2020,EBrockMSc,2.81,42,0.4,12.44444444,220,29,NA,NA,NA,-4.03,1.48,0,0.4,-19.9,NA,NA,NA,NA,NA,NA,NA,447.27,Shelf, 0 - 200,pelagic,Modern
SSS11,Mackerel,Scombriformes,Scombridae,Scomber_scombrus,Channel,SS_Channel_S,Shoreham-by-Sea,NA,10.08.20,2020,EBrockMSc,2.81,42,0.4,12.44444444,240,20,NA,NA,NA,-4.17,0.84,0,0.4,-19.9,NA,NA,NA,NA,NA,NA,NA,447.27,Shelf, 0 - 200,pelagic,Modern
SSS20,Mackerel,Scombriformes,Scombridae,Scomber_scombrus,Channel,SS_Channel_S,Shoreham-by-Sea,NA,10.08.20,2020,EBrockMSc,2.81,42,0.4,12.44444444,260,29,NA,NA,NA,-3.9,1.15,0,0.4,-19.9,NA,NA,NA,NA,NA,NA,NA,447.27,Shelf, 0 - 200,pelagic,Modern
SSS21,Mackerel,Scombriformes,Scombridae,Scomber_scombrus,Channel,SS_Channel_S,Shoreham-by-Sea,NA,10.08.20,2020,EBrockMSc,2.81,42,0.4,12.44444444,260,28,NA,NA,NA,-3.71,1.21,0,0.4,-19.9,NA,NA,NA,NA,NA,NA,NA,447.27,Shelf, 0 - 200,pelagic,Modern
SSS23,Mackerel,Scombriformes,Scombridae,Scomber_scombrus,Channel,SS_Channel_S,Shoreham-by-Sea,NA,10.08.20,2020,EBrockMSc,2.81,42,0.4,12.44444444,260,28,NA,NA,NA,-5.23,0.9,0,0.4,-19.9,NA,NA,NA,NA,NA,NA,NA,447.27,Shelf, 0 - 200,pelagic,Modern
SSS6,Mackerel,Scombriformes,Scombridae,Scomber_scombrus,Channel,SS_Channel_S,Shoreham-by-Sea,NA,10.08.20,2020,EBrockMSc,2.81,42,0.4,12.44444444,260,28,NA,NA,NA,-3.88,1.36,0,0.4,-19.9,NA,NA,NA,NA,NA,NA,NA,447.27,Shelf, 0 - 200,pelagic,Modern
SSS9,Mackerel,Scombriformes,Scombridae,Scomber_scombrus,Channel,SS_Channel_S,Shoreham-by-Sea,NA,10.08.20,2020,EBrockMSc,2.81,42,0.4,12.44444444,300,30,NA,NA,NA,-3.02,1.39,0,0.4,-19.9,NA,NA,NA,NA,NA,NA,NA,447.27,Shelf, 0 - 200,pelagic,Modern
SSS2,Mackerel,Scombriformes,Scombridae,Scomber_scombrus,Channel,SS_Channel_S,Shoreham-by-Sea,NA,10.08.20,2020,EBrockMSc,2.81,42,0.4,12.44444444,320,30.5,NA,NA,NA,-3.44,0.88,0,0.4,-19.9,NA,NA,NA,NA,NA,NA,NA,447.27,Shelf, 0 - 200,pelagic,Modern
SSS4,Mackerel,Scombriformes,Scombridae,Scomber_scombrus,Channel,SS_Channel_S,Shoreham-by-Sea,NA,10.08.20,2020,EBrockMSc,2.81,42,0.4,12.44444444,320,29.5,NA,NA,NA,-3.9,0.8,0,0.4,-19.9,NA,NA,NA,NA,NA,NA,NA,447.27,Shelf, 0 - 200,pelagic,Modern
SSS5,Mackerel,Scombriformes,Scombridae,Scomber_scombrus,Channel,SS_Channel_S,Shoreham-by-Sea,NA,10.08.20,2020,EBrockMSc,2.81,42,0.4,12.44444444,460,34.5,NA,NA,NA,-3.39,1.33,0,0.4,-19.9,NA,NA,NA,NA,NA,NA,NA,447.27,Shelf, 0 - 200,pelagic,Modern
SSD40,Mackerel,Scombriformes,Scombridae,Scomber_scombrus,Channel,SS_Channel_T,Torbay,NA,09.08.20,2020,EBrockMSc,2.81,42,0.4,12.44444444,310,28.5,NA,NA,NA,-3.88,1.93,0,0.4,-20.7,NA,NA,NA,NA,NA,NA,NA,447.27,Shelf, 0 - 200,pelagic,Modern
SSD23,Mackerel,Scombriformes,Scombridae,Scomber_scombrus,Channel,SS_Channel_T,Torbay,NA,09.08.20,2020,EBrockMSc,2.81,42,0.4,12.44444444,320,30,NA,NA,NA,-4.33,0.71,0,0.4,-20.7,NA,NA,NA,NA,NA,NA,NA,447.27,Shelf, 0 - 200,pelagic,Modern
SSD30,Mackerel,Scombriformes,Scombridae,Scomber_scombrus,Channel,SS_Channel_T,Torbay,NA,09.08.20,2020,EBrockMSc,2.81,42,0.4,12.44444444,320,31,NA,NA,NA,-3.4,2.16,0,0.4,-20.7,NA,NA,NA,NA,NA,NA,NA,447.27,Shelf, 0 - 200,pelagic,Modern
SSD35,Mackerel,Scombriformes,Scombridae,Scomber_scombrus,Channel,SS_Channel_T,Torbay,NA,09.08.20,2020,EBrockMSc,2.81,42,0.4,12.44444444,320,30,NA,NA,NA,-3.88,1.73,0,0.4,-20.7,NA,NA,NA,NA,NA,NA,NA,447.27,Shelf, 0 - 200,pelagic,Modern
SSD5,Mackerel,Scombriformes,Scombridae,Scomber_scombrus,Channel,SS_Channel_T,Torbay,NA,09.08.20,2020,EBrockMSc,2.81,42,0.4,12.44444444,320,30.5,NA,NA,NA,-3.79,1.49,0,0.4,-20.7,NA,NA,NA,NA,NA,NA,NA,447.27,Shelf, 0 - 200,pelagic,Modern
SSD31,Mackerel,Scombriformes,Scombridae,Scomber_scombrus,Channel,SS_Channel_T,Torbay,NA,09.08.20,2020,EBrockMSc,2.81,42,0.4,12.44444444,340,31,NA,NA,NA,-3.51,2.03,0,0.4,-20.7,NA,NA,NA,NA,NA,NA,NA,447.27,Shelf, 0 - 200,pelagic,Modern
SSD32,Mackerel,Scombriformes,Scombridae,Scomber_scombrus,Channel,SS_Channel_T,Torbay,NA,09.08.20,2020,EBrockMSc,2.81,42,0.4,12.44444444,340,31,NA,NA,NA,-3.45,1.75,0,0.4,-20.7,NA,NA,NA,NA,NA,NA,NA,447.27,Shelf, 0 - 200,pelagic,Modern
SSD34,Mackerel,Scombriformes,Scombridae,Scomber_scombrus,Channel,SS_Channel_T,Torbay,NA,09.08.20,2020,EBrockMSc,2.81,42,0.4,12.44444444,340,30,NA,NA,NA,-3.35,0.66,0,0.4,-20.7,NA,NA,NA,NA,NA,NA,NA,447.27,Shelf, 0 - 200,pelagic,Modern
SSD37,Mackerel,Scombriformes,Scombridae,Scomber_scombrus,Channel,SS_Channel_T,Torbay,NA,09.08.20,2020,EBrockMSc,2.81,42,0.4,12.44444444,340,29.5,NA,NA,NA,-3.78,1.99,0,0.4,-20.7,NA,NA,NA,NA,NA,NA,NA,447.27,Shelf, 0 - 200,pelagic,Modern
SSD38,Mackerel,Scombriformes,Scombridae,Scomber_scombrus,Channel,SS_Channel_T,Torbay,NA,09.08.20,2020,EBrockMSc,2.81,42,0.4,12.44444444,360,32.5,NA,NA,NA,-3.78,2.04,0,0.4,-20.7,NA,NA,NA,NA,NA,NA,NA,447.27,Shelf, 0 - 200,pelagic,Modern
SSD13,Mackerel,Scombriformes,Scombridae,Scomber_scombrus,Channel,SS_Channel_T,Torbay,NA,09.08.20,2020,EBrockMSc,2.81,42,0.4,12.44444444,380,31,NA,NA,NA,-3.58,1.82,0,0.4,-20.7,NA,NA,NA,NA,NA,NA,NA,447.27,Shelf, 0 - 200,pelagic,Modern
SSD33,Mackerel,Scombriformes,Scombridae,Scomber_scombrus,Channel,SS_Channel_T,Torbay,NA,09.08.20,2020,EBrockMSc,2.81,42,0.4,12.44444444,380,30,NA,NA,NA,-4.02,2.18,0,0.4,-20.7,NA,NA,NA,NA,NA,NA,NA,447.27,Shelf, 0 - 200,pelagic,Modern
SSD17,Mackerel,Scombriformes,Scombridae,Scomber_scombrus,Channel,SS_Channel_T,Torbay,NA,09.08.20,2020,EBrockMSc,2.81,42,0.4,12.44444444,420,30.5,NA,NA,NA,-4.39,1.33,0,0.4,-20.7,NA,NA,NA,NA,NA,NA,NA,447.27,Shelf, 0 - 200,pelagic,Modern
20,Mackerel,Scombriformes,Scombridae,Scomber_scombrus,N_Sea,SS_NS_A,NA,NA,24_01_2021,2021,Olivia_Chou,2.81,42,0.4,12.44444444,42,17.8,NA,NA,NA,-4.85,1.3,-0.5,0.4,-22,NA,NA,/Users/trueman/Desktop/RNAscripts/OtoMet/Olivia,NA,NA,NA,NA,447.27,Shelf, 0 - 200,pelagic,Modern
25,Mackerel,Scombriformes,Scombridae,Scomber_scombrus,N_Sea,SS_NS_A,NA,NA,24_01_2021,2021,Olivia_Chou,2.81,42,0.4,12.44444444,43,18.3,NA,NA,NA,-5.04,1.88,-0.5,0.4,-22,NA,NA,/Users/trueman/Desktop/RNAscripts/OtoMet/Olivia,NA,NA,NA,NA,447.27,Shelf, 0 - 200,pelagic,Modern
23,Mackerel,Scombriformes,Scombridae,Scomber_scombrus,N_Sea,SS_NS_A,NA,NA,24_01_2021,2021,Olivia_Chou,2.81,42,0.4,12.44444444,52,18.4,NA,NA,NA,-5.08,1.82,-0.5,0.4,-22,NA,NA,/Users/trueman/Desktop/RNAscripts/OtoMet/Olivia,NA,NA,NA,NA,447.27,Shelf, 0 - 200,pelagic,Modern
27,Mackerel,Scombriformes,Scombridae,Scomber_scombrus,N_Sea,SS_NS_A,NA,NA,24_01_2021,2021,Olivia_Chou,2.81,42,0.4,12.44444444,53,19.9,NA,NA,NA,-5.25,1.81,-0.5,0.4,-22,NA,NA,/Users/trueman/Desktop/RNAscripts/OtoMet/Olivia,NA,NA,NA,NA,447.27,Shelf, 0 - 200,pelagic,Modern
22,Mackerel,Scombriformes,Scombridae,Scomber_scombrus,N_Sea,SS_NS_A,NA,NA,24_01_2021,2021,Olivia_Chou,2.81,42,0.4,12.44444444,60,20.6,NA,NA,NA,-5.03,1.43,-0.5,0.4,-22,NA,NA,/Users/trueman/Desktop/RNAscripts/OtoMet/Olivia,NA,NA,NA,NA,447.27,Shelf, 0 - 200,pelagic,Modern
21,Mackerel,Scombriformes,Scombridae,Scomber_scombrus,N_Sea,SS_NS_A,NA,NA,24_01_2021,2021,Olivia_Chou,2.81,42,0.4,12.44444444,65,18.4,NA,NA,NA,-5.39,1.43,-0.5,0.4,-22,NA,NA,/Users/trueman/Desktop/RNAscripts/OtoMet/Olivia,NA,NA,NA,NA,447.27,Shelf, 0 - 200,pelagic,Modern
17,Mackerel,Scombriformes,Scombridae,Scomber_scombrus,N_Sea,SS_NS_A,NA,NA,24_01_2021,2021,Olivia_Chou,2.81,42,0.4,12.44444444,68,20.6,NA,NA,NA,-5.82,1.06,-0.5,0.4,-22,NA,NA,/Users/trueman/Desktop/RNAscripts/OtoMet/Olivia,NA,NA,NA,NA,447.27,Shelf, 0 - 200,pelagic,Modern
24,Mackerel,Scombriformes,Scombridae,Scomber_scombrus,N_Sea,SS_NS_A,NA,NA,24_01_2021,2021,Olivia_Chou,2.81,42,0.4,12.44444444,68,19.8,NA,NA,NA,-4.42,1.74,-0.5,0.4,-22,NA,NA,/Users/trueman/Desktop/RNAscripts/OtoMet/Olivia,NA,NA,NA,NA,447.27,Shelf, 0 - 200,pelagic,Modern
246,Mackerel,Scombriformes,Scombridae,Scomber_scombrus,NA,SS_Scotland_D,44E4NAO32OSNA72NAMACNAONA61S,NA,17/02/2020,2020,Olivia_Chou,2.81,42,0.4,12.44444444,25,16.3,NA,NA,NA,-5.57,1.2,-0.5,0.4,-22,NA,NA,/Users/trueman/Desktop/RNAscripts/OtoMet/Olivia,NA,NA,NA,NA,447.27,Shelf, 0 - 200,pelagic,Modern
244,Mackerel,Scombriformes,Scombridae,Scomber_scombrus,NA,SS_Scotland_D,44E4NAO32OSNA72NAMACNAONA61S,NA,17/02/2020,2020,Olivia_Chou,2.81,42,0.4,12.44444444,26,16,NA,NA,NA,-5.79,1.27,-0.5,0.4,-22,NA,NA,/Users/trueman/Desktop/RNAscripts/OtoMet/Olivia,NA,NA,NA,NA,447.27,Shelf, 0 - 200,pelagic,Modern
245,Mackerel,Scombriformes,Scombridae,Scomber_scombrus,NA,SS_Scotland_D,44E4NAO32OSNA72NAMACNAONA61S,NA,17/02/2020,2020,Olivia_Chou,2.81,42,0.4,12.44444444,27,17.4,NA,NA,NA,-4.67,1.5,-0.5,0.4,-22,NA,NA,/Users/trueman/Desktop/RNAscripts/OtoMet/Olivia,NA,NA,NA,NA,447.27,Shelf, 0 - 200,pelagic,Modern
243,Mackerel,Scombriformes,Scombridae,Scomber_scombrus,NA,SS_Scotland_D,44E4NAO32OSNA72NAMACNAONA61S,NA,17/02/2020,2020,Olivia_Chou,2.81,42,0.4,12.44444444,30,16.8,NA,NA,NA,-5.53,1.1,-0.5,0.4,-22,NA,NA,/Users/trueman/Desktop/RNAscripts/OtoMet/Olivia,NA,NA,NA,NA,447.27,Shelf, 0 - 200,pelagic,Modern
242,Mackerel,Scombriformes,Scombridae,Scomber_scombrus,NA,SS_Scotland_D,44E4NAO32OSNA72NAMACNAONA61S,NA,17/02/2020,2020,Olivia_Chou,2.81,42,0.4,12.44444444,35,17.4,NA,NA,NA,-4.41,1.27,-0.5,0.4,-22,NA,NA,/Users/trueman/Desktop/RNAscripts/OtoMet/Olivia,NA,NA,NA,NA,447.27,Shelf, 0 - 200,pelagic,Modern
84,Mackerel,Scombriformes,Scombridae,Scomber_scombrus,O221SNA_N.SHETLAND,SS_M_NS_E,NA,NA,28_01_2021,2021,Olivia_Chou,2.81,42,0.4,12.44444444,34,18.7,NA,NA,NA,-5.3,1.86,-0.5,0.4,-22,NA,NA,/Users/trueman/Desktop/RNAscripts/OtoMet/Olivia,NA,NA,NA,NA,447.27,Shelf, 0 - 200,pelagic,Modern
98,Mackerel,Scombriformes,Scombridae,Scomber_scombrus,O221SNA_N.SHETLAND,SS_M_NS_E,NA,NA,28_01_2021,2021,Olivia_Chou,2.81,42,0.4,12.44444444,41,18.3,NA,NA,NA,-6.73,1.09,-0.5,0.4,-22,NA,NA,/Users/trueman/Desktop/RNAscripts/OtoMet/Olivia,NA,NA,NA,NA,447.27,Shelf, 0 - 200,pelagic,Modern
83,Mackerel,Scombriformes,Scombridae,Scomber_scombrus,O221SNA_N.SHETLAND,SS_M_NS_E,NA,NA,28_01_2021,2021,Olivia_Chou,2.81,42,0.4,12.44444444,42,17.4,NA,NA,NA,-5.72,1.79,-0.5,0.4,-22,NA,NA,/Users/trueman/Desktop/RNAscripts/OtoMet/Olivia,NA,NA,NA,NA,447.27,Shelf, 0 - 200,pelagic,Modern
106,Mackerel,Scombriformes,Scombridae,Scomber_scombrus,O221SNA_N.SHETLAND,SS_M_NS_E,NA,NA,28_01_2021,2021,Olivia_Chou,2.81,42,0.4,12.44444444,43,17.4,NA,NA,NA,-5.48,1.5,-0.5,0.4,-22,NA,NA,/Users/trueman/Desktop/RNAscripts/OtoMet/Olivia,NA,NA,NA,NA,447.27,Shelf, 0 - 200,pelagic,Modern
97,Mackerel,Scombriformes,Scombridae,Scomber_scombrus,O221SNA_N.SHETLAND,SS_M_NS_E,NA,NA,28_01_2021,2021,Olivia_Chou,2.81,42,0.4,12.44444444,44,18.1,NA,NA,NA,-5.21,1.82,-0.5,0.4,-22,NA,NA,/Users/trueman/Desktop/RNAscripts/OtoMet/Olivia,NA,NA,NA,NA,447.27,Shelf, 0 - 200,pelagic,Modern
94,Mackerel,Scombriformes,Scombridae,Scomber_scombrus,O221SNA_N.SHETLAND,SS_M_NS_E,NA,NA,28_01_2021,2021,Olivia_Chou,2.81,42,0.4,12.44444444,46,18.7,NA,NA,NA,-4.77,2.2,-0.5,0.4,-22,NA,NA,/Users/trueman/Desktop/RNAscripts/OtoMet/Olivia,NA,NA,NA,NA,447.27,Shelf, 0 - 200,pelagic,Modern
108,Mackerel,Scombriformes,Scombridae,Scomber_scombrus,O221SNA_N.SHETLAND,SS_M_NS_E,NA,NA,28_01_2021,2021,Olivia_Chou,2.81,42,0.4,12.44444444,46,18.6,NA,NA,NA,-5.26,1.67,-0.5,0.4,-22,NA,NA,/Users/trueman/Desktop/RNAscripts/OtoMet/Olivia,NA,NA,NA,NA,447.27,Shelf, 0 - 200,pelagic,Modern
87,Mackerel,Scombriformes,Scombridae,Scomber_scombrus,O221SNA_N.SHETLAND,SS_M_NS_E,NA,NA,28_01_2021,2021,Olivia_Chou,2.81,42,0.4,12.44444444,47,18.4,NA,NA,NA,-5.27,1.97,-0.5,0.4,-22,NA,NA,/Users/trueman/Desktop/RNAscripts/OtoMet/Olivia,NA,NA,NA,NA,447.27,Shelf, 0 - 200,pelagic,Modern
92,Mackerel,Scombriformes,Scombridae,Scomber_scombrus,O221SNA_N.SHETLAND,SS_M_NS_E,NA,NA,28_01_2021,2021,Olivia_Chou,2.81,42,0.4,12.44444444,48,18.4,NA,NA,NA,-5.54,1.02,-0.5,0.4,-22,NA,NA,/Users/trueman/Desktop/RNAscripts/OtoMet/Olivia,NA,NA,NA,NA,447.27,Shelf, 0 - 200,pelagic,Modern
100,Mackerel,Scombriformes,Scombridae,Scomber_scombrus,O221SNA_N.SHETLAND,SS_M_NS_E,NA,NA,28_01_2021,2021,Olivia_Chou,2.81,42,0.4,12.44444444,48,18.7,NA,NA,NA,-5.29,1.54,-0.5,0.4,-22,NA,NA,/Users/trueman/Desktop/RNAscripts/OtoMet/Olivia,NA,NA,NA,NA,447.27,Shelf, 0 - 200,pelagic,Modern
103,Mackerel,Scombriformes,Scombridae,Scomber_scombrus,O221SNA_N.SHETLAND,SS_M_NS_E,NA,NA,28_01_2021,2021,Olivia_Chou,2.81,42,0.4,12.44444444,49,18.9,NA,NA,NA,-4.99,1.59,-0.5,0.4,-22,NA,NA,/Users/trueman/Desktop/RNAscripts/OtoMet/Olivia,NA,NA,NA,NA,447.27,Shelf, 0 - 200,pelagic,Modern
91,Mackerel,Scombriformes,Scombridae,Scomber_scombrus,O221SNA_N.SHETLAND,SS_M_NS_E,NA,NA,28_01_2021,2021,Olivia_Chou,2.81,42,0.4,12.44444444,50,18.6,NA,NA,NA,-5.37,1.49,-0.5,0.4,-22,NA,NA,/Users/trueman/Desktop/RNAscripts/OtoMet/Olivia,NA,NA,NA,NA,447.27,Shelf, 0 - 200,pelagic,Modern
85,Mackerel,Scombriformes,Scombridae,Scomber_scombrus,O221SNA_N.SHETLAND,SS_M_NS_E,NA,NA,28_01_2021,2021,Olivia_Chou,2.81,42,0.4,12.44444444,51,19.8,NA,NA,NA,-4.93,1.6,-0.5,0.4,-22,NA,NA,/Users/trueman/Desktop/RNAscripts/OtoMet/Olivia,NA,NA,NA,NA,447.27,Shelf, 0 - 200,pelagic,Modern
86,Mackerel,Scombriformes,Scombridae,Scomber_scombrus,O221SNA_N.SHETLAND,SS_M_NS_E,NA,NA,28_01_2021,2021,Olivia_Chou,2.81,42,0.4,12.44444444,57,20.4,NA,NA,NA,-4.98,1.8,-0.5,0.4,-22,NA,NA,/Users/trueman/Desktop/RNAscripts/OtoMet/Olivia,NA,NA,NA,NA,447.27,Shelf, 0 - 200,pelagic,Modern
80,Mackerel,Scombriformes,Scombridae,Scomber_scombrus,O221SNA_N.SHETLAND,SS_M_NS_E,NA,NA,28_01_2021,2021,Olivia_Chou,2.81,42,0.4,12.44444444,58,18.9,NA,NA,NA,-5.19,1.44,-0.5,0.4,-22,NA,NA,/Users/trueman/Desktop/RNAscripts/OtoMet/Olivia,NA,NA,NA,NA,447.27,Shelf, 0 - 200,pelagic,Modern
96,Mackerel,Scombriformes,Scombridae,Scomber_scombrus,O221SNA_N.SHETLAND,SS_M_NS_E,NA,NA,28_01_2021,2021,Olivia_Chou,2.81,42,0.4,12.44444444,61,19.3,NA,NA,NA,-4.51,1.81,-0.5,0.4,-22,NA,NA,/Users/trueman/Desktop/RNAscripts/OtoMet/Olivia,NA,NA,NA,NA,447.27,Shelf, 0 - 200,pelagic,Modern
95,Mackerel,Scombriformes,Scombridae,Scomber_scombrus,O221SNA_N.SHETLAND,SS_M_NS_E,NA,NA,28_01_2021,2021,Olivia_Chou,2.81,42,0.4,12.44444444,62,19.4,NA,NA,NA,-4.84,1.65,-0.5,0.4,-22,NA,NA,/Users/trueman/Desktop/RNAscripts/OtoMet/Olivia,NA,NA,NA,NA,447.27,Shelf, 0 - 200,pelagic,Modern
101,Mackerel,Scombriformes,Scombridae,Scomber_scombrus,O221SNA_N.SHETLAND,SS_M_NS_E,NA,NA,28_01_2021,2021,Olivia_Chou,2.81,42,0.4,12.44444444,63,19.9,NA,NA,NA,-4.85,1.22,-0.5,0.4,-22,NA,NA,/Users/trueman/Desktop/RNAscripts/OtoMet/Olivia,NA,NA,NA,NA,447.27,Shelf, 0 - 200,pelagic,Modern
105,Mackerel,Scombriformes,Scombridae,Scomber_scombrus,O221SNA_N.SHETLAND,SS_M_NS_E,NA,NA,28_01_2021,2021,Olivia_Chou,2.81,42,0.4,12.44444444,65,19.4,NA,NA,NA,-5.52,1.59,-0.5,0.4,-22,NA,NA,/Users/trueman/Desktop/RNAscripts/OtoMet/Olivia,NA,NA,NA,NA,447.27,Shelf, 0 - 200,pelagic,Modern
130,Mackerel,Scombriformes,Scombridae,Scomber_scombrus,s20/030,SS_Scotland_A,o22os,NA,28/01/2020,2020,Olivia_Chou,2.81,42,0.4,12.44444444,24,15.4,NA,NA,NA,-5.62,1.73,-0.5,0.4,-22,NA,NA,/Users/trueman/Desktop/RNAscripts/OtoMet/Olivia,NA,NA,NA,NA,447.27,Shelf, 0 - 200,pelagic,Modern
115,Mackerel,Scombriformes,Scombridae,Scomber_scombrus,s20/030,SS_Scotland_A,o22os,NA,28/01/2020,2020,Olivia_Chou,2.81,42,0.4,12.44444444,27,16.4,NA,NA,NA,-6.91,1.03,-0.5,0.4,-22,NA,NA,/Users/trueman/Desktop/RNAscripts/OtoMet/Olivia,NA,NA,NA,NA,447.27,Shelf, 0 - 200,pelagic,Modern
119,Mackerel,Scombriformes,Scombridae,Scomber_scombrus,s20/030,SS_Scotland_A,o22os,NA,28/01/2020,2020,Olivia_Chou,2.81,42,0.4,12.44444444,29,16.5,NA,NA,NA,-4.66,1.7,-0.5,0.4,-22,NA,NA,/Users/trueman/Desktop/RNAscripts/OtoMet/Olivia,NA,NA,NA,NA,447.27,Shelf, 0 - 200,pelagic,Modern
126,Mackerel,Scombriformes,Scombridae,Scomber_scombrus,s20/030,SS_Scotland_A,o22os,NA,28/01/2020,2020,Olivia_Chou,2.81,42,0.4,12.44444444,30,19.4,NA,NA,NA,-4.8,1.44,-0.5,0.4,-22,NA,NA,/Users/trueman/Desktop/RNAscripts/OtoMet/Olivia,NA,NA,NA,NA,447.27,Shelf, 0 - 200,pelagic,Modern
118,Mackerel,Scombriformes,Scombridae,Scomber_scombrus,s20/030,SS_Scotland_A,o22os,NA,28/01/2020,2020,Olivia_Chou,2.81,42,0.4,12.44444444,31,16.8,NA,NA,NA,-4.73,1.61,-0.5,0.4,-22,NA,NA,/Users/trueman/Desktop/RNAscripts/OtoMet/Olivia,NA,NA,NA,NA,447.27,Shelf, 0 - 200,pelagic,Modern
111,Mackerel,Scombriformes,Scombridae,Scomber_scombrus,s20/030,SS_Scotland_A,o22os,NA,28/01/2020,2020,Olivia_Chou,2.81,42,0.4,12.44444444,32,16.4,NA,NA,NA,-5.21,1.51,-0.5,0.4,-22,NA,NA,/Users/trueman/Desktop/RNAscripts/OtoMet/Olivia,NA,NA,NA,NA,447.27,Shelf, 0 - 200,pelagic,Modern
122,Mackerel,Scombriformes,Scombridae,Scomber_scombrus,s20/030,SS_Scotland_A,o22os,NA,28/01/2020,2020,Olivia_Chou,2.81,42,0.4,12.44444444,32,15.5,NA,NA,NA,-5.92,1.93,-0.5,0.4,-22,NA,NA,/Users/trueman/Desktop/RNAscripts/OtoMet/Olivia,NA,NA,NA,NA,447.27,Shelf, 0 - 200,pelagic,Modern
112,Mackerel,Scombriformes,Scombridae,Scomber_scombrus,s20/030,SS_Scotland_A,o22os,NA,28/01/2020,2020,Olivia_Chou,2.81,42,0.4,12.44444444,33,17.5,NA,NA,NA,-5.42,1.49,-0.5,0.4,-22,NA,NA,/Users/trueman/Desktop/RNAscripts/OtoMet/Olivia,NA,NA,NA,NA,447.27,Shelf, 0 - 200,pelagic,Modern
109,Mackerel,Scombriformes,Scombridae,Scomber_scombrus,s20/030,SS_Scotland_A,o22os,NA,28/01/2020,2020,Olivia_Chou,2.81,42,0.4,12.44444444,35,17.4,NA,NA,NA,-5.37,1.77,-0.5,0.4,-22,NA,NA,/Users/trueman/Desktop/R_scripts/OtoMet/Olivia,NA,NA,NA,NA,447.27,Shelf, 0 - 200,pelagic,Modern
110,Mackerel,Scombriformes,Scombridae,Scomber_scombrus,s20/030,SS_Scotland_A,o22os,NA,28/01/2020,2020,Olivia_Chou,2.81,42,0.4,12.44444444,36,17.4,NA,NA,NA,-5.24,1.6,-0.5,0.4,-22,NA,NA,/Users/trueman/Desktop/RNAscripts/OtoMet/Olivia,NA,NA,NA,NA,447.27,Shelf, 0 - 200,pelagic,Modern
123,Mackerel,Scombriformes,Scombridae,Scomber_scombrus,s20/030,SS_Scotland_A,o22os,NA,28/01/2020,2020,Olivia_Chou,2.81,42,0.4,12.44444444,38,17.4,NA,NA,NA,-4.93,1.56,-0.5,0.4,-22,NA,NA,/Users/trueman/Desktop/RNAscripts/OtoMet/Olivia,NA,NA,NA,NA,447.27,Shelf, 0 - 200,pelagic,Modern
129,Mackerel,Scombriformes,Scombridae,Scomber_scombrus,s20/030,SS_Scotland_A,o22os,NA,28/01/2020,2020,Olivia_Chou,2.81,42,0.4,12.44444444,39,18.6,NA,NA,NA,-5.49,1.5,-0.5,0.4,-22,NA,NA,/Users/trueman/Desktop/RNAscripts/OtoMet/Olivia,NA,NA,NA,NA,447.27,Shelf, 0 - 200,pelagic,Modern
121,Mackerel,Scombriformes,Scombridae,Scomber_scombrus,s20/030,SS_Scotland_A,o22os,NA,28/01/2020,2020,Olivia_Chou,2.81,42,0.4,12.44444444,43,18.3,NA,NA,NA,-5.95,1.29,-0.5,0.4,-22,NA,NA,/Users/trueman/Desktop/RNAscripts/OtoMet/Olivia,NA,NA,NA,NA,447.27,Shelf, 0 - 200,pelagic,Modern
128,Mackerel,Scombriformes,Scombridae,Scomber_scombrus,s20/030,SS_Scotland_A,o22os,NA,28/01/2020,2020,Olivia_Chou,2.81,42,0.4,12.44444444,43,18.4,NA,NA,NA,-7.76,0.77,-0.5,0.4,-22,NA,NA,/Users/trueman/Desktop/RNAscripts/OtoMet/Olivia,NA,NA,NA,NA,447.27,Shelf, 0 - 200,pelagic,Modern
117,Mackerel,Scombriformes,Scombridae,Scomber_scombrus,s20/030,SS_Scotland_A,o22os,NA,28/01/2020,2020,Olivia_Chou,2.81,42,0.4,12.44444444,45,18.4,NA,NA,NA,-5.33,1.49,-0.5,0.4,-22,NA,NA,/Users/trueman/Desktop/RNAscripts/OtoMet/Olivia,NA,NA,NA,NA,447.27,Shelf, 0 - 200,pelagic,Modern
113,Mackerel,Scombriformes,Scombridae,Scomber_scombrus,s20/030,SS_Scotland_A,o22os,NA,28/01/2020,2020,Olivia_Chou,2.81,42,0.4,12.44444444,46,17.4,NA,NA,NA,-5.5,1.33,-0.5,0.4,-22,NA,NA,/Users/trueman/Desktop/RNAscripts/OtoMet/Olivia,NA,NA,NA,NA,447.27,Shelf, 0 - 200,pelagic,Modern
133,Mackerel,Scombriformes,Scombridae,Scomber_scombrus,s20/030,SS_Scotland_A,o22os,NA,28/01/2020,2020,Olivia_Chou,2.81,42,0.4,12.44444444,46,18.4,NA,NA,NA,-4.92,1.87,-0.5,0.4,-22,NA,NA,/Users/trueman/Desktop/RNAscripts/OtoMet/Olivia,NA,NA,NA,NA,447.27,Shelf, 0 - 200,pelagic,Modern
135,Mackerel,Scombriformes,Scombridae,Scomber_scombrus,s20/030,SS_Scotland_A,o22os,NA,28/01/2020,2020,Olivia_Chou,2.81,42,0.4,12.44444444,46,17.6,NA,NA,NA,-5.73,1.68,-0.5,0.4,-22,NA,NA,/Users/trueman/Desktop/RNAscripts/OtoMet/Olivia,NA,NA,NA,NA,447.27,Shelf, 0 - 200,pelagic,Modern
120,Mackerel,Scombriformes,Scombridae,Scomber_scombrus,s20/030,SS_Scotland_A,o22os,NA,28/01/2020,2020,Olivia_Chou,2.81,42,0.4,12.44444444,48,18.4,NA,NA,NA,-5.43,1.45,-0.5,0.4,-22,NA,NA,/Users/trueman/Desktop/RNAscripts/OtoMet/Olivia,NA,NA,NA,NA,447.27,Shelf, 0 - 200,pelagic,Modern
125,Mackerel,Scombriformes,Scombridae,Scomber_scombrus,s20/030,SS_Scotland_A,o22os,NA,28/01/2020,2020,Olivia_Chou,2.81,42,0.4,12.44444444,49,18.7,NA,NA,NA,-4.37,1.61,-0.5,0.4,-22,NA,NA,/Users/trueman/Desktop/RNAscripts/OtoMet/Olivia,NA,NA,NA,NA,447.27,Shelf, 0 - 200,pelagic,Modern
114,Mackerel,Scombriformes,Scombridae,Scomber_scombrus,s20/030,SS_Scotland_A,o22os,NA,28/01/2020,2020,Olivia_Chou,2.81,42,0.4,12.44444444,55,18.6,NA,NA,NA,-4.28,1.36,-0.5,0.4,-22,NA,NA,/Users/trueman/Desktop/RNAscripts/OtoMet/Olivia,NA,NA,NA,NA,447.27,Shelf, 0 - 200,pelagic,Modern
137,Mackerel,Scombriformes,Scombridae,Scomber_scombrus,s20/030,SS_Scotland_A,o22os,NA,28/01/2020,2020,Olivia_Chou,2.81,42,0.4,12.44444444,67,19.5,NA,NA,NA,-4.58,0.76,-0.5,0.4,-22,NA,NA,/Users/trueman/Desktop/RNAscripts/OtoMet/Olivia,NA,NA,NA,NA,447.27,Shelf, 0 - 200,pelagic,Modern
251,Mackerel,Scombriformes,Scombridae,Scomber_scombrus,S20/73,SS_Scotland_D,44E3NAo32os,NA,18/02/2021,2021,Olivia_Chou,2.81,42,0.4,12.44444444,17,17.5,NA,NA,NA,-4.94,1.3,-0.5,0.4,-22,NA,NA,/Users/trueman/Desktop/RNAscripts/OtoMet/Olivia,NA,NA,NA,NA,447.27,Shelf, 0 - 200,pelagic,Modern
271,Mackerel,Scombriformes,Scombridae,Scomber_scombrus,S20/73,SS_Scotland_D,44E3NAo32os,NA,18/02/2021,2021,Olivia_Chou,2.81,42,0.4,12.44444444,24,18.2,NA,NA,NA,-5.07,1.16,-0.5,0.4,-22,NA,NA,/Users/trueman/Desktop/RNAscripts/OtoMet/Olivia,NA,NA,NA,NA,447.27,Shelf, 0 - 200,pelagic,Modern
247,Mackerel,Scombriformes,Scombridae,Scomber_scombrus,S20/73,SS_Scotland_D,44E3NAo32os,NA,18/02/2021,2021,Olivia_Chou,2.81,42,0.4,12.44444444,25,17.3,NA,NA,NA,-5.39,1.5,-0.5,0.4,-22,NA,NA,/Users/trueman/Desktop/RNAscripts/OtoMet/Olivia,NA,NA,NA,NA,447.27,Shelf, 0 - 200,pelagic,Modern
253,Mackerel,Scombriformes,Scombridae,Scomber_scombrus,S20/73,SS_Scotland_D,44E3NAo32os,NA,18/02/2021,2021,Olivia_Chou,2.81,42,0.4,12.44444444,25,17.6,NA,NA,NA,-5.32,0.98,-0.5,0.4,-22,NA,NA,/Users/trueman/Desktop/RNAscripts/OtoMet/Olivia,NA,NA,NA,NA,447.27,Shelf, 0 - 200,pelagic,Modern
275,Mackerel,Scombriformes,Scombridae,Scomber_scombrus,S20/73,SS_Scotland_D,44E3NAo32os,NA,18/02/2021,2021,Olivia_Chou,2.81,42,0.4,12.44444444,25,16.4,NA,NA,NA,-4.18,1.32,-0.5,0.4,-22,NA,NA,/Users/trueman/Desktop/RNAscripts/OtoMet/Olivia,NA,NA,NA,NA,447.27,Shelf, 0 - 200,pelagic,Modern
249,Mackerel,Scombriformes,Scombridae,Scomber_scombrus,S20/73,SS_Scotland_D,44E3NAo32os,NA,18/02/2021,2021,Olivia_Chou,2.81,42,0.4,12.44444444,26,16.4,NA,NA,NA,-4.3,1.68,-0.5,0.4,-22,NA,NA,/Users/trueman/Desktop/RNAscripts/OtoMet/Olivia,NA,NA,NA,NA,447.27,Shelf, 0 - 200,pelagic,Modern
252,Mackerel,Scombriformes,Scombridae,Scomber_scombrus,S20/73,SS_Scotland_D,44E3NAo32os,NA,18/02/2021,2021,Olivia_Chou,2.81,42,0.4,12.44444444,27,16.4,NA,NA,NA,-4.77,1.43,-0.5,0.4,-22,NA,NA,/Users/trueman/Desktop/RNAscripts/OtoMet/Olivia,NA,NA,NA,NA,447.27,Shelf, 0 - 200,pelagic,Modern
274,Mackerel,Scombriformes,Scombridae,Scomber_scombrus,S20/73,SS_Scotland_D,44E3NAo32os,NA,18/02/2021,2021,Olivia_Chou,2.81,42,0.4,12.44444444,27,16.6,NA,NA,NA,-4.65,1.46,-0.5,0.4,-22,NA,NA,/Users/trueman/Desktop/RNAscripts/OtoMet/Olivia,NA,NA,NA,NA,447.27,Shelf, 0 - 200,pelagic,Modern
256,Mackerel,Scombriformes,Scombridae,Scomber_scombrus,S20/73,SS_Scotland_D,44E3NAo32os,NA,18/02/2021,2021,Olivia_Chou,2.81,42,0.4,12.44444444,30,15.4,NA,NA,NA,-5.41,0.66,-0.5,0.4,-22,NA,NA,/Users/trueman/Desktop/RNAscripts/OtoMet/Olivia,NA,NA,NA,NA,447.27,Shelf, 0 - 200,pelagic,Modern
266,Mackerel,Scombriformes,Scombridae,Scomber_scombrus,S20/73,SS_Scotland_D,44E3NAo32os,NA,18/02/2021,2021,Olivia_Chou,2.81,42,0.4,12.44444444,30,16.5,NA,NA,NA,-5.88,1.12,-0.5,0.4,-22,NA,NA,/Users/trueman/Desktop/RNAscripts/OtoMet/Olivia,NA,NA,NA,NA,447.27,Shelf, 0 - 200,pelagic,Modern
277,Mackerel,Scombriformes,Scombridae,Scomber_scombrus,S20/73,SS_Scotland_D,44E3NAo32os,NA,18/02/2021,2021,Olivia_Chou,2.81,42,0.4,12.44444444,30,16.7,NA,NA,NA,-5.43,1.64,-0.5,0.4,-22,NA,NA,/Users/trueman/Desktop/RNAscripts/OtoMet/Olivia,NA,NA,NA,NA,447.27,Shelf, 0 - 200,pelagic,Modern
257,Mackerel,Scombriformes,Scombridae,Scomber_scombrus,S20/73,SS_Scotland_D,44E3NAo32os,NA,18/02/2021,2021,Olivia_Chou,2.81,42,0.4,12.44444444,31,16.4,NA,NA,NA,-7.27,0.62,-0.5,0.4,-22,NA,NA,/Users/trueman/Desktop/RNAscripts/OtoMet/Olivia,NA,NA,NA,NA,447.27,Shelf, 0 - 200,pelagic,Modern
268,Mackerel,Scombriformes,Scombridae,Scomber_scombrus,S20/73,SS_Scotland_D,44E3NAo32os,NA,18/02/2021,2021,Olivia_Chou,2.81,42,0.4,12.44444444,32,16.4,NA,NA,NA,-4.62,1.26,-0.5,0.4,-22,NA,NA,/Users/trueman/Desktop/RNAscripts/OtoMet/Olivia,NA,NA,NA,NA,447.27,Shelf, 0 - 200,pelagic,Modern
276,Mackerel,Scombriformes,Scombridae,Scomber_scombrus,S20/73,SS_Scotland_D,44E3NAo32os,NA,18/02/2021,2021,Olivia_Chou,2.81,42,0.4,12.44444444,32,16.8,NA,NA,NA,-4.86,1.63,-0.5,0.4,-22,NA,NA,/Users/trueman/Desktop/RNAscripts/OtoMet/Olivia,NA,NA,NA,NA,447.27,Shelf, 0 - 200,pelagic,Modern
260,Mackerel,Scombriformes,Scombridae,Scomber_scombrus,S20/73,SS_Scotland_D,44E3NAo32os,NA,18/02/2021,2021,Olivia_Chou,2.81,42,0.4,12.44444444,34,18.1,NA,NA,NA,-5.21,1,-0.5,0.4,-22,NA,NA,/Users/trueman/Desktop/RNAscripts/OtoMet/Olivia,NA,NA,NA,NA,447.27,Shelf, 0 - 200,pelagic,Modern
255,Mackerel,Scombriformes,Scombridae,Scomber_scombrus,S20/73,SS_Scotland_D,44E3NAo32os,NA,18/02/2021,2021,Olivia_Chou,2.81,42,0.4,12.44444444,36,18,NA,NA,NA,-4.04,1.21,-0.5,0.4,-22,NA,NA,/Users/trueman/Desktop/RNAscripts/OtoMet/Olivia,NA,NA,NA,NA,447.27,Shelf, 0 - 200,pelagic,Modern
263,Mackerel,Scombriformes,Scombridae,Scomber_scombrus,S20/73,SS_Scotland_D,44E3NAo32os,NA,18/02/2021,2021,Olivia_Chou,2.81,42,0.4,12.44444444,37,17.4,NA,NA,NA,-5.02,1.11,-0.5,0.4,-22,NA,NA,/Users/trueman/Desktop/RNAscripts/OtoMet/Olivia,NA,NA,NA,NA,447.27,Shelf, 0 - 200,pelagic,Modern
265,Mackerel,Scombriformes,Scombridae,Scomber_scombrus,S20/73,SS_Scotland_D,44E3NAo32os,NA,18/02/2021,2021,Olivia_Chou,2.81,42,0.4,12.44444444,38,18.3,NA,NA,NA,-5.12,0.87,-0.5,0.4,-22,NA,NA,/Users/trueman/Desktop/RNAscripts/OtoMet/Olivia,NA,NA,NA,NA,447.27,Shelf, 0 - 200,pelagic,Modern
269,Mackerel,Scombriformes,Scombridae,Scomber_scombrus,S20/73,SS_Scotland_D,44E3NAo32os,NA,18/02/2021,2021,Olivia_Chou,2.81,42,0.4,12.44444444,38,17.9,NA,NA,NA,-5.06,1.11,-0.5,0.4,-22,NA,NA,/Users/trueman/Desktop/RNAscripts/OtoMet/Olivia,NA,NA,NA,NA,447.27,Shelf, 0 - 200,pelagic,Modern
272,Mackerel,Scombriformes,Scombridae,Scomber_scombrus,S20/73,SS_Scotland_D,44E3NAo32os,NA,18/02/2021,2021,Olivia_Chou,2.81,42,0.4,12.44444444,38,17.6,NA,NA,NA,-4.69,1.37,-0.5,0.4,-22,NA,NA,/Users/trueman/Desktop/RNAscripts/OtoMet/Olivia,NA,NA,NA,NA,447.27,Shelf, 0 - 200,pelagic,Modern
273,Mackerel,Scombriformes,Scombridae,Scomber_scombrus,S20/73,SS_Scotland_D,44E3NAo32os,NA,18/02/2021,2021,Olivia_Chou,2.81,42,0.4,12.44444444,38,17.4,NA,NA,NA,-5.02,1.29,-0.5,0.4,-22,NA,NA,/Users/trueman/Desktop/RNAscripts/OtoMet/Olivia,NA,NA,NA,NA,447.27,Shelf, 0 - 200,pelagic,Modern
259,Mackerel,Scombriformes,Scombridae,Scomber_scombrus,S20/73,SS_Scotland_D,44E3NAo32os,NA,18/02/2021,2021,Olivia_Chou,2.81,42,0.4,12.44444444,40,18.3,NA,NA,NA,-6.96,0.63,-0.5,0.4,-22,NA,NA,/Users/trueman/Desktop/RNAscripts/OtoMet/Olivia,NA,NA,NA,NA,447.27,Shelf, 0 - 200,pelagic,Modern
264,Mackerel,Scombriformes,Scombridae,Scomber_scombrus,S20/73,SS_Scotland_D,44E3NAo32os,NA,18/02/2021,2021,Olivia_Chou,2.81,42,0.4,12.44444444,40,18.3,NA,NA,NA,-5.93,1.57,-0.5,0.4,-22,NA,NA,/Users/trueman/Desktop/RNAscripts/OtoMet/Olivia,NA,NA,NA,NA,447.27,Shelf, 0 - 200,pelagic,Modern
270,Mackerel,Scombriformes,Scombridae,Scomber_scombrus,S20/73,SS_Scotland_D,44E3NAo32os,NA,18/02/2021,2021,Olivia_Chou,2.81,42,0.4,12.44444444,45,18.5,NA,NA,NA,-5.83,1.28,-0.5,0.4,-22,NA,NA,/Users/trueman/Desktop/RNAscripts/OtoMet/Olivia,NA,NA,NA,NA,447.27,Shelf, 0 - 200,pelagic,Modern
248,Mackerel,Scombriformes,Scombridae,Scomber_scombrus,S20/73,SS_Scotland_D,44E3NAo32os,NA,18/02/2021,2021,Olivia_Chou,2.81,42,0.4,12.44444444,46,18.2,NA,NA,NA,-5.1,1.18,-0.5,0.4,-22,NA,NA,/Users/trueman/Desktop/RNAscripts/OtoMet/Olivia,NA,NA,NA,NA,447.27,Shelf, 0 - 200,pelagic,Modern
261,Mackerel,Scombriformes,Scombridae,Scomber_scombrus,S20/73,SS_Scotland_D,44E3NAo32os,NA,18/02/2021,2021,Olivia_Chou,2.81,42,0.4,12.44444444,51,18.8,NA,NA,NA,-4.28,1.12,-0.5,0.4,-22,NA,NA,/Users/trueman/Desktop/RNAscripts/OtoMet/Olivia,NA,NA,NA,NA,447.27,Shelf, 0 - 200,pelagic,Modern
267,Mackerel,Scombriformes,Scombridae,Scomber_scombrus,S20/73,SS_Scotland_D,44E3NAo32os,NA,18/02/2021,2021,Olivia_Chou,2.81,42,0.4,12.44444444,54,18.2,NA,NA,NA,-4.29,1.24,-0.5,0.4,-22,NA,NA,/Users/trueman/Desktop/RNAscripts/OtoMet/Olivia,NA,NA,NA,NA,447.27,Shelf, 0 - 200,pelagic,Modern
262,Mackerel,Scombriformes,Scombridae,Scomber_scombrus,S20/73,SS_Scotland_D,44E3NAo32os,NA,18/02/2021,2021,Olivia_Chou,2.81,42,0.4,12.44444444,58,18.2,NA,NA,NA,-5.89,0.83,-0.5,0.4,-22,NA,NA,/Users/trueman/Desktop/RNAscripts/OtoMet/Olivia,NA,NA,NA,NA,447.27,Shelf, 0 - 200,pelagic,Modern
254,Mackerel,Scombriformes,Scombridae,Scomber_scombrus,S20/73,SS_Scotland_D,44E3NAo32os,NA,18/02/2021,2021,Olivia_Chou,2.81,42,0.4,12.44444444,60,19.4,NA,NA,NA,-4.25,1.17,-0.5,0.4,-22,NA,NA,/Users/trueman/Desktop/RNAscripts/OtoMet/Olivia,NA,NA,NA,NA,447.27,Shelf, 0 - 200,pelagic,Modern
250,Mackerel,Scombriformes,Scombridae,Scomber_scombrus,S20/73,SS_Scotland_D,44E3NAo32os,NA,18/02/2021,2021,Olivia_Chou,2.81,42,0.4,12.44444444,66,19.4,NA,NA,NA,-3.75,1.37,-0.5,0.4,-22,NA,NA,/Users/trueman/Desktop/RNAscripts/OtoMet/Olivia,NA,NA,NA,NA,447.27,Shelf, 0 - 200,pelagic,Modern
228,Mackerel,Scombriformes,Scombridae,Scomber_scombrus,s20/74,SS_Scotland_C,o32osNAogpNAMACNA44E3,NA,18/02/2020,2020,Olivia_Chou,2.81,42,0.4,12.44444444,26,16.9,NA,NA,NA,-5.02,1.23,-0.5,0.4,-22,NA,NA,/Users/trueman/Desktop/RNAscripts/OtoMet/Olivia,NA,NA,NA,NA,447.27,Shelf, 0 - 200,pelagic,Modern
227,Mackerel,Scombriformes,Scombridae,Scomber_scombrus,s20/74,SS_Scotland_C,o32osNAogpNAMACNA44E3,NA,18/02/2020,2020,Olivia_Chou,2.81,42,0.4,12.44444444,28,16.4,NA,NA,NA,-3.8,1.3,-0.5,0.4,-22,NA,NA,/Users/trueman/Desktop/RNAscripts/OtoMet/Olivia,NA,NA,NA,NA,447.27,Shelf, 0 - 200,pelagic,Modern
231,Mackerel,Scombriformes,Scombridae,Scomber_scombrus,s20/74,SS_Scotland_C,o32osNAogpNAMACNA44E3,NA,18/02/2020,2020,Olivia_Chou,2.81,42,0.4,12.44444444,30,16.8,NA,NA,NA,-5.08,0.95,-0.5,0.4,-22,NA,NA,/Users/trueman/Desktop/RNAscripts/OtoMet/Olivia,NA,NA,NA,NA,447.27,Shelf, 0 - 200,pelagic,Modern
229,Mackerel,Scombriformes,Scombridae,Scomber_scombrus,s20/74,SS_Scotland_C,o32osNAogpNAMACNA44E3,NA,18/02/2020,2020,Olivia_Chou,2.81,42,0.4,12.44444444,31,16.5,NA,NA,NA,-5.24,1.31,-0.5,0.4,-22,NA,NA,/Users/trueman/Desktop/RNAscripts/OtoMet/Olivia,NA,NA,NA,NA,447.27,Shelf, 0 - 200,pelagic,Modern
233,Mackerel,Scombriformes,Scombridae,Scomber_scombrus,s20/74,SS_Scotland_C,o32osNAogpNAMACNA44E3,NA,18/02/2020,2020,Olivia_Chou,2.81,42,0.4,12.44444444,32,16.5,NA,NA,NA,-4.69,1.63,-0.5,0.4,-22,NA,NA,/Users/trueman/Desktop/RNAscripts/OtoMet/Olivia,NA,NA,NA,NA,447.27,Shelf, 0 - 200,pelagic,Modern
236,Mackerel,Scombriformes,Scombridae,Scomber_scombrus,s20/74,SS_Scotland_C,o32osNAogpNAMACNA44E3,NA,18/02/2020,2020,Olivia_Chou,2.81,42,0.4,12.44444444,32,16.8,NA,NA,NA,-5.17,1.59,-0.5,0.4,-22,NA,NA,/Users/trueman/Desktop/RNAscripts/OtoMet/Olivia,NA,NA,NA,NA,447.27,Shelf, 0 - 200,pelagic,Modern
232,Mackerel,Scombriformes,Scombridae,Scomber_scombrus,s20/74,SS_Scotland_C,o32osNAogpNAMACNA44E3,NA,18/02/2020,2020,Olivia_Chou,2.81,42,0.4,12.44444444,34,16.5,NA,NA,NA,-4.51,1.33,-0.5,0.4,-22,NA,NA,/Users/trueman/Desktop/RNAscripts/OtoMet/Olivia,NA,NA,NA,NA,447.27,Shelf, 0 - 200,pelagic,Modern
230,Mackerel,Scombriformes,Scombridae,Scomber_scombrus,s20/74,SS_Scotland_C,o32osNAogpNAMACNA44E3,NA,18/02/2020,2020,Olivia_Chou,2.81,42,0.4,12.44444444,37,17.4,NA,NA,NA,-5.03,1.17,-0.5,0.4,-22,NA,NA,/Users/trueman/Desktop/RNAscripts/OtoMet/Olivia,NA,NA,NA,NA,447.27,Shelf, 0 - 200,pelagic,Modern
237,Mackerel,Scombriformes,Scombridae,Scomber_scombrus,s20/74,SS_Scotland_C,o32osNAogpNAMACNA44E3,NA,18/02/2020,2020,Olivia_Chou,2.81,42,0.4,12.44444444,40,18.3,NA,NA,NA,-5.22,1.41,-0.5,0.4,-22,NA,NA,/Users/trueman/Desktop/RNAscripts/OtoMet/Olivia,NA,NA,NA,NA,447.27,Shelf, 0 - 200,pelagic,Modern
234,Mackerel,Scombriformes,Scombridae,Scomber_scombrus,s20/74,SS_Scotland_C,o32osNAogpNAMACNA44E3,NA,18/02/2020,2020,Olivia_Chou,2.81,42,0.4,12.44444444,41,17.3,NA,NA,NA,-4.59,1.29,-0.5,0.4,-22,NA,NA,/Users/trueman/Desktop/RNAscripts/OtoMet/Olivia,NA,NA,NA,NA,447.27,Shelf, 0 - 200,pelagic,Modern
189,Mackerel,Scombriformes,Scombridae,Scomber_scombrus,s21/443,SS_Scotland_B,RRISNASCOTIANAROCLACC,NA,11/09/2021,2021,Olivia_Chou,2.81,42,0.4,12.44444444,16,12.7,NA,NA,NA,-6.12,0.65,-0.5,0.4,-22,NA,NA,/Users/trueman/Desktop/RNAscripts/OtoMet/Olivia,NA,NA,NA,NA,447.27,Shelf, 0 - 200,pelagic,Modern
180,Mackerel,Scombriformes,Scombridae,Scomber_scombrus,s21/443,SS_Scotland_B,RRISNASCOTIANAROCLACC,NA,11/09/2021,2021,Olivia_Chou,2.81,42,0.4,12.44444444,18,13.1,NA,NA,NA,-5.66,0.46,-0.5,0.4,-22,NA,NA,/Users/trueman/Desktop/RNAscripts/OtoMet/Olivia,NA,NA,NA,NA,447.27,Shelf, 0 - 200,pelagic,Modern
190,Mackerel,Scombriformes,Scombridae,Scomber_scombrus,s21/443,SS_Scotland_B,RRISNASCOTIANAROCLACC,NA,11/09/2021,2021,Olivia_Chou,2.81,42,0.4,12.44444444,18,12.6,NA,NA,NA,-5.85,0.72,-0.5,0.4,-22,NA,NA,/Users/trueman/Desktop/RNAscripts/OtoMet/Olivia,NA,NA,NA,NA,447.27,Shelf, 0 - 200,pelagic,Modern
177,Mackerel,Scombriformes,Scombridae,Scomber_scombrus,s21/443,SS_Scotland_B,RRISNASCOTIANAROCLACC,NA,11/09/2021,2021,Olivia_Chou,2.81,42,0.4,12.44444444,19,13.4,NA,NA,NA,-5.57,0.84,-0.5,0.4,-22,NA,NA,/Users/trueman/Desktop/RNAscripts/OtoMet/Olivia,NA,NA,NA,NA,447.27,Shelf, 0 - 200,pelagic,Modern
167,Mackerel,Scombriformes,Scombridae,Scomber_scombrus,s21/443,SS_Scotland_B,RRISNASCOTIANAROCLACC,NA,11/09/2021,2021,Olivia_Chou,2.81,42,0.4,12.44444444,20,13.4,NA,NA,NA,-6.02,1,-0.5,0.4,-22,NA,NA,/Users/trueman/Desktop/RNAscripts/OtoMet/Olivia,NA,NA,NA,NA,447.27,Shelf, 0 - 200,pelagic,Modern
178,Mackerel,Scombriformes,Scombridae,Scomber_scombrus,s21/443,SS_Scotland_B,RRISNASCOTIANAROCLACC,NA,11/09/2021,2021,Olivia_Chou,2.81,42,0.4,12.44444444,20,13.5,NA,NA,NA,-5.7,0.99,-0.5,0.4,-22,NA,NA,/Users/trueman/Desktop/RNAscripts/OtoMet/Olivia,NA,NA,NA,NA,447.27,Shelf, 0 - 200,pelagic,Modern
183,Mackerel,Scombriformes,Scombridae,Scomber_scombrus,s21/443,SS_Scotland_B,RRISNASCOTIANAROCLACC,NA,11/09/2021,2021,Olivia_Chou,2.81,42,0.4,12.44444444,20,13.4,NA,NA,NA,-5.76,0.96,-0.5,0.4,-22,NA,NA,/Users/trueman/Desktop/RNAscripts/OtoMet/Olivia,NA,NA,NA,NA,447.27,Shelf, 0 - 200,pelagic,Modern
191,Mackerel,Scombriformes,Scombridae,Scomber_scombrus,s21/443,SS_Scotland_B,RRISNASCOTIANAROCLACC,NA,11/09/2021,2021,Olivia_Chou,2.81,42,0.4,12.44444444,20,13.6,NA,NA,NA,-6.17,1.18,-0.5,0.4,-22,NA,NA,/Users/trueman/Desktop/RNAscripts/OtoMet/Olivia,NA,NA,NA,NA,447.27,Shelf, 0 - 200,pelagic,Modern
169,Mackerel,Scombriformes,Scombridae,Scomber_scombrus,s21/443,SS_Scotland_B,RRISNASCOTIANAROCLACC,NA,11/09/2021,2021,Olivia_Chou,2.81,42,0.4,12.44444444,21,13.5,NA,NA,NA,-5.72,1.06,-0.5,0.4,-22,NA,NA,/Users/trueman/Desktop/RNAscripts/OtoMet/Olivia,NA,NA,NA,NA,447.27,Shelf, 0 - 200,pelagic,Modern
170,Mackerel,Scombriformes,Scombridae,Scomber_scombrus,s21/443,SS_Scotland_B,RRISNASCOTIANAROCLACC,NA,11/09/2021,2021,Olivia_Chou,2.81,42,0.4,12.44444444,21,13.6,NA,NA,NA,-5.61,0.88,-0.5,0.4,-22,NA,NA,/Users/trueman/Desktop/RNAscripts/OtoMet/Olivia,NA,NA,NA,NA,447.27,Shelf, 0 - 200,pelagic,Modern
173,Mackerel,Scombriformes,Scombridae,Scomber_scombrus,s21/443,SS_Scotland_B,RRISNASCOTIANAROCLACC,NA,11/09/2021,2021,Olivia_Chou,2.81,42,0.4,12.44444444,21,12.8,NA,NA,NA,-5.39,0.89,-0.5,0.4,-22,NA,NA,/Users/trueman/Desktop/RNAscripts/OtoMet/Olivia,NA,NA,NA,NA,447.27,Shelf, 0 - 200,pelagic,Modern
176,Mackerel,Scombriformes,Scombridae,Scomber_scombrus,s21/443,SS_Scotland_B,RRISNASCOTIANAROCLACC,NA,11/09/2021,2021,Olivia_Chou,2.81,42,0.4,12.44444444,21,13.4,NA,NA,NA,-5.96,0.76,-0.5,0.4,-22,NA,NA,/Users/trueman/Desktop/RNAscripts/OtoMet/Olivia,NA,NA,NA,NA,447.27,Shelf, 0 - 200,pelagic,Modern
186,Mackerel,Scombriformes,Scombridae,Scomber_scombrus,s21/443,SS_Scotland_B,RRISNASCOTIANAROCLACC,NA,11/09/2021,2021,Olivia_Chou,2.81,42,0.4,12.44444444,21,13.6,NA,NA,NA,-5.71,0.84,-0.5,0.4,-22,NA,NA,/Users/trueman/Desktop/RNAscripts/OtoMet/Olivia,NA,NA,NA,NA,447.27,Shelf, 0 - 200,pelagic,Modern
205,Mackerel,Scombriformes,Scombridae,Scomber_scombrus,s21/443,SS_Scotland_B,RRISNASCOTIANAROCLACC,NA,11/09/2021,2021,Olivia_Chou,2.81,42,0.4,12.44444444,21,13.4,NA,NA,NA,-5.12,0.96,-0.5,0.4,-22,NA,NA,/Users/trueman/Desktop/RNAscripts/OtoMet/Olivia,NA,NA,NA,NA,447.27,Shelf, 0 - 200,pelagic,Modern
222,Mackerel,Scombriformes,Scombridae,Scomber_scombrus,s21/443,SS_Scotland_B,RRISNASCOTIANAROCLACC,NA,11/09/2021,2021,Olivia_Chou,2.81,42,0.4,12.44444444,21,12.6,NA,NA,NA,-5.88,0.63,-0.5,0.4,-22,NA,NA,/Users/trueman/Desktop/RNAscripts/OtoMet/Olivia,NA,NA,NA,NA,447.27,Shelf, 0 - 200,pelagic,Modern
172,Mackerel,Scombriformes,Scombridae,Scomber_scombrus,s21/443,SS_Scotland_B,RRISNASCOTIANAROCLACC,NA,11/09/2021,2021,Olivia_Chou,2.81,42,0.4,12.44444444,22,14.3,NA,NA,NA,-6,1.08,-0.5,0.4,-22,NA,NA,/Users/trueman/Desktop/RNAscripts/OtoMet/Olivia,NA,NA,NA,NA,447.27,Shelf, 0 - 200,pelagic,Modern
185,Mackerel,Scombriformes,Scombridae,Scomber_scombrus,s21/443,SS_Scotland_B,RRISNASCOTIANAROCLACC,NA,11/09/2021,2021,Olivia_Chou,2.81,42,0.4,12.44444444,22,13.6,NA,NA,NA,-6.09,0.59,-0.5,0.4,-22,NA,NA,/Users/trueman/Desktop/RNAscripts/OtoMet/Olivia,NA,NA,NA,NA,447.27,Shelf, 0 - 200,pelagic,Modern
188,Mackerel,Scombriformes,Scombridae,Scomber_scombrus,s21/443,SS_Scotland_B,RRISNASCOTIANAROCLACC,NA,11/09/2021,2021,Olivia_Chou,2.81,42,0.4,12.44444444,22,13.7,NA,NA,NA,-5.47,0.95,-0.5,0.4,-22,NA,NA,/Users/trueman/Desktop/RNAscripts/OtoMet/Olivia,NA,NA,NA,NA,447.27,Shelf, 0 - 200,pelagic,Modern
201,Mackerel,Scombriformes,Scombridae,Scomber_scombrus,s21/443,SS_Scotland_B,RRISNASCOTIANAROCLACC,NA,11/09/2021,2021,Olivia_Chou,2.81,42,0.4,12.44444444,22,13.6,NA,NA,NA,-5.66,0.77,-0.5,0.4,-22,NA,NA,/Users/trueman/Desktop/RNAscripts/OtoMet/Olivia,NA,NA,NA,NA,447.27,Shelf, 0 - 200,pelagic,Modern
202,Mackerel,Scombriformes,Scombridae,Scomber_scombrus,s21/443,SS_Scotland_B,RRISNASCOTIANAROCLACC,NA,11/09/2021,2021,Olivia_Chou,2.81,42,0.4,12.44444444,22,13.7,NA,NA,NA,-6.6,0.47,-0.5,0.4,-22,NA,NA,/Users/trueman/Desktop/RNAscripts/OtoMet/Olivia,NA,NA,NA,NA,447.27,Shelf, 0 - 200,pelagic,Modern
181,Mackerel,Scombriformes,Scombridae,Scomber_scombrus,s21/443,SS_Scotland_B,RRISNASCOTIANAROCLACC,NA,11/09/2021,2021,Olivia_Chou,2.81,42,0.4,12.44444444,23,13.7,NA,NA,NA,-5.38,1.1,-0.5,0.4,-22,NA,NA,/Users/trueman/Desktop/RNAscripts/OtoMet/Olivia,NA,NA,NA,NA,447.27,Shelf, 0 - 200,pelagic,Modern
200,Mackerel,Scombriformes,Scombridae,Scomber_scombrus,s21/443,SS_Scotland_B,RRISNASCOTIANAROCLACC,NA,11/09/2021,2021,Olivia_Chou,2.81,42,0.4,12.44444444,23,13.8,NA,NA,NA,-5.61,1.18,-0.5,0.4,-22,NA,NA,/Users/trueman/Desktop/RNAscripts/OtoMet/Olivia,NA,NA,NA,NA,447.27,Shelf, 0 - 200,pelagic,Modern
166,Mackerel,Scombriformes,Scombridae,Scomber_scombrus,s21/443,SS_Scotland_B,RRISNASCOTIANAROCLACC,NA,11/09/2021,2021,Olivia_Chou,2.81,42,0.4,12.44444444,24,13.4,NA,NA,NA,-5.67,0.85,-0.5,0.4,-22,NA,NA,/Users/trueman/Desktop/RNAscripts/OtoMet/Olivia,NA,NA,NA,NA,447.27,Shelf, 0 - 200,pelagic,Modern
174,Mackerel,Scombriformes,Scombridae,Scomber_scombrus,s21/443,SS_Scotland_B,RRISNASCOTIANAROCLACC,NA,11/09/2021,2021,Olivia_Chou,2.81,42,0.4,12.44444444,24,14.5,NA,NA,NA,-5.74,0.74,-0.5,0.4,-22,NA,NA,/Users/trueman/Desktop/RNAscripts/OtoMet/Olivia,NA,NA,NA,NA,447.27,Shelf, 0 - 200,pelagic,Modern
175,Mackerel,Scombriformes,Scombridae,Scomber_scombrus,s21/443,SS_Scotland_B,RRISNASCOTIANAROCLACC,NA,11/09/2021,2021,Olivia_Chou,2.81,42,0.4,12.44444444,24,13.8,NA,NA,NA,-5.52,0.8,-0.5,0.4,-22,NA,NA,/Users/trueman/Desktop/RNAscripts/OtoMet/Olivia,NA,NA,NA,NA,447.27,Shelf, 0 - 200,pelagic,Modern
203,Mackerel,Scombriformes,Scombridae,Scomber_scombrus,s21/443,SS_Scotland_B,RRISNASCOTIANAROCLACC,NA,11/09/2021,2021,Olivia_Chou,2.81,42,0.4,12.44444444,24,14.3,NA,NA,NA,-5.25,1.24,-0.5,0.4,-22,NA,NA,/Users/trueman/Desktop/RNAscripts/OtoMet/Olivia,NA,NA,NA,NA,447.27,Shelf, 0 - 200,pelagic,Modern
199,Mackerel,Scombriformes,Scombridae,Scomber_scombrus,s21/443,SS_Scotland_B,RRISNASCOTIANAROCLACC,NA,11/09/2021,2021,Olivia_Chou,2.81,42,0.4,12.44444444,25,14.5,NA,NA,NA,-5.94,1.13,-0.5,0.4,-22,NA,NA,/Users/trueman/Desktop/RNAscripts/OtoMet/Olivia,NA,NA,NA,NA,447.27,Shelf, 0 - 200,pelagic,Modern
204,Mackerel,Scombriformes,Scombridae,Scomber_scombrus,s21/443,SS_Scotland_B,RRISNASCOTIANAROCLACC,NA,11/09/2021,2021,Olivia_Chou,2.81,42,0.4,12.44444444,32,15.4,NA,NA,NA,-5.15,0.95,-0.5,0.4,-22,NA,NA,/Users/trueman/Desktop/RNAscripts/OtoMet/Olivia,NA,NA,NA,NA,447.27,Shelf, 0 - 200,pelagic,Modern
296,Mackerel,Scombriformes,Scombridae,Scomber_scombrus,S21/75,SS_Scotland_E,48E5NAO321S,NA,17/02/2021,2021,Olivia_Chou,2.81,42,0.4,12.44444444,37,17.3,NA,NA,NA,-4.74,1.7,-0.5,0.4,-22,NA,NA,/Users/trueman/Desktop/RNAscripts/OtoMet/Olivia,NA,NA,NA,NA,447.27,Shelf, 0 - 200,pelagic,Modern
299,Mackerel,Scombriformes,Scombridae,Scomber_scombrus,S21/75,SS_Scotland_E,48E5NAO321S,NA,17/02/2021,2021,Olivia_Chou,2.81,42,0.4,12.44444444,37,17.4,NA,NA,NA,-5.78,1.84,-0.5,0.4,-22,NA,NA,/Users/trueman/Desktop/RNAscripts/OtoMet/Olivia,NA,NA,NA,NA,447.27,Shelf, 0 - 200,pelagic,Modern
293,Mackerel,Scombriformes,Scombridae,Scomber_scombrus,S21/75,SS_Scotland_E,48E5NAO321S,NA,17/02/2021,2021,Olivia_Chou,2.81,42,0.4,12.44444444,38,16.4,NA,NA,NA,-5.38,1.63,-0.5,0.4,-22,NA,NA,/Users/trueman/Desktop/RNAscripts/OtoMet/Olivia,NA,NA,NA,NA,447.27,Shelf, 0 - 200,pelagic,Modern
301,Mackerel,Scombriformes,Scombridae,Scomber_scombrus,S21/75,SS_Scotland_E,48E5NAO321S,NA,17/02/2021,2021,Olivia_Chou,2.81,42,0.4,12.44444444,38,17.5,NA,NA,NA,-6.8,1.21,-0.5,0.4,-22,NA,NA,/Users/trueman/Desktop/RNAscripts/OtoMet/Olivia,NA,NA,NA,NA,447.27,Shelf, 0 - 200,pelagic,Modern
292,Mackerel,Scombriformes,Scombridae,Scomber_scombrus,S21/75,SS_Scotland_E,48E5NAO321S,NA,17/02/2021,2021,Olivia_Chou,2.81,42,0.4,12.44444444,39,16.3,NA,NA,NA,-5.75,1.2,-0.5,0.4,-22,NA,NA,/Users/trueman/Desktop/RNAscripts/OtoMet/Olivia,NA,NA,NA,NA,447.27,Shelf, 0 - 200,pelagic,Modern
300,Mackerel,Scombriformes,Scombridae,Scomber_scombrus,S21/75,SS_Scotland_E,48E5NAO321S,NA,17/02/2021,2021,Olivia_Chou,2.81,42,0.4,12.44444444,39,16.8,NA,NA,NA,-5.22,1.92,-0.5,0.4,-22,NA,NA,/Users/trueman/Desktop/RNAscripts/OtoMet/Olivia,NA,NA,NA,NA,447.27,Shelf, 0 - 200,pelagic,Modern
307,Mackerel,Scombriformes,Scombridae,Scomber_scombrus,S21/75,SS_Scotland_E,48E5NAO321S,NA,17/02/2021,2021,Olivia_Chou,2.81,42,0.4,12.44444444,39,16.8,NA,NA,NA,-5.06,1.95,-0.5,0.4,-22,NA,NA,/Users/trueman/Desktop/RNAscripts/OtoMet/Olivia,NA,NA,NA,NA,447.27,Shelf, 0 - 200,pelagic,Modern
279,Mackerel,Scombriformes,Scombridae,Scomber_scombrus,S21/75,SS_Scotland_E,48E5NAO321S,NA,17/02/2021,2021,Olivia_Chou,2.81,42,0.4,12.44444444,40,18.4,NA,NA,NA,-5.13,1.69,-0.5,0.4,-22,NA,NA,/Users/trueman/Desktop/RNAscripts/OtoMet/Olivia,NA,NA,NA,NA,447.27,Shelf, 0 - 200,pelagic,Modern
284,Mackerel,Scombriformes,Scombridae,Scomber_scombrus,S21/75,SS_Scotland_E,48E5NAO321S,NA,17/02/2021,2021,Olivia_Chou,2.81,42,0.4,12.44444444,40,17.4,NA,NA,NA,-5.15,1.64,-0.5,0.4,-22,NA,NA,/Users/trueman/Desktop/RNAscripts/OtoMet/Olivia,NA,NA,NA,NA,447.27,Shelf, 0 - 200,pelagic,Modern
280,Mackerel,Scombriformes,Scombridae,Scomber_scombrus,S21/75,SS_Scotland_E,48E5NAO321S,NA,17/02/2021,2021,Olivia_Chou,2.81,42,0.4,12.44444444,41,17.4,NA,NA,NA,-6.57,1.35,-0.5,0.4,-22,NA,NA,/Users/trueman/Desktop/RNAscripts/OtoMet/Olivia,NA,NA,NA,NA,447.27,Shelf, 0 - 200,pelagic,Modern
294,Mackerel,Scombriformes,Scombridae,Scomber_scombrus,S21/75,SS_Scotland_E,48E5NAO321S,NA,17/02/2021,2021,Olivia_Chou,2.81,42,0.4,12.44444444,41,17.6,NA,NA,NA,-4.81,1.91,-0.5,0.4,-22,NA,NA,/Users/trueman/Desktop/RNAscripts/OtoMet/Olivia,NA,NA,NA,NA,447.27,Shelf, 0 - 200,pelagic,Modern
304,Mackerel,Scombriformes,Scombridae,Scomber_scombrus,S21/75,SS_Scotland_E,48E5NAO321S,NA,17/02/2021,2021,Olivia_Chou,2.81,42,0.4,12.44444444,41,17.3,NA,NA,NA,-5.84,1.51,-0.5,0.4,-22,NA,NA,/Users/trueman/Desktop/RNAscripts/OtoMet/Olivia,NA,NA,NA,NA,447.27,Shelf, 0 - 200,pelagic,Modern
305,Mackerel,Scombriformes,Scombridae,Scomber_scombrus,S21/75,SS_Scotland_E,48E5NAO321S,NA,17/02/2021,2021,Olivia_Chou,2.81,42,0.4,12.44444444,41,17.1,NA,NA,NA,-6.59,1.16,-0.5,0.4,-22,NA,NA,/Users/trueman/Desktop/RNAscripts/OtoMet/Olivia,NA,NA,NA,NA,447.27,Shelf, 0 - 200,pelagic,Modern
291,Mackerel,Scombriformes,Scombridae,Scomber_scombrus,S21/75,SS_Scotland_E,48E5NAO321S,NA,17/02/2021,2021,Olivia_Chou,2.81,42,0.4,12.44444444,42,18.6,NA,NA,NA,-5.4,1.71,-0.5,0.4,-22,NA,NA,/Users/trueman/Desktop/RNAscripts/OtoMet/Olivia,NA,NA,NA,NA,447.27,Shelf, 0 - 200,pelagic,Modern
295,Mackerel,Scombriformes,Scombridae,Scomber_scombrus,S21/75,SS_Scotland_E,48E5NAO321S,NA,17/02/2021,2021,Olivia_Chou,2.81,42,0.4,12.44444444,42,17.4,NA,NA,NA,-5.22,1.76,-0.5,0.4,-22,NA,NA,/Users/trueman/Desktop/RNAscripts/OtoMet/Olivia,NA,NA,NA,NA,447.27,Shelf, 0 - 200,pelagic,Modern
298,Mackerel,Scombriformes,Scombridae,Scomber_scombrus,S21/75,SS_Scotland_E,48E5NAO321S,NA,17/02/2021,2021,Olivia_Chou,2.81,42,0.4,12.44444444,42,17.4,NA,NA,NA,-6.58,1.37,-0.5,0.4,-22,NA,NA,/Users/trueman/Desktop/RNAscripts/OtoMet/Olivia,NA,NA,NA,NA,447.27,Shelf, 0 - 200,pelagic,Modern
281,Mackerel,Scombriformes,Scombridae,Scomber_scombrus,S21/75,SS_Scotland_E,48E5NAO321S,NA,17/02/2021,2021,Olivia_Chou,2.81,42,0.4,12.44444444,43,17.3,NA,NA,NA,-6.18,1.67,-0.5,0.4,-22,NA,NA,/Users/trueman/Desktop/RNAscripts/OtoMet/Olivia,NA,NA,NA,NA,447.27,Shelf, 0 - 200,pelagic,Modern
289,Mackerel,Scombriformes,Scombridae,Scomber_scombrus,S21/75,SS_Scotland_E,48E5NAO321S,NA,17/02/2021,2021,Olivia_Chou,2.81,42,0.4,12.44444444,43,18.3,NA,NA,NA,-5.4,1.72,-0.5,0.4,-22,NA,NA,/Users/trueman/Desktop/RNAscripts/OtoMet/Olivia,NA,NA,NA,NA,447.27,Shelf, 0 - 200,pelagic,Modern
290,Mackerel,Scombriformes,Scombridae,Scomber_scombrus,S21/75,SS_Scotland_E,48E5NAO321S,NA,17/02/2021,2021,Olivia_Chou,2.81,42,0.4,12.44444444,43,18,NA,NA,NA,-6.69,1.3,-0.5,0.4,-22,NA,NA,/Users/trueman/Desktop/RNAscripts/OtoMet/Olivia,NA,NA,NA,NA,447.27,Shelf, 0 - 200,pelagic,Modern
302,Mackerel,Scombriformes,Scombridae,Scomber_scombrus,S21/75,SS_Scotland_E,48E5NAO321S,NA,17/02/2021,2021,Olivia_Chou,2.81,42,0.4,12.44444444,43,17.8,NA,NA,NA,-5.48,1.46,-0.5,0.4,-22,NA,NA,/Users/trueman/Desktop/RNAscripts/OtoMet/Olivia,NA,NA,NA,NA,447.27,Shelf, 0 - 200,pelagic,Modern
303,Mackerel,Scombriformes,Scombridae,Scomber_scombrus,S21/75,SS_Scotland_E,48E5NAO321S,NA,17/02/2021,2021,Olivia_Chou,2.81,42,0.4,12.44444444,43,17.4,NA,NA,NA,-5.86,1.51,-0.5,0.4,-22,NA,NA,/Users/trueman/Desktop/RNAscripts/OtoMet/Olivia,NA,NA,NA,NA,447.27,Shelf, 0 - 200,pelagic,Modern
306,Mackerel,Scombriformes,Scombridae,Scomber_scombrus,S21/75,SS_Scotland_E,48E5NAO321S,NA,17/02/2021,2021,Olivia_Chou,2.81,42,0.4,12.44444444,43,18.2,NA,NA,NA,-4.64,1.82,-0.5,0.4,-22,NA,NA,/Users/trueman/Desktop/RNAscripts/OtoMet/Olivia,NA,NA,NA,NA,447.27,Shelf, 0 - 200,pelagic,Modern
SGR_1079,cusk_eel,Ophidiiformes,Ophidiidae,Spectrunculus_grandis,Irish_Slope,SGR,NA,NA,NA,2009,SU_Deep,NA,NA,NA,NA,290,NA,NA,NA,NA,0.013329316,4.012791222,0.064619392,1.111830169,-18.61755086,NA,NA,/Users/trueman/Desktop/RNAscripts/OtoMet/Coldfish_data/ColdfishNAotolithNAFMRNAexploration.Rmd,NA,NA,NA,NA,NA,Lower slope,2000-3000,benthic,Modern
SGR_1081,cusk_eel,Ophidiiformes,Ophidiidae,Spectrunculus_grandis,Irish_Slope,SGR,NA,NA,NA,2009,SU_Deep,NA,NA,NA,NA,451,NA,NA,NA,NA,-0.013525794,3.671644197,0.064619392,1.111830169,-18.61755086,NA,NA,/Users/trueman/Desktop/RNAscripts/OtoMet/Coldfish_data/ColdfishNAotolithNAFMRNAexploration.Rmd,NA,NA,NA,NA,NA,Lower slope,2000-3000,benthic,Modern
SGR_1082,cusk_eel,Ophidiiformes,Ophidiidae,Spectrunculus_grandis,Irish_Slope,SGR,NA,NA,NA,2009,SU_Deep,NA,NA,NA,NA,451,NA,NA,NA,NA,0.527298238,3.589522482,0.064619392,1.111830169,-18.61755086,NA,NA,/Users/trueman/Desktop/RNAscripts/OtoMet/Coldfish_data/ColdfishNAotolithNAFMRNAexploration.Rmd,NA,NA,NA,NA,NA,Lower slope,2000-3000,benthic,Modern
SGR_1084,cusk_eel,Ophidiiformes,Ophidiidae,Spectrunculus_grandis,Irish_Slope,SGR,NA,NA,NA,2009,SU_Deep,NA,NA,NA,NA,451,NA,NA,NA,NA,0.257064122,4.250081159,0.064619392,1.111830169,-18.61755086,NA,NA,/Users/trueman/Desktop/RNAscripts/OtoMet/Coldfish_data/ColdfishNAotolithNAFMRNAexploration.Rmd,NA,NA,NA,NA,NA,Lower slope,2000-3000,benthic,Modern
SGR_1083,cusk_eel,Ophidiiformes,Ophidiidae,Spectrunculus_grandis,Irish_Slope,SGR,NA,NA,NA,2009,SU_Deep,NA,NA,NA,NA,550,NA,NA,NA,NA,0.778310456,3.753031969,0.064619392,1.111830169,-18.61755086,NA,NA,/Users/trueman/Desktop/RNAscripts/OtoMet/Coldfish_data/ColdfishNAotolithNAFMRNAexploration.Rmd,NA,NA,NA,NA,NA,Lower slope,2000-3000,benthic,Modern
SGR_1080,cusk_eel,Ophidiiformes,Ophidiidae,Spectrunculus_grandis,Irish_Slope,SGR,NA,NA,NA,2009,SU_Deep,NA,NA,NA,NA,744,NA,NA,NA,NA,0.730024287,3.971092879,0.064619392,1.111830169,-18.61755086,NA,NA,/Users/trueman/Desktop/RNAscripts/OtoMet/Coldfish_data/ColdfishNAotolithNAFMRNAexploration.Rmd,NA,NA,NA,NA,NA,Lower slope,2000-3000,benthic,Modern
wm-spr-048,Sprat,Clupeiformes,Clupeidae,Sprattus_sprattus,Sussex,Spr_Sussex,Bracklesham,NA,08_2022,2022,Will_McFadyn,2.25,14.7,0.8,4.355555556,0.56,5,NA,NA,NA,-6.72,0.76,0,0.5,-22,NA,NA,/Users/trueman/Desktop/RNAscripts/OtoMet/Lauren_wrasse,NA,NA,NA,NA,NA,Shelf,10 - 150,pelagic,Modern
wm-spr14,Sprat,Clupeiformes,Clupeidae,Sprattus_sprattus,Sussex,Spr_Sussex,Bracklesham,NA,08_2022,2022,Will_McFadyn,2.25,14.7,0.8,4.355555556,0.78,6,NA,NA,NA,-6,0.51,0,0.5,-22,NA,NA,/Users/trueman/Desktop/RNAscripts/OtoMet/Lauren_wrasse,NA,NA,NA,NA,NA,Shelf,10 - 150,pelagic,Modern
wm-spr-034,Sprat,Clupeiformes,Clupeidae,Sprattus_sprattus,Sussex,Spr_Sussex,Bracklesham,NA,08_2022,2022,Will_McFadyn,2.25,14.7,0.8,4.355555556,0.84,6,NA,NA,NA,-6.62,0.13,0,0.5,-22,NA,NA,/Users/trueman/Desktop/RNAscripts/OtoMet/Lauren_wrasse,NA,NA,NA,NA,NA,Shelf,10 - 150,pelagic,Modern
wm-spr15,Sprat,Clupeiformes,Clupeidae,Sprattus_sprattus,Sussex,Spr_Sussex,Bracklesham,NA,08_2022,2022,Will_McFadyn,2.25,14.7,0.8,4.355555556,1.21,6,NA,NA,NA,-6.08,0.39,0,0.5,-22,NA,NA,/Users/trueman/Desktop/RNAscripts/OtoMet/Lauren_wrasse,NA,NA,NA,NA,NA,Shelf,10 - 150,pelagic,Modern
wm-spr18,Sprat,Clupeiformes,Clupeidae,Sprattus_sprattus,Sussex,Spr_Sussex,Bracklesham,NA,08_2022,2022,Will_McFadyn,2.25,14.7,0.8,4.355555556,1.27,6,NA,NA,NA,-6.07,0.6,0,0.5,-22,NA,NA,/Users/trueman/Desktop/RNAscripts/OtoMet/Lauren_wrasse,NA,NA,NA,NA,NA,Shelf,10 - 150,pelagic,Modern
wm-spr10,Sprat,Clupeiformes,Clupeidae,Sprattus_sprattus,Sussex,Spr_Sussex,Bracklesham,NA,08_2022,2022,Will_McFadyn,2.25,14.7,0.8,4.355555556,1.28,6,NA,NA,NA,-6.61,0.01,0,0.5,-22,NA,NA,/Users/trueman/Desktop/RNAscripts/OtoMet/Lauren_wrasse,NA,NA,NA,NA,NA,Shelf,10 - 150,pelagic,Modern
wm-spr09,Sprat,Clupeiformes,Clupeidae,Sprattus_sprattus,Sussex,Spr_Sussex,Bracklesham,NA,08_2022,2022,Will_McFadyn,2.25,14.7,0.8,4.355555556,1.45,7,NA,NA,NA,-6.21,0.5,0,0.5,-22,NA,NA,/Users/trueman/Desktop/RNAscripts/OtoMet/Lauren_wrasse,NA,NA,NA,NA,NA,Shelf,10 - 150,pelagic,Modern
wm-spr-043,Sprat,Clupeiformes,Clupeidae,Sprattus_sprattus,Sussex,Spr_Sussex,Bracklesham,NA,08_2022,2022,Will_McFadyn,2.25,14.7,0.8,4.355555556,1.94,7,NA,NA,NA,-6.01,0.4,0,0.5,-22,NA,NA,/Users/trueman/Desktop/RNAscripts/OtoMet/Lauren_wrasse,NA,NA,NA,NA,NA,Shelf,10 - 150,pelagic,Modern
wm-spr-036,Sprat,Clupeiformes,Clupeidae,Sprattus_sprattus,Sussex,Spr_Sussex,Bracklesham,NA,08_2022,2022,Will_McFadyn,2.25,14.7,0.8,4.355555556,2.15,8,NA,NA,NA,-5.74,1,0,0.5,-22,NA,NA,/Users/trueman/Desktop/RNAscripts/OtoMet/Lauren_wrasse,NA,NA,NA,NA,NA,Shelf,10 - 150,pelagic,Modern
wm-spr19,Sprat,Clupeiformes,Clupeidae,Sprattus_sprattus,Sussex,Spr_Sussex,Bracklesham,NA,08_2022,2022,Will_McFadyn,2.25,14.7,0.8,4.355555556,2.19,7,NA,NA,NA,-6.4,0.02,0,0.5,-22,NA,NA,/Users/trueman/Desktop/RNAscripts/OtoMet/Lauren_wrasse,NA,NA,NA,NA,NA,Shelf,10 - 150,pelagic,Modern
wm-spr-038,Sprat,Clupeiformes,Clupeidae,Sprattus_sprattus,Sussex,Spr_Sussex,Bracklesham,NA,08_2022,2022,Will_McFadyn,2.25,14.7,0.8,4.355555556,2.25,8,NA,NA,NA,-5.48,0.67,0,0.5,-22,NA,NA,/Users/trueman/Desktop/RNAscripts/OtoMet/Lauren_wrasse,NA,NA,NA,NA,NA,Shelf,10 - 150,pelagic,Modern
wm-spr22,Sprat,Clupeiformes,Clupeidae,Sprattus_sprattus,Sussex,Spr_Sussex,Bracklesham,NA,08_2022,2022,Will_McFadyn,2.25,14.7,0.8,4.355555556,2.33,8,NA,NA,NA,-5.86,0.51,0,0.5,-22,NA,NA,/Users/trueman/Desktop/RNAscripts/OtoMet/Lauren_wrasse,NA,NA,NA,NA,NA,Shelf,10 - 150,pelagic,Modern
wm-spr-032,Sprat,Clupeiformes,Clupeidae,Sprattus_sprattus,Sussex,Spr_Sussex,Bracklesham,NA,08_2022,2022,Will_McFadyn,2.25,14.7,0.8,4.355555556,2.37,7,NA,NA,NA,-6.02,0.52,0,0.5,-22,NA,NA,/Users/trueman/Desktop/RNAscripts/OtoMet/Lauren_wrasse,NA,NA,NA,NA,NA,Shelf,10 - 150,pelagic,Modern
ms-spr-13,Sprat,Clupeiformes,Clupeidae,Sprattus_sprattus,Sussex,Spr_Sussex,Bracklesham,NA,08_2022,2022,Will_McFadyn,2.25,14.7,0.8,4.355555556,2.68,8,NA,NA,NA,-6.09,0.36,0,0.5,-22,NA,NA,/Users/trueman/Desktop/RNAscripts/OtoMet/Lauren_wrasse,NA,NA,NA,NA,NA,Shelf,10 - 150,pelagic,Modern
wm-spr08,Sprat,Clupeiformes,Clupeidae,Sprattus_sprattus,Sussex,Spr_Sussex,Bracklesham,NA,08_2022,2022,Will_McFadyn,2.25,14.7,0.8,4.355555556,2.73,8,NA,NA,NA,-5.73,0.29,0,0.5,-22,NA,NA,/Users/trueman/Desktop/RNAscripts/OtoMet/Lauren_wrasse,NA,NA,NA,NA,NA,Shelf,10 - 150,pelagic,Modern
wm-spr-039,Sprat,Clupeiformes,Clupeidae,Sprattus_sprattus,Sussex,Spr_Sussex,Bracklesham,NA,08_2022,2022,Will_McFadyn,2.25,14.7,0.8,4.355555556,2.75,8,NA,NA,NA,-5.65,0.34,0,0.5,-22,NA,NA,/Users/trueman/Desktop/RNAscripts/OtoMet/Lauren_wrasse,NA,NA,NA,NA,NA,Shelf,10 - 150,pelagic,Modern
wm-spr-044,Sprat,Clupeiformes,Clupeidae,Sprattus_sprattus,Sussex,Spr_Sussex,Bracklesham,NA,08_2022,2022,Will_McFadyn,2.25,14.7,0.8,4.355555556,2.75,8,NA,NA,NA,-6.18,0.3,0,0.5,-22,NA,NA,/Users/trueman/Desktop/RNAscripts/OtoMet/Lauren_wrasse,NA,NA,NA,NA,NA,Shelf,10 - 150,pelagic,Modern
wm-spr06,Sprat,Clupeiformes,Clupeidae,Sprattus_sprattus,Sussex,Spr_Sussex,Bracklesham,NA,08_2022,2022,Will_McFadyn,2.25,14.7,0.8,4.355555556,2.87,8,NA,NA,NA,-5.13,0.28,0,0.5,-22,NA,NA,/Users/trueman/Desktop/RNAscripts/OtoMet/Lauren_wrasse,NA,NA,NA,NA,NA,Shelf,10 - 150,pelagic,Modern
wm-spr12,Sprat,Clupeiformes,Clupeidae,Sprattus_sprattus,Sussex,Spr_Sussex,Bracklesham,NA,08_2022,2022,Will_McFadyn,2.25,14.7,0.8,4.355555556,2.94,8,NA,NA,NA,-5.02,0.23,0,0.5,-22,NA,NA,/Users/trueman/Desktop/RNAscripts/OtoMet/Lauren_wrasse,NA,NA,NA,NA,NA,Shelf,10 - 150,pelagic,Modern
wm-spr17,Sprat,Clupeiformes,Clupeidae,Sprattus_sprattus,Sussex,Spr_Sussex,Bracklesham,NA,08_2022,2022,Will_McFadyn,2.25,14.7,0.8,4.355555556,2.95,8,NA,NA,NA,-4.51,0.97,0,0.5,-22,NA,NA,/Users/trueman/Desktop/RNAscripts/OtoMet/Lauren_wrasse,NA,NA,NA,NA,NA,Shelf,10 - 150,pelagic,Modern
wm-spr20,Sprat,Clupeiformes,Clupeidae,Sprattus_sprattus,Sussex,Spr_Sussex,Bracklesham,NA,08_2022,2022,Will_McFadyn,2.25,14.7,0.8,4.355555556,3.02,8,NA,NA,NA,-5.51,1.15,0,0.5,-22,NA,NA,/Users/trueman/Desktop/RNAscripts/OtoMet/Lauren_wrasse,NA,NA,NA,NA,NA,Shelf,10 - 150,pelagic,Modern
wm-spr21,Sprat,Clupeiformes,Clupeidae,Sprattus_sprattus,Sussex,Spr_Sussex,Bracklesham,NA,08_2022,2022,Will_McFadyn,2.25,14.7,0.8,4.355555556,3.05,8,NA,NA,NA,-6.19,0.29,0,0.5,-22,NA,NA,/Users/trueman/Desktop/RNAscripts/OtoMet/Lauren_wrasse,NA,NA,NA,NA,NA,Shelf,10 - 150,pelagic,Modern
ms-spr-10,Sprat,Clupeiformes,Clupeidae,Sprattus_sprattus,Sussex,Spr_Sussex,Bracklesham,NA,08_2022,2022,Will_McFadyn,2.25,14.7,0.8,4.355555556,3.5,8,NA,NA,NA,-6.78,0.2,0,0.5,-22,NA,NA,/Users/trueman/Desktop/RNAscripts/OtoMet/Lauren_wrasse,NA,NA,NA,NA,NA,Shelf,10 - 150,pelagic,Modern
ms-spr-5,Sprat,Clupeiformes,Clupeidae,Sprattus_sprattus,Sussex,Spr_Sussex,Bracklesham,NA,08_2022,2022,Will_McFadyn,2.25,14.7,0.8,4.355555556,3.52,8,NA,NA,NA,-4.01,0.92,0,0.5,-22,NA,NA,/Users/trueman/Desktop/RNAscripts/OtoMet/Lauren_wrasse,NA,NA,NA,NA,NA,Shelf,10 - 150,pelagic,Modern
ms-spr-11,Sprat,Clupeiformes,Clupeidae,Sprattus_sprattus,Sussex,Spr_Sussex,Bracklesham,NA,08_2022,2022,Will_McFadyn,2.25,14.7,0.8,4.355555556,3.7,8.5,NA,NA,NA,-5.7,0.68,0,0.5,-22,NA,NA,/Users/trueman/Desktop/RNAscripts/OtoMet/Lauren_wrasse,NA,NA,NA,NA,NA,Shelf,10 - 150,pelagic,Modern
wm-spr02,Sprat,Clupeiformes,Clupeidae,Sprattus_sprattus,Sussex,Spr_Sussex,Bracklesham,NA,08_2022,2022,Will_McFadyn,2.25,14.7,0.8,4.355555556,4.01,9,NA,NA,NA,-4.65,0.57,0,0.5,-22,NA,NA,/Users/trueman/Desktop/RNAscripts/OtoMet/Lauren_wrasse,NA,NA,NA,NA,NA,Shelf,10 - 150,pelagic,Modern
wm-spr05,Sprat,Clupeiformes,Clupeidae,Sprattus_sprattus,Sussex,Spr_Sussex,Bracklesham,NA,08_2022,2022,Will_McFadyn,2.25,14.7,0.8,4.355555556,4.05,8,NA,NA,NA,-6.27,-0.18,0,0.5,-22,NA,NA,/Users/trueman/Desktop/RNAscripts/OtoMet/Lauren_wrasse,NA,NA,NA,NA,NA,Shelf,10 - 150,pelagic,Modern
ms-spr-9,Sprat,Clupeiformes,Clupeidae,Sprattus_sprattus,Sussex,Spr_Sussex,Bracklesham,NA,08_2022,2022,Will_McFadyn,2.25,14.7,0.8,4.355555556,4.2,9,NA,NA,NA,-4.61,0.91,0,0.5,-22,NA,NA,/Users/trueman/Desktop/RNAscripts/OtoMet/Lauren_wrasse,NA,NA,NA,NA,NA,Shelf,10 - 150,pelagic,Modern
ms-spr-6,Sprat,Clupeiformes,Clupeidae,Sprattus_sprattus,Sussex,Spr_Sussex,Bracklesham,NA,08_2022,2022,Will_McFadyn,2.25,14.7,0.8,4.355555556,4.29,9,NA,NA,NA,-5.12,0.6,0,0.5,-22,NA,NA,/Users/trueman/Desktop/RNAscripts/OtoMet/Lauren_wrasse,NA,NA,NA,NA,NA,Shelf,10 - 150,pelagic,Modern
ms-spr-14,Sprat,Clupeiformes,Clupeidae,Sprattus_sprattus,Sussex,Spr_Sussex,Bracklesham,NA,08_2022,2022,Will_McFadyn,2.25,14.7,0.8,4.355555556,4.4,9,NA,NA,NA,-4.3,0.79,0,0.5,-22,NA,NA,/Users/trueman/Desktop/RNAscripts/OtoMet/Lauren_wrasse,NA,NA,NA,NA,NA,Shelf,10 - 150,pelagic,Modern
wm-spr-046,Sprat,Clupeiformes,Clupeidae,Sprattus_sprattus,Sussex,Spr_Sussex,Bracklesham,NA,08_2022,2022,Will_McFadyn,2.25,14.7,0.8,4.355555556,4.46,9,NA,NA,NA,-3.81,0.92,0,0.5,-22,NA,NA,/Users/trueman/Desktop/RNAscripts/OtoMet/Lauren_wrasse,NA,NA,NA,NA,NA,Shelf,10 - 150,pelagic,Modern
wm-spr-047,Sprat,Clupeiformes,Clupeidae,Sprattus_sprattus,Sussex,Spr_Sussex,Bracklesham,NA,08_2022,2022,Will_McFadyn,2.25,14.7,0.8,4.355555556,4.74,9,NA,NA,NA,-4.55,1.14,0,0.5,-22,NA,NA,/Users/trueman/Desktop/RNAscripts/OtoMet/Lauren_wrasse,NA,NA,NA,NA,NA,Shelf,10 - 150,pelagic,Modern
wm-spr03,Sprat,Clupeiformes,Clupeidae,Sprattus_sprattus,Sussex,Spr_Sussex,Bracklesham,NA,08_2022,2022,Will_McFadyn,2.25,14.7,0.8,4.355555556,4.88,9,NA,NA,NA,-4.03,1.24,0,0.5,-22,NA,NA,/Users/trueman/Desktop/RNAscripts/OtoMet/Lauren_wrasse,NA,NA,NA,NA,NA,Shelf,10 - 150,pelagic,Modern
wm-spr24,Sprat,Clupeiformes,Clupeidae,Sprattus_sprattus,Sussex,Spr_Sussex,Bracklesham,NA,08_2022,2022,Will_McFadyn,2.25,14.7,0.8,4.355555556,5.18,9,NA,NA,NA,-4.23,1.1,0,0.5,-22,NA,NA,/Users/trueman/Desktop/RNAscripts/OtoMet/Lauren_wrasse,NA,NA,NA,NA,NA,Shelf,10 - 150,pelagic,Modern
ms-spr-1,Sprat,Clupeiformes,Clupeidae,Sprattus_sprattus,Sussex,Spr_Sussex,Bracklesham,NA,08_2022,2022,Will_McFadyn,2.25,14.7,0.8,4.355555556,5.81,10,NA,NA,NA,-4.51,0.44,0,0.5,-22,NA,NA,/Users/trueman/Desktop/RNAscripts/OtoMet/Lauren_wrasse,NA,NA,NA,NA,NA,Shelf,10 - 150,pelagic,Modern
wm-spr13,Sprat,Clupeiformes,Clupeidae,Sprattus_sprattus,Sussex,Spr_Sussex,Bracklesham,NA,08_2022,2022,Will_McFadyn,2.25,14.7,0.8,4.355555556,6.15,10,NA,NA,NA,-5.73,0.35,0,0.5,-22,NA,NA,/Users/trueman/Desktop/RNAscripts/OtoMet/Lauren_wrasse,NA,NA,NA,NA,NA,Shelf,10 - 150,pelagic,Modern
ms-spr-4,Sprat,Clupeiformes,Clupeidae,Sprattus_sprattus,Sussex,Spr_Sussex,Bracklesham,NA,08_2022,2022,Will_McFadyn,2.25,14.7,0.8,4.355555556,6.32,10,NA,NA,NA,-4.51,0.94,0,0.5,-22,NA,NA,/Users/trueman/Desktop/RNAscripts/OtoMet/Lauren_wrasse,NA,NA,NA,NA,NA,Shelf,10 - 150,pelagic,Modern
wm-spr-025,Sprat,Clupeiformes,Clupeidae,Sprattus_sprattus,Sussex,Spr_Sussex,Bracklesham,NA,08_2022,2022,Will_McFadyn,2.25,14.7,0.8,4.355555556,6.51,10,NA,NA,NA,-5.23,0.72,0,0.5,-22,NA,NA,/Users/trueman/Desktop/RNAscripts/OtoMet/Lauren_wrasse,NA,NA,NA,NA,NA,Shelf,10 - 150,pelagic,Modern
wm-spr01,Sprat,Clupeiformes,Clupeidae,Sprattus_sprattus,Sussex,Spr_Sussex,Bracklesham,NA,08_2022,2022,Will_McFadyn,2.25,14.7,0.8,4.355555556,9.18,11,NA,NA,NA,-5.47,0.36,0,0.5,-22,NA,NA,/Users/trueman/Desktop/RNAscripts/OtoMet/Lauren_wrasse,NA,NA,NA,NA,NA,Shelf,10 - 150,pelagic,Modern
ms-spr-7,Sprat,Clupeiformes,Clupeidae,Sprattus_sprattus,Sussex,Spr_Sussex,Bracklesham,NA,08_2022,2022,Will_McFadyn,2.25,14.7,0.8,4.355555556,9.66,11,NA,NA,NA,-4.36,1.18,0,0.5,-22,NA,NA,/Users/trueman/Desktop/RNAscripts/OtoMet/Lauren_wrasse,NA,NA,NA,NA,NA,Shelf,10 - 150,pelagic,Modern
RIBS_002,Baillon's,Labriformes,Labridae,Symphodus_bailloni,Dorset,S_ba_Dorset,Ringstead,NA,NA,2021,Lauren_Henley,2.11,24.4,0.2,7.22962963,24.57293787,11.5,NA,NA,NA,-8.08,0.08,0,-1,-19.1,NA,NA,/Users/trueman/Desktop/RNAscripts/OtoMet/Lauren_wrasse,NA,NA,NA,NA,NA,Shelf,Jan-50,demersal,Modern
RIBS_008,Baillon's,Labriformes,Labridae,Symphodus_bailloni,Dorset,S_ba_Dorset,Ringstead,NA,NA,2021,Lauren_Henley,2.11,24.4,0.2,7.22962963,27.93968578,12,NA,NA,NA,-7.22,-0.3,0,-1,-18.4,NA,NA,/Users/trueman/Desktop/RNAscripts/OtoMet/Lauren_wrasse,NA,NA,NA,NA,NA,Shelf,Jan-50,demersal,Modern
RIBS_003,Baillon's,Labriformes,Labridae,Symphodus_bailloni,Dorset,S_ba_Dorset,Ringstead,NA,NA,2021,Lauren_Henley,2.11,24.4,0.2,7.22962963,35.57122258,13,NA,NA,NA,-7.89,0.06,0,-1,-19.4,NA,NA,/Users/trueman/Desktop/RNAscripts/OtoMet/Lauren_wrasse,NA,NA,NA,NA,NA,Shelf,Jan-50,demersal,Modern
RIBS_007,Baillon's,Labriformes,Labridae,Symphodus_bailloni,Dorset,S_ba_Dorset,Ringstead,NA,NA,2021,Lauren_Henley,2.11,24.4,0.2,7.22962963,35.57122258,13,NA,NA,NA,-8.34,-0.05,0,-1,-19.5,NA,NA,/Users/trueman/Desktop/RNAscripts/OtoMet/Lauren_wrasse,NA,NA,NA,NA,NA,Shelf,Jan-50,demersal,Modern
RIBS_009,Baillon's,Labriformes,Labridae,Symphodus_bailloni,Dorset,S_ba_Dorset,Ringstead,NA,NA,2021,Lauren_Henley,2.11,24.4,0.2,7.22962963,35.57122258,13,NA,NA,NA,-7.37,0.11,0,-1,-18.2,NA,NA,/Users/trueman/Desktop/RNAscripts/OtoMet/Lauren_wrasse,NA,NA,NA,NA,NA,Shelf,Jan-50,demersal,Modern
RIBS_011,Baillon's,Labriformes,Labridae,Symphodus_bailloni,Dorset,S_ba_Dorset,Ringstead,NA,NA,2021,Lauren_Henley,2.11,24.4,0.2,7.22962963,35.57122258,13,NA,NA,NA,-8.480472672,-0.141647729,0,-1,-18.8,NA,NA,/Users/trueman/Desktop/RNAscripts/OtoMet/Lauren_wrasse,NA,NA,NA,NA,NA,Shelf,Jan-50,demersal,Modern
RIBS_013,Baillon's,Labriformes,Labridae,Symphodus_bailloni,Dorset,S_ba_Dorset,Ringstead,NA,NA,2021,Lauren_Henley,2.11,24.4,0.2,7.22962963,35.57122258,13,NA,NA,NA,-7.23,0.4,0,-1,-19.6,NA,NA,/Users/trueman/Desktop/RNAscripts/OtoMet/Lauren_wrasse,NA,NA,NA,NA,NA,Shelf,Jan-50,demersal,Modern
RIBS_001,Baillon's,Labriformes,Labridae,Symphodus_bailloni,Dorset,S_ba_Dorset,Ringstead,NA,NA,2021,Lauren_Henley,2.11,24.4,0.2,7.22962963,39.86104479,13.5,NA,NA,NA,-7.59,0.01,0,-1,-19.1,NA,NA,/Users/trueman/Desktop/RNAscripts/OtoMet/Lauren_wrasse,NA,NA,NA,NA,NA,Shelf,Jan-50,demersal,Modern
RIBS_004,Baillon's,Labriformes,Labridae,Symphodus_bailloni,Dorset,S_ba_Dorset,Ringstead,NA,NA,2021,Lauren_Henley,2.11,24.4,0.2,7.22962963,44.48360563,14,NA,NA,NA,-7.37,0.27,0,-1,-19.8,NA,NA,/Users/trueman/Desktop/RNAscripts/OtoMet/Lauren_wrasse,NA,NA,NA,NA,NA,Shelf,Jan-50,demersal,Modern
RIBS_005,Baillon's,Labriformes,Labridae,Symphodus_bailloni,Dorset,S_ba_Dorset,Ringstead,NA,NA,2021,Lauren_Henley,2.11,24.4,0.2,7.22962963,44.48360563,14,NA,NA,NA,-7.57,-0.23,0,-1,-17.4,NA,NA,/Users/trueman/Desktop/RNAscripts/OtoMet/Lauren_wrasse,NA,NA,NA,NA,NA,Shelf,Jan-50,demersal,Modern
RIBS_006,Baillon's,Labriformes,Labridae,Symphodus_bailloni,Dorset,S_ba_Dorset,Ringstead,NA,NA,2021,Lauren_Henley,2.11,24.4,0.2,7.22962963,44.48360563,14,NA,NA,NA,-7.2,0.36,0,-1,-19.8,NA,NA,/Users/trueman/Desktop/RNAscripts/OtoMet/Lauren_wrasse,NA,NA,NA,NA,NA,Shelf,Jan-50,demersal,Modern
RIBS_012,Baillon's,Labriformes,Labridae,Symphodus_bailloni,Dorset,S_ba_Dorset,Ringstead,NA,NA,2021,Lauren_Henley,2.11,24.4,0.2,7.22962963,73.02654565,16.5,NA,NA,NA,-6.41,0.49,0,-1,-19.9,NA,NA,/Users/trueman/Desktop/RNAscripts/OtoMet/Lauren_wrasse,NA,NA,NA,NA,NA,Shelf,Jan-50,demersal,Modern
RIBS_010,Baillon's,Labriformes,Labridae,Symphodus_bailloni,Dorset,S_ba_Dorset,Ringstead,NA,NA,2021,Lauren_Henley,2.11,24.4,0.2,7.22962963,111.77156,19,NA,NA,NA,-5.41,0.82,0,-1,-19.7,NA,NA,/Users/trueman/Desktop/RNAscripts/OtoMet/Lauren_wrasse,NA,NA,NA,NA,NA,Shelf,Jan-50,demersal,Modern
SCCW_001,Corkwing,Labriformes,Labridae,Symphodus_melops,Dorset,SM_Dorset,ChesilNAcoveNANTZ,NA,NA,2021,Lauren_Henley,2.11,24.4,0.2,7.22962963,89.07,17,NA,NA,NA,-5.31,0.73,0,-1,-18.06,NA,NA,/Users/trueman/Desktop/RNAscripts/OtoMet/Lauren_wrasse,NA,NA,NA,NA,NA,Shelf,Jan-30,demersal,Modern
SECW_001,Corkwing,Labriformes,Labridae,Symphodus_melops,Dorset,SM_Dorset,EastNAPortlandNANTZ,NA,NA,2021,Lauren_Henley,2.11,24.4,0.2,7.22962963,73.5,16,NA,NA,NA,-5.4,1,0,-1,-18.42,NA,NA,/Users/trueman/Desktop/RNAscripts/OtoMet/Lauren_wrasse,NA,NA,NA,NA,NA,Shelf,Jan-30,demersal,Modern
SPCW_001,Corkwing,Labriformes,Labridae,Symphodus_melops,Dorset,SM_Dorset,PortlandNABill,NA,NA,2021,Lauren_Henley,2.11,24.4,0.2,7.22962963,126.73,19,NA,NA,NA,-4.82,1.09,0,-1,-19.19,NA,NA,/Users/trueman/Desktop/RNAscripts/OtoMet/Lauren_wrasse,NA,NA,NA,NA,NA,Shelf,Jan-30,demersal,Modern
SPCW_004,Corkwing,Labriformes,Labridae,Symphodus_melops,Dorset,SM_Dorset,PortlandNABill,NA,NA,2021,Lauren_Henley,2.11,24.4,0.2,7.22962963,126.73,19,NA,NA,NA,-5.344290515,0.956536426,0,-1,-19.3,NA,NA,/Users/trueman/Desktop/RNAscripts/OtoMet/Lauren_wrasse,NA,NA,NA,NA,NA,Shelf,Jan-30,demersal,Modern
SPCW_002,Corkwing,Labriformes,Labridae,Symphodus_melops,Dorset,SM_Dorset,PortlandNABill,NA,NA,2021,Lauren_Henley,2.11,24.4,0.2,7.22962963,201.7,22,NA,NA,NA,-4.58,0.97,0,-1,-19.32,NA,NA,/Users/trueman/Desktop/RNAscripts/OtoMet/Lauren_wrasse,NA,NA,NA,NA,NA,Shelf,Jan-30,demersal,Modern
RICW_021,Corkwing,Labriformes,Labridae,Symphodus_melops,Dorset,SM_Dorset,Ringstead,NA,NA,2021,Lauren_Henley,2.11,24.4,0.2,7.22962963,11.86,9,NA,NA,NA,-7.69,0.3,0,-1,-19.78,NA,NA,/Users/trueman/Desktop/RNAscripts/OtoMet/Lauren_wrasse,NA,NA,NA,NA,NA,Shelf,Jan-30,demersal,Modern
RICW_041,Corkwing,Labriformes,Labridae,Symphodus_melops,Dorset,SM_Dorset,Ringstead,NA,NA,2021,Lauren_Henley,2.11,24.4,0.2,7.22962963,11.86,9,NA,NA,NA,-7.78,0.38,0,-1,-19.77,NA,NA,/Users/trueman/Desktop/RNAscripts/OtoMet/Lauren_wrasse,NA,NA,NA,NA,NA,Shelf,Jan-30,demersal,Modern
RICW_002,Corkwing,Labriformes,Labridae,Symphodus_melops,Dorset,SM_Dorset,Ringstead,NA,NA,2021,Lauren_Henley,2.11,24.4,0.2,7.22962963,16.57,10,NA,NA,NA,-7.35,0.28,0,-1,-18.92,NA,NA,/Users/trueman/Desktop/RNAscripts/OtoMet/Lauren_wrasse,NA,NA,NA,NA,NA,Shelf,Jan-30,demersal,Modern
RICW_007,Corkwing,Labriformes,Labridae,Symphodus_melops,Dorset,SM_Dorset,Ringstead,NA,NA,2021,Lauren_Henley,2.11,24.4,0.2,7.22962963,16.57,10,NA,NA,NA,-7.952259226,-0.232862568,0,-1,-19.17,NA,NA,/Users/trueman/Desktop/RNAscripts/OtoMet/Lauren_wrasse,NA,NA,NA,NA,NA,Shelf,Jan-30,demersal,Modern
RICW_009,Corkwing,Labriformes,Labridae,Symphodus_melops,Dorset,SM_Dorset,Ringstead,NA,NA,2021,Lauren_Henley,2.11,24.4,0.2,7.22962963,16.57,10,NA,NA,NA,-8.01,0.22,0,-1,-20.28,NA,NA,/Users/trueman/Desktop/RNAscripts/OtoMet/Lauren_wrasse,NA,NA,NA,NA,NA,Shelf,Jan-30,demersal,Modern
RICW_017,Corkwing,Labriformes,Labridae,Symphodus_melops,Dorset,SM_Dorset,Ringstead,NA,NA,2021,Lauren_Henley,2.11,24.4,0.2,7.22962963,16.57,10,NA,NA,NA,-6.339831439,0.884651421,0,-1,-20.5,NA,NA,/Users/trueman/Desktop/RNAscripts/OtoMet/Lauren_wrasse,NA,NA,NA,NA,NA,Shelf,Jan-30,demersal,Modern
RICW_001,Corkwing,Labriformes,Labridae,Symphodus_melops,Dorset,SM_Dorset,Ringstead,NA,NA,2021,Lauren_Henley,2.11,24.4,0.2,7.22962963,19.34,10.5,NA,NA,NA,-7.16,0.38,0,-1,-19.34,NA,NA,/Users/trueman/Desktop/RNAscripts/OtoMet/Lauren_wrasse,NA,NA,NA,NA,NA,Shelf,Jan-30,demersal,Modern
RICW_004,Corkwing,Labriformes,Labridae,Symphodus_melops,Dorset,SM_Dorset,Ringstead,NA,NA,2021,Lauren_Henley,2.11,24.4,0.2,7.22962963,19.34,10.5,NA,NA,NA,-7.07,0.54,0,-1,-19.48,NA,NA,/Users/trueman/Desktop/RNAscripts/OtoMet/Lauren_wrasse,NA,NA,NA,NA,NA,Shelf,Jan-30,demersal,Modern
RICW_006,Corkwing,Labriformes,Labridae,Symphodus_melops,Dorset,SM_Dorset,Ringstead,NA,NA,2021,Lauren_Henley,2.11,24.4,0.2,7.22962963,19.34,10.5,NA,NA,NA,-7.388853826,0.349255748,0,-1,-19.37,NA,NA,/Users/trueman/Desktop/RNAscripts/OtoMet/Lauren_wrasse,NA,NA,NA,NA,NA,Shelf,Jan-30,demersal,Modern
RICW_008,Corkwing,Labriformes,Labridae,Symphodus_melops,Dorset,SM_Dorset,Ringstead,NA,NA,2021,Lauren_Henley,2.11,24.4,0.2,7.22962963,22.41,11,NA,NA,NA,-6.53,0.68,0,-1,-19.11,NA,NA,/Users/trueman/Desktop/RNAscripts/OtoMet/Lauren_wrasse,NA,NA,NA,NA,NA,Shelf,Jan-30,demersal,Modern
RICW_023,Corkwing,Labriformes,Labridae,Symphodus_melops,Dorset,SM_Dorset,Ringstead,NA,NA,2021,Lauren_Henley,2.11,24.4,0.2,7.22962963,22.41,11,NA,NA,NA,-7.81,0.18,0,-1,-19.22,NA,NA,/Users/trueman/Desktop/RNAscripts/OtoMet/Lauren_wrasse,NA,NA,NA,NA,NA,Shelf,Jan-30,demersal,Modern
RICW_026,Corkwing,Labriformes,Labridae,Symphodus_melops,Dorset,SM_Dorset,Ringstead,NA,NA,2021,Lauren_Henley,2.11,24.4,0.2,7.22962963,22.41,11,NA,NA,NA,-5.450268478,1.029758659,0,-1,-19.96,NA,NA,/Users/trueman/Desktop/RNAscripts/OtoMet/Lauren_wrasse,NA,NA,NA,NA,NA,Shelf,Jan-30,demersal,Modern
RICW_010,Corkwing,Labriformes,Labridae,Symphodus_melops,Dorset,SM_Dorset,Ringstead,NA,NA,2021,Lauren_Henley,2.11,24.4,0.2,7.22962963,29.53,12,NA,NA,NA,-7.75,0.37,0,-1,-19.81,NA,NA,/Users/trueman/Desktop/RNAscripts/OtoMet/Lauren_wrasse,NA,NA,NA,NA,NA,Shelf,Jan-30,demersal,Modern
RICW_013,Corkwing,Labriformes,Labridae,Symphodus_melops,Dorset,SM_Dorset,Ringstead,NA,NA,2021,Lauren_Henley,2.11,24.4,0.2,7.22962963,29.53,12,NA,NA,NA,-6.404971699,0.952535084,0,-1,-20.08,NA,NA,/Users/trueman/Desktop/RNAscripts/OtoMet/Lauren_wrasse,NA,NA,NA,NA,NA,Shelf,Jan-30,demersal,Modern
RICW_020,Corkwing,Labriformes,Labridae,Symphodus_melops,Dorset,SM_Dorset,Ringstead,NA,NA,2021,Lauren_Henley,2.11,24.4,0.2,7.22962963,29.53,12,NA,NA,NA,-6.4,0.97,0,-1,-19.59,NA,NA,/Users/trueman/Desktop/RNAscripts/OtoMet/Lauren_wrasse,NA,NA,NA,NA,NA,Shelf,Jan-30,demersal,Modern
RICW_027,Corkwing,Labriformes,Labridae,Symphodus_melops,Dorset,SM_Dorset,Ringstead,NA,NA,2021,Lauren_Henley,2.11,24.4,0.2,7.22962963,29.53,12,NA,NA,NA,-7.161197916,0.846623317,0,-1,-21.21,NA,NA,/Users/trueman/Desktop/RNAscripts/OtoMet/Lauren_wrasse,NA,NA,NA,NA,NA,Shelf,Jan-30,demersal,Modern
RICW_028,Corkwing,Labriformes,Labridae,Symphodus_melops,Dorset,SM_Dorset,Ringstead,NA,NA,2021,Lauren_Henley,2.11,24.4,0.2,7.22962963,33.61,12.5,NA,NA,NA,-7.17,0.76,0,-1,-20.02,NA,NA,/Users/trueman/Desktop/RNAscripts/OtoMet/Lauren_wrasse,NA,NA,NA,NA,NA,Shelf,Jan-30,demersal,Modern
RICW_022,Corkwing,Labriformes,Labridae,Symphodus_melops,Dorset,SM_Dorset,Ringstead,NA,NA,2021,Lauren_Henley,2.11,24.4,0.2,7.22962963,38.06,13,NA,NA,NA,-5.1,1.35,0,-1,-19.6,NA,NA,/Users/trueman/Desktop/RNAscripts/OtoMet/Lauren_wrasse,NA,NA,NA,NA,NA,Shelf,Jan-30,demersal,Modern
RICW_029,Corkwing,Labriformes,Labridae,Symphodus_melops,Dorset,SM_Dorset,Ringstead,NA,NA,2021,Lauren_Henley,2.11,24.4,0.2,7.22962963,38.06,13,NA,NA,NA,-5.75,1.29,0,-1,-20.42,NA,NA,/Users/trueman/Desktop/RNAscripts/OtoMet/Lauren_wrasse,NA,NA,NA,NA,NA,Shelf,Jan-30,demersal,Modern
RICW_005,Corkwing,Labriformes,Labridae,Symphodus_melops,Dorset,SM_Dorset,Ringstead,NA,NA,2021,Lauren_Henley,2.11,24.4,0.2,7.22962963,42.89,13.5,NA,NA,NA,-6.9,0.43,0,-1,-20.72,NA,NA,/Users/trueman/Desktop/RNAscripts/OtoMet/Lauren_wrasse,NA,NA,NA,NA,NA,Shelf,Jan-30,demersal,Modern
RICW_011,Corkwing,Labriformes,Labridae,Symphodus_melops,Dorset,SM_Dorset,Ringstead,NA,NA,2021,Lauren_Henley,2.11,24.4,0.2,7.22962963,42.89,13.5,NA,NA,NA,-5.28,1.03,0,-1,-20.14,NA,NA,/Users/trueman/Desktop/RNAscripts/OtoMet/Lauren_wrasse,NA,NA,NA,NA,NA,Shelf,Jan-30,demersal,Modern
RICW_019,Corkwing,Labriformes,Labridae,Symphodus_melops,Dorset,SM_Dorset,Ringstead,NA,NA,2021,Lauren_Henley,2.11,24.4,0.2,7.22962963,42.89,13.5,NA,NA,NA,-7.85272611,0.57840958,0,-1,-20.09,NA,NA,/Users/trueman/Desktop/RNAscripts/OtoMet/Lauren_wrasse,NA,NA,NA,NA,NA,Shelf,Jan-30,demersal,Modern
RICW_003,Corkwing,Labriformes,Labridae,Symphodus_melops,Dorset,SM_Dorset,Ringstead,NA,NA,2021,Lauren_Henley,2.11,24.4,0.2,7.22962963,48.13,14,NA,NA,NA,-5.75,0.94,0,-1,-20.75,NA,NA,/Users/trueman/Desktop/RNAscripts/OtoMet/Lauren_wrasse,NA,NA,NA,NA,NA,Shelf,Jan-30,demersal,Modern
RICW_014,Corkwing,Labriformes,Labridae,Symphodus_melops,Dorset,SM_Dorset,Ringstead,NA,NA,2021,Lauren_Henley,2.11,24.4,0.2,7.22962963,48.13,14,NA,NA,NA,-5.47,1.11,0,-1,-19.8,NA,NA,/Users/trueman/Desktop/RNAscripts/OtoMet/Lauren_wrasse,NA,NA,NA,NA,NA,Shelf,Jan-30,demersal,Modern
RICW_012,Corkwing,Labriformes,Labridae,Symphodus_melops,Dorset,SM_Dorset,Ringstead,NA,NA,2021,Lauren_Henley,2.11,24.4,0.2,7.22962963,59.9,15,NA,NA,NA,-5.41,1.13,0,-1,-20.33,NA,NA,/Users/trueman/Desktop/RNAscripts/OtoMet/Lauren_wrasse,NA,NA,NA,NA,NA,Shelf,Jan-30,demersal,Modern
RICW_016,Corkwing,Labriformes,Labridae,Symphodus_melops,Dorset,SM_Dorset,Ringstead,NA,NA,2021,Lauren_Henley,2.11,24.4,0.2,7.22962963,59.9,15,NA,NA,NA,-6.79,0.81,0,-1,-20.93,NA,NA,/Users/trueman/Desktop/RNAscripts/OtoMet/Lauren_wrasse,NA,NA,NA,NA,NA,Shelf,Jan-30,demersal,Modern
RICW_018,Corkwing,Labriformes,Labridae,Symphodus_melops,Dorset,SM_Dorset,Ringstead,NA,NA,2021,Lauren_Henley,2.11,24.4,0.2,7.22962963,59.9,15,NA,NA,NA,-5.98,1.32,0,-1,-20.34,NA,NA,/Users/trueman/Desktop/RNAscripts/OtoMet/Lauren_wrasse,NA,NA,NA,NA,NA,Shelf,Jan-30,demersal,Modern
TTR_1341,Horse_mackerel,Caragiformes,Carangidae,Trachurus_trachurus,E_channel,TTR,NA,NA,NA,1969,Cefas-SA,2.61,40.4,0.2,11.97037037,211,NA,NA,NA,NA,-2.78,1.88,0.179251946,1.862550886,-18.62070008,NA,NA,/Users/trueman/Desktop/RNAscripts/OtoMet/Coldfish_data/ColdfishNAotolithNAFMRNAexploration.Rmd,NA,NA,NA,NA,NA,Shelf,100 - 200,pelagic,Modern
TTR_1339,Horse_mackerel,Caragiformes,Carangidae,Trachurus_trachurus,E_channel,TTR,NA,NA,NA,1969,Cefas-SA,2.61,40.4,0.2,11.97037037,224,NA,NA,NA,NA,-2.77,1.58,0.179251946,1.862550886,-18.62070008,NA,NA,/Users/trueman/Desktop/RNAscripts/OtoMet/Coldfish_data/ColdfishNAotolithNAFMRNAexploration.Rmd,NA,NA,NA,NA,NA,Shelf,100 - 200,pelagic,Modern
TTR_1337,Horse_mackerel,Caragiformes,Carangidae,Trachurus_trachurus,E_channel,TTR,NA,NA,NA,1969,Cefas-SA,2.61,40.4,0.2,11.97037037,237,NA,NA,NA,NA,-3.19,1.77,0.179251946,1.862550886,-18.62070008,NA,NA,/Users/trueman/Desktop/RNAscripts/OtoMet/Coldfish_data/ColdfishNAotolithNAFMRNAexploration.Rmd,NA,NA,NA,NA,NA,Shelf,100 - 200,pelagic,Modern
TTR_1340,Horse_mackerel,Caragiformes,Carangidae,Trachurus_trachurus,E_channel,TTR,NA,NA,NA,1969,Cefas-SA,2.61,40.4,0.2,11.97037037,245,NA,NA,NA,NA,-2.63,1.75,0.179251946,1.862550886,-18.62070008,NA,NA,/Users/trueman/Desktop/RNAscripts/OtoMet/Coldfish_data/ColdfishNAotolithNAFMRNAexploration.Rmd,NA,NA,NA,NA,NA,Shelf,100 - 200,pelagic,Modern
TTR_1338,Horse_mackerel,Caragiformes,Carangidae,Trachurus_trachurus,E_channel,TTR,NA,NA,NA,1969,Cefas-SA,2.61,40.4,0.2,11.97037037,278,NA,NA,NA,NA,-3.33,1.92,0.179251946,1.862550886,-18.62070008,NA,NA,/Users/trueman/Desktop/RNAscripts/OtoMet/Coldfish_data/ColdfishNAotolithNAFMRNAexploration.Rmd,NA,NA,NA,NA,NA,Shelf,100 - 200,pelagic,Modern
r42,Atlantic_Cod,Gadiformes,Gadidae,Gadus_morhua,Skagerrak_adult,GM_NS_LINE,Line,NA,2017,2017,Hollins,3.12,110,0.1,32.59259259,511,37,NA,NA,NA,-2.023302355,2.03608276,-0.5,0.4,-19.10305511,NA,NA,NA,63,15,99,1440,120.52,Shelf,150-200,demersal,Modern
r28,Atlantic_Cod,Gadiformes,Gadidae,Gadus_morhua,Skagerrak_adult,GM_NS_LINE,Line,NA,2017,2017,Hollins,3.12,110,0.1,32.59259259,579,37.6,NA,NA,NA,-2.976408183,0.283066334,-0.5,0.4,-19.92201493,NA,NA,NA,63,15,99,1440,120.52,Shelf,150-200,demersal,Modern
r44,Atlantic_Cod,Gadiformes,Gadidae,Gadus_morhua,Skagerrak_adult,GM_NS_LINE,Line,NA,2017,2017,Hollins,3.12,110,0.1,32.59259259,579,38.7,NA,NA,NA,-2.564004589,0.874149393,-0.5,0.4,-18.84876863,NA,NA,NA,63,15,99,1440,120.52,Shelf,150-200,demersal,Modern
r35,Atlantic_Cod,Gadiformes,Gadidae,Gadus_morhua,Skagerrak_adult,GM_NS_LINE,Line,NA,2017,2017,Hollins,3.12,110,0.1,32.59259259,593,39.4,NA,NA,NA,-2.535706154,1.19547172,-0.5,0.4,-18.68362337,NA,NA,NA,63,15,99,1440,120.52,Shelf,150-200,demersal,Modern
r46,Atlantic_Cod,Gadiformes,Gadidae,Gadus_morhua,Skagerrak_adult,GM_NS_LINE,Line,NA,2017,2017,Hollins,3.12,110,0.1,32.59259259,595,40,NA,NA,NA,-3.600940087,0.477221813,-0.5,0.4,-18.92691615,NA,NA,NA,63,15,99,1440,120.52,Shelf,150-200,demersal,Modern
r34,Atlantic_Cod,Gadiformes,Gadidae,Gadus_morhua,Skagerrak_adult,GM_NS_LINE,Line,NA,2017,2017,Hollins,3.12,110,0.1,32.59259259,623,41,NA,NA,NA,-2.114874161,1.758096594,-0.5,0.4,-18.93343482,NA,NA,NA,63,15,99,1440,120.52,Shelf,150-200,demersal,Modern
r31,Atlantic_Cod,Gadiformes,Gadidae,Gadus_morhua,Skagerrak_adult,GM_NS_LINE,Line,NA,2017,2017,Hollins,3.12,110,0.1,32.59259259,625,41.4,NA,NA,NA,-2.074845933,1.054209273,-0.5,0.4,-18.76757587,NA,NA,NA,63,15,99,1440,120.52,Shelf,150-200,demersal,Modern
r29,Atlantic_Cod,Gadiformes,Gadidae,Gadus_morhua,Skagerrak_adult,GM_NS_LINE,Line,NA,2017,2017,Hollins,3.12,110,0.1,32.59259259,636,38.8,NA,NA,NA,-2.682251619,0.920905273,-0.5,0.4,-19.37858719,NA,NA,NA,63,15,99,1440,120.52,Shelf,150-200,demersal,Modern
r23,Atlantic_Cod,Gadiformes,Gadidae,Gadus_morhua,Skagerrak_adult,GM_NS_LINE,Line,NA,2017,2017,Hollins,3.12,110,0.1,32.59259259,667,41.6,NA,NA,NA,-3.140079865,0.502091962,-0.5,0.4,-18.9191434,NA,NA,NA,63,15,99,1440,120.52,Shelf,150-200,demersal,Modern
r20,Atlantic_Cod,Gadiformes,Gadidae,Gadus_morhua,Skagerrak_adult,GM_NS_LINE,Line,NA,2017,2017,Hollins,3.12,110,0.1,32.59259259,668,41.6,NA,NA,NA,-2.57476062,0.910990863,-0.5,0.4,-18.5007363,NA,NA,NA,63,15,99,1440,120.52,Shelf,150-200,demersal,Modern
r19,Atlantic_Cod,Gadiformes,Gadidae,Gadus_morhua,Skagerrak_adult,GM_NS_LINE,Line,NA,2017,2017,Hollins,3.12,110,0.1,32.59259259,681,42.5,NA,NA,NA,-3.136037232,0.632411544,-0.5,0.4,-19.09695868,NA,NA,NA,63,15,99,1440,120.52,Shelf,150-200,demersal,Modern
r27,Atlantic_Cod,Gadiformes,Gadidae,Gadus_morhua,Skagerrak_adult,GM_NS_LINE,Line,NA,2017,2017,Hollins,3.12,110,0.1,32.59259259,687,41.6,NA,NA,NA,-2.808583917,0.842315602,-0.5,0.4,-18.89021255,NA,NA,NA,63,15,99,1440,120.52,Shelf,150-200,demersal,Modern
r37,Atlantic_Cod,Gadiformes,Gadidae,Gadus_morhua,Skagerrak_adult,GM_NS_LINE,Line,NA,2017,2017,Hollins,3.12,110,0.1,32.59259259,687,41.2,NA,NA,NA,-3.379059865,0.358101341,-0.5,0.4,-19.50069866,NA,NA,NA,63,15,99,1440,120.52,Shelf,150-200,demersal,Modern
r12,Atlantic_Cod,Gadiformes,Gadidae,Gadus_morhua,Skagerrak_adult,GM_NS_LINE,Line,NA,2017,2017,Hollins,3.12,110,0.1,32.59259259,709,42.9,NA,NA,NA,-3.261358871,0.590629693,-0.5,0.4,-18.9197873,NA,NA,NA,63,15,99,1440,120.52,Shelf,150-200,demersal,Modern
r43,Atlantic_Cod,Gadiformes,Gadidae,Gadus_morhua,Skagerrak_adult,GM_NS_LINE,Line,NA,2017,2017,Hollins,3.12,110,0.1,32.59259259,710,40,NA,NA,NA,-3.351948654,0.475590364,-0.5,0.4,-19.00906206,NA,NA,NA,63,15,99,1440,120.52,Shelf,150-200,demersal,Modern
r45,Atlantic_Cod,Gadiformes,Gadidae,Gadus_morhua,Skagerrak_adult,GM_NS_LINE,Line,NA,2017,2017,Hollins,3.12,110,0.1,32.59259259,747,41.9,NA,NA,NA,-2.824754451,0.644349215,-0.5,0.4,-18.78541977,NA,NA,NA,63,15,99,1440,120.52,Shelf,150-200,demersal,Modern
r36,Atlantic_Cod,Gadiformes,Gadidae,Gadus_morhua,Skagerrak_adult,GM_NS_LINE,Line,NA,2017,2017,Hollins,3.12,110,0.1,32.59259259,752,43.1,NA,NA,NA,-2.678184868,1.170651477,-0.5,0.4,-19.5935037,NA,NA,NA,63,15,99,1440,120.52,Shelf,150-200,demersal,Modern
r11,Atlantic_Cod,Gadiformes,Gadidae,Gadus_morhua,Skagerrak_adult,GM_NS_LINE,Line,NA,2017,2017,Hollins,3.12,110,0.1,32.59259259,756.5,40.6,NA,NA,NA,-2.737427883,0.715504925,-0.5,0.4,-19.09806718,NA,NA,NA,63,15,99,1440,120.52,Shelf,150-200,demersal,Modern
r21,Atlantic_Cod,Gadiformes,Gadidae,Gadus_morhua,Skagerrak_adult,GM_NS_LINE,Line,NA,2017,2017,Hollins,3.12,110,0.1,32.59259259,761,43,NA,NA,NA,-3.689878024,0.374756799,-0.5,0.4,-18.96758228,NA,NA,NA,63,15,99,1440,120.52,Shelf,150-200,demersal,Modern
r47,Atlantic_Cod,Gadiformes,Gadidae,Gadus_morhua,Skagerrak_adult,GM_NS_LINE,Line,NA,2017,2017,Hollins,3.12,110,0.1,32.59259259,762,44.9,NA,NA,NA,-2.092783545,1.5784075,-0.5,0.4,-19.14677338,NA,NA,NA,63,15,99,1440,120.52,Shelf,150-200,demersal,Modern
r41,Atlantic_Cod,Gadiformes,Gadidae,Gadus_morhua,Skagerrak_adult,GM_NS_LINE,Line,NA,2017,2017,Hollins,3.12,110,0.1,32.59259259,765,41.9,NA,NA,NA,-2.485173235,1.100965153,-0.5,0.4,-19.45510761,NA,NA,NA,63,15,99,1440,120.52,Shelf,150-200,demersal,Modern
r48,Atlantic_Cod,Gadiformes,Gadidae,Gadus_morhua,Skagerrak_adult,GM_NS_LINE,Line,NA,2017,2017,Hollins,3.12,110,0.1,32.59259259,779,42.7,NA,NA,NA,-2.893066314,0.829044737,-0.5,0.4,-18.8828143,NA,NA,NA,63,15,99,1440,120.52,Shelf,150-200,demersal,Modern
r38,Atlantic_Cod,Gadiformes,Gadidae,Gadus_morhua,Skagerrak_adult,GM_NS_LINE,Line,NA,2017,2017,Hollins,3.12,110,0.1,32.59259259,786,44.4,NA,NA,NA,-3.231039119,0.710006409,-0.5,0.4,-18.8497715,NA,NA,NA,63,15,99,1440,120.52,Shelf,150-200,demersal,Modern
r8,Atlantic_Cod,Gadiformes,Gadidae,Gadus_morhua,Skagerrak_adult,GM_NS_LINE,Line,NA,2017,2017,Hollins,3.12,110,0.1,32.59259259,793.5,43.8,NA,NA,NA,-0.979292249,2.318607654,-0.5,0.4,-19.10913102,NA,NA,NA,63,15,99,1440,120.52,Shelf,150-200,demersal,Modern
r52,Atlantic_Cod,Gadiformes,Gadidae,Gadus_morhua,Skagerrak_adult,GM_NS_LINE,Line,NA,2017,2017,Hollins,3.12,110,0.1,32.59259259,800,42,NA,NA,NA,-2.863159469,0.879123423,-0.5,0.4,-18,NA,NA,NA,63,15,99,1440,120.52,Shelf,150-200,demersal,Modern
r25,Atlantic_Cod,Gadiformes,Gadidae,Gadus_morhua,Skagerrak_adult,GM_NS_LINE,Line,NA,2017,2017,Hollins,3.12,110,0.1,32.59259259,802,42.1,NA,NA,NA,-3.272623261,0.348228314,-0.5,0.4,-19.64663214,NA,NA,NA,63,15,99,1440,120.52,Shelf,150-200,demersal,Modern
r9,Atlantic_Cod,Gadiformes,Gadidae,Gadus_morhua,Skagerrak_adult,GM_NS_LINE,Line,NA,2017,2017,Hollins,3.12,110,0.1,32.59259259,805,41.1,NA,NA,NA,-3.19970871,0.450362052,-0.5,0.4,-19.62967019,NA,NA,NA,63,15,99,1440,120.52,Shelf,150-200,demersal,Modern
r17,Atlantic_Cod,Gadiformes,Gadidae,Gadus_morhua,Skagerrak_adult,GM_NS_LINE,Line,NA,2017,2017,Hollins,3.12,110,0.1,32.59259259,812,44.2,NA,NA,NA,-2.033408939,2.287768669,-0.5,0.4,-19.16062168,NA,NA,NA,63,15,99,1440,120.52,Shelf,150-200,demersal,Modern
r13,Atlantic_Cod,Gadiformes,Gadidae,Gadus_morhua,Skagerrak_adult,GM_NS_LINE,Line,NA,2017,2017,Hollins,3.12,110,0.1,32.59259259,828.5,42,NA,NA,NA,-3.761634769,0.412559425,-0.5,0.4,-19.50131367,NA,NA,NA,63,15,99,1440,120.52,Shelf,150-200,demersal,Modern
r16,Atlantic_Cod,Gadiformes,Gadidae,Gadus_morhua,Skagerrak_adult,GM_NS_LINE,Line,NA,2017,2017,Hollins,3.12,110,0.1,32.59259259,857,42.1,NA,NA,NA,-2.791402724,0.819435065,-0.5,0.4,-19.55645133,NA,NA,NA,63,15,99,1440,120.52,Shelf,150-200,demersal,Modern
r22,Atlantic_Cod,Gadiformes,Gadidae,Gadus_morhua,Skagerrak_adult,GM_NS_LINE,Line,NA,2017,2017,Hollins,3.12,110,0.1,32.59259259,901,45.7,NA,NA,NA,-2.830818401,0.858232498,-0.5,0.4,-19.22100438,NA,NA,NA,63,15,99,1440,120.52,Shelf,150-200,demersal,Modern
r2,Atlantic_Cod,Gadiformes,Gadidae,Gadus_morhua,Skagerrak_adult,GM_NS_LINE,Line,NA,2017,2017,Hollins,3.12,110,0.1,32.59259259,958.5,43.5,NA,NA,NA,-2.36389565,1.041314821,-0.5,0.4,-19.49000592,NA,NA,NA,63,15,99,1440,120.52,Shelf,150-200,demersal,Modern
r40,Atlantic_Cod,Gadiformes,Gadidae,Gadus_morhua,Skagerrak_adult,GM_NS_LINE,Line,NA,2017,2017,Hollins,3.12,110,0.1,32.59259259,964,43.7,NA,NA,NA,-3.620142596,0.256374889,-0.5,0.4,-18.82267994,NA,NA,NA,63,15,99,1440,120.52,Shelf,150-200,demersal,Modern
r32,Atlantic_Cod,Gadiformes,Gadidae,Gadus_morhua,Skagerrak_adult,GM_NS_LINE,Line,NA,2017,2017,Hollins,3.12,110,0.1,32.59259259,968,43.4,NA,NA,NA,-2.879330003,0.625447902,-0.5,0.4,-19.67613084,NA,NA,NA,63,15,99,1440,120.52,Shelf,150-200,demersal,Modern
r30,Atlantic_Cod,Gadiformes,Gadidae,Gadus_morhua,Skagerrak_adult,GM_NS_LINE,Line,NA,2017,2017,Hollins,3.12,110,0.1,32.59259259,994,43.4,NA,NA,NA,-3.336147591,0.378736022,-0.5,0.4,-19.42585776,NA,NA,NA,63,15,99,1440,120.52,Shelf,150-200,demersal,Modern
r3,Atlantic_Cod,Gadiformes,Gadidae,Gadus_morhua,Skagerrak_adult,GM_NS_LINE,Line,NA,2017,2017,Hollins,3.12,110,0.1,32.59259259,1048,47.6,NA,NA,NA,-2.995555717,0.827393513,-0.5,0.4,-19.33074595,NA,NA,NA,63,15,99,1440,120.52,Shelf,150-200,demersal,Modern
s51,Atlantic_Cod,Gadiformes,Gadidae,Gadus_morhua,Skagerrak_adult,GM_NS_TRAWL,Trawl,NA,2017,2017,Hollins,3.12,110,0.1,32.59259259,530,35.9,NA,NA,NA,-1.30565633,2.039557321,-0.5,0.4,-18.36916645,NA,NA,NA,63,15,99,1440,120.52,Shelf,150-200,demersal,Modern
s14,Atlantic_Cod,Gadiformes,Gadidae,Gadus_morhua,Skagerrak_adult,GM_NS_TRAWL,Trawl,NA,2017,2017,Hollins,3.12,110,0.1,32.59259259,560,38.8,NA,NA,NA,-1.858823839,2.056262015,-0.5,0.4,-19.08824062,NA,NA,NA,63,15,99,1440,120.52,Shelf,150-200,demersal,Modern
s6,Atlantic_Cod,Gadiformes,Gadidae,Gadus_morhua,Skagerrak_adult,GM_NS_TRAWL,Trawl,NA,2017,2017,Hollins,3.12,110,0.1,32.59259259,560,38.4,NA,NA,NA,-2.010445794,2.413665599,-0.5,0.4,-18.14945086,NA,NA,NA,63,15,99,1440,120.52,Shelf,150-200,demersal,Modern
s31,Atlantic_Cod,Gadiformes,Gadidae,Gadus_morhua,Skagerrak_adult,GM_NS_TRAWL,Trawl,NA,2017,2017,Hollins,3.12,110,0.1,32.59259259,580,38,NA,NA,NA,-2.075909531,2.120778689,-0.5,0.4,-19.39089578,NA,NA,NA,63,15,99,1440,120.52,Shelf,150-200,demersal,Modern
s8,Atlantic_Cod,Gadiformes,Gadidae,Gadus_morhua,Skagerrak_adult,GM_NS_TRAWL,Trawl,NA,2017,2017,Hollins,3.12,110,0.1,32.59259259,590,38.4,NA,NA,NA,-1.835729104,2.031579447,-0.5,0.4,-18.49622364,NA,NA,NA,63,15,99,1440,120.52,Shelf,150-200,demersal,Modern
s4,Atlantic_Cod,Gadiformes,Gadidae,Gadus_morhua,Skagerrak_adult,GM_NS_TRAWL,Trawl,NA,2017,2017,Hollins,3.12,110,0.1,32.59259259,600,33.8,NA,NA,NA,-2.192191316,1.932849175,-0.5,0.4,-19.39987825,NA,NA,NA,63,15,99,1440,120.52,Shelf,150-200,demersal,Modern
s3,Atlantic_Cod,Gadiformes,Gadidae,Gadus_morhua,Skagerrak_adult,GM_NS_TRAWL,Trawl,NA,2017,2017,Hollins,3.12,110,0.1,32.59259259,610,40.9,NA,NA,NA,-1.560600524,2.366275068,-0.5,0.4,-19.14549029,NA,NA,NA,63,15,99,1440,120.52,Shelf,150-200,demersal,Modern
s29,Atlantic_Cod,Gadiformes,Gadidae,Gadus_morhua,Skagerrak_adult,GM_NS_TRAWL,Trawl,NA,2017,2017,Hollins,3.12,110,0.1,32.59259259,620,37.2,NA,NA,NA,-2.017497013,1.65127956,-0.5,0.4,-19.03358868,NA,NA,NA,63,15,99,1440,120.52,Shelf,150-200,demersal,Modern
s49,Atlantic_Cod,Gadiformes,Gadidae,Gadus_morhua,Skagerrak_adult,GM_NS_TRAWL,Trawl,NA,2017,2017,Hollins,3.12,110,0.1,32.59259259,640,39.4,NA,NA,NA,-2.269957895,2.012813699,-0.5,0.4,-20.04464685,NA,NA,NA,63,15,99,1440,120.52,Shelf,150-200,demersal,Modern
s43,Atlantic_Cod,Gadiformes,Gadidae,Gadus_morhua,Skagerrak_adult,GM_NS_TRAWL,Trawl,NA,2017,2017,Hollins,3.12,110,0.1,32.59259259,660,39.1,NA,NA,NA,-2.084819915,2.186151985,-0.5,0.4,-19.92834169,NA,NA,NA,63,15,99,1440,120.52,Shelf,150-200,demersal,Modern
s45,Atlantic_Cod,Gadiformes,Gadidae,Gadus_morhua,Skagerrak_adult,GM_NS_TRAWL,Trawl,NA,2017,2017,Hollins,3.12,110,0.1,32.59259259,680,40,NA,NA,NA,-1.867010526,2.011823195,-0.5,0.4,-20.08676039,NA,NA,NA,63,15,99,1440,120.52,Shelf,150-200,demersal,Modern
s53,Atlantic_Cod,Gadiformes,Gadidae,Gadus_morhua,Skagerrak_adult,GM_NS_TRAWL,Trawl,NA,2017,2017,Hollins,3.12,110,0.1,32.59259259,680,41.2,NA,NA,NA,-1.742265149,2.22478166,-0.5,0.4,-19.92581939,NA,NA,NA,63,15,99,1440,120.52,Shelf,150-200,demersal,Modern
s59,Atlantic_Cod,Gadiformes,Gadidae,Gadus_morhua,Skagerrak_adult,GM_NS_TRAWL,Trawl,NA,2017,2017,Hollins,3.12,110,0.1,32.59259259,680,40.9,NA,NA,NA,-3.168916643,1.75924455,-0.5,0.4,-19.42200609,NA,NA,NA,63,15,99,1440,120.52,Shelf,150-200,demersal,Modern
s1,Atlantic_Cod,Gadiformes,Gadidae,Gadus_morhua,Skagerrak_adult,GM_NS_TRAWL,Trawl,NA,2017,2017,Hollins,3.12,110,0.1,32.59259259,700,43.5,NA,NA,NA,-2.930218713,1.691947312,-0.5,0.4,-18.87225854,NA,NA,NA,63,15,99,1440,120.52,Shelf,150-200,demersal,Modern
s39,Atlantic_Cod,Gadiformes,Gadidae,Gadus_morhua,Skagerrak_adult,GM_NS_TRAWL,Trawl,NA,2017,2017,Hollins,3.12,110,0.1,32.59259259,710,39.9,NA,NA,NA,-2.315499858,2.150493824,-0.5,0.4,-19.37088479,NA,NA,NA,63,15,99,1440,120.52,Shelf,150-200,demersal,Modern
s2,Atlantic_Cod,Gadiformes,Gadidae,Gadus_morhua,Skagerrak_adult,GM_NS_TRAWL,Trawl,NA,2017,2017,Hollins,3.12,110,0.1,32.59259259,720,40.9,NA,NA,NA,-1.383875596,2.194484395,-0.5,0.4,-18.22084268,NA,NA,NA,63,15,99,1440,120.52,Shelf,150-200,demersal,Modern
s20,Atlantic_Cod,Gadiformes,Gadidae,Gadus_morhua,Skagerrak_adult,GM_NS_TRAWL,Trawl,NA,2017,2017,Hollins,3.12,110,0.1,32.59259259,740,39,NA,NA,NA,-1.519431649,1.809436336,-0.5,0.4,-19.18627641,NA,NA,NA,63,15,99,1440,120.52,Shelf,150-200,demersal,Modern
s7,Atlantic_Cod,Gadiformes,Gadidae,Gadus_morhua,Skagerrak_adult,GM_NS_TRAWL,Trawl,NA,2017,2017,Hollins,3.12,110,0.1,32.59259259,740,42.5,NA,NA,NA,-2.860934509,1.981227008,-0.5,0.4,-19.84180744,NA,NA,NA,63,15,99,1440,120.52,Shelf,150-200,demersal,Modern
s58,Atlantic_Cod,Gadiformes,Gadidae,Gadus_morhua,Skagerrak_adult,GM_NS_TRAWL,Trawl,NA,2017,2017,Hollins,3.12,110,0.1,32.59259259,770,39.5,NA,NA,NA,-1.115568137,2.351566235,-0.5,0.4,-19.36034793,NA,NA,NA,63,15,99,1440,120.52,Shelf,150-200,demersal,Modern
s5,Atlantic_Cod,Gadiformes,Gadidae,Gadus_morhua,Skagerrak_adult,GM_NS_TRAWL,Trawl,NA,2017,2017,Hollins,3.12,110,0.1,32.59259259,800,44,NA,NA,NA,-1.932124519,1.882496737,-0.5,0.4,-19,NA,NA,NA,63,15,99,1440,120.52,Shelf,150-200,demersal,Modern
s9,Atlantic_Cod,Gadiformes,Gadidae,Gadus_morhua,Skagerrak_adult,GM_NS_TRAWL,Trawl,NA,2017,2017,Hollins,3.12,110,0.1,32.59259259,800,44.3,NA,NA,NA,-2.194199554,2.029604842,-0.5,0.4,-18.28430091,NA,NA,NA,63,15,99,1440,120.52,Shelf,150-200,demersal,Modern
s32,Atlantic_Cod,Gadiformes,Gadidae,Gadus_morhua,Skagerrak_adult,GM_NS_TRAWL,Trawl,NA,2017,2017,Hollins,3.12,110,0.1,32.59259259,820,40.9,NA,NA,NA,-2.429354765,2.291145461,-0.5,0.4,-19.73089696,NA,NA,NA,63,15,99,1440,120.52,Shelf,150-200,demersal,Modern
s57,Atlantic_Cod,Gadiformes,Gadidae,Gadus_morhua,Skagerrak_adult,GM_NS_TRAWL,Trawl,NA,2017,2017,Hollins,3.12,110,0.1,32.59259259,830,44.4,NA,NA,NA,-1.791767283,2.309965047,-0.5,0.4,-19.89104178,NA,NA,NA,63,15,99,1440,120.52,Shelf,150-200,demersal,Modern
s60,Atlantic_Cod,Gadiformes,Gadidae,Gadus_morhua,Skagerrak_adult,GM_NS_TRAWL,Trawl,NA,2017,2017,Hollins,3.12,110,0.1,32.59259259,840,44.3,NA,NA,NA,-1.802657752,2.071253464,-0.5,0.4,-19.82483919,NA,NA,NA,63,15,99,1440,120.52,Shelf,150-200,demersal,Modern
s15,Atlantic_Cod,Gadiformes,Gadidae,Gadus_morhua,Skagerrak_adult,GM_NS_TRAWL,Trawl,NA,2017,2017,Hollins,3.12,110,0.1,32.59259259,850,42.3,NA,NA,NA,-1.750378997,1.555699537,-0.5,0.4,-19.72411115,NA,NA,NA,63,15,99,1440,120.52,Shelf,150-200,demersal,Modern
s56,Atlantic_Cod,Gadiformes,Gadidae,Gadus_morhua,Skagerrak_adult,GM_NS_TRAWL,Trawl,NA,2017,2017,Hollins,3.12,110,0.1,32.59259259,850,43,NA,NA,NA,-2.058088762,1.919706277,-0.5,0.4,-19.24142254,NA,NA,NA,63,15,99,1440,120.52,Shelf,150-200,demersal,Modern
s50,Atlantic_Cod,Gadiformes,Gadidae,Gadus_morhua,Skagerrak_adult,GM_NS_TRAWL,Trawl,NA,2017,2017,Hollins,3.12,110,0.1,32.59259259,860,40.6,NA,NA,NA,-2.475886771,1.88503862,-0.5,0.4,-18.84921904,NA,NA,NA,63,15,99,1440,120.52,Shelf,150-200,demersal,Modern
s10,Atlantic_Cod,Gadiformes,Gadidae,Gadus_morhua,Skagerrak_adult,GM_NS_TRAWL,Trawl,NA,2017,2017,Hollins,3.12,110,0.1,32.59259259,870,43.5,NA,NA,NA,-2.708308435,1.947658716,-0.5,0.4,-18.94472609,NA,NA,NA,63,15,99,1440,120.52,Shelf,150-200,demersal,Modern
s35,Atlantic_Cod,Gadiformes,Gadidae,Gadus_morhua,Skagerrak_adult,GM_NS_TRAWL,Trawl,NA,2017,2017,Hollins,3.12,110,0.1,32.59259259,870,42.5,NA,NA,NA,-2.390002741,1.9417349,-0.5,0.4,-19.77399038,NA,NA,NA,63,15,99,1440,120.52,Shelf,150-200,demersal,Modern
s55,Atlantic_Cod,Gadiformes,Gadidae,Gadus_morhua,Skagerrak_adult,GM_NS_TRAWL,Trawl,NA,2017,2017,Hollins,3.12,110,0.1,32.59259259,870,43.2,NA,NA,NA,-2.222435846,1.650289056,-0.5,0.4,-19.07957289,NA,NA,NA,63,15,99,1440,120.52,Shelf,150-200,demersal,Modern
s12,Atlantic_Cod,Gadiformes,Gadidae,Gadus_morhua,Skagerrak_adult,GM_NS_TRAWL,Trawl,NA,2017,2017,Hollins,3.12,110,0.1,32.59259259,890,43.7,NA,NA,NA,-2.539616458,1.394769194,-0.5,0.4,-18.45690277,NA,NA,NA,63,15,99,1440,120.52,Shelf,150-200,demersal,Modern
s37,Atlantic_Cod,Gadiformes,Gadidae,Gadus_morhua,Skagerrak_adult,GM_NS_TRAWL,Trawl,NA,2017,2017,Hollins,3.12,110,0.1,32.59259259,910,44.6,NA,NA,NA,-1.842259459,1.850370963,-0.5,0.4,-19.00074005,NA,NA,NA,63,15,99,1440,120.52,Shelf,150-200,demersal,Modern
s17,Atlantic_Cod,Gadiformes,Gadidae,Gadus_morhua,Skagerrak_adult,GM_NS_TRAWL,Trawl,NA,2017,2017,Hollins,3.12,110,0.1,32.59259259,930,45.1,NA,NA,NA,-1.90400919,1.638632965,-0.5,0.4,-18.89223952,NA,NA,NA,63,15,99,1440,120.52,Shelf,150-200,demersal,Modern
s40,Atlantic_Cod,Gadiformes,Gadidae,Gadus_morhua,Skagerrak_adult,GM_NS_TRAWL,Trawl,NA,2017,2017,Hollins,3.12,110,0.1,32.59259259,930,45.1,NA,NA,NA,-2.716341386,1.191384834,-0.5,0.4,-19.49151601,NA,NA,NA,63,15,99,1440,120.52,Shelf,150-200,demersal,Modern
s19,Atlantic_Cod,Gadiformes,Gadidae,Gadus_morhua,Skagerrak_adult,GM_NS_TRAWL,Trawl,NA,2017,2017,Hollins,3.12,110,0.1,32.59259259,950,43.6,NA,NA,NA,-1.903005071,2.344554408,-0.5,0.4,-19.61422523,NA,NA,NA,63,15,99,1440,120.52,Shelf,150-200,demersal,Modern
s16,Atlantic_Cod,Gadiformes,Gadidae,Gadus_morhua,Skagerrak_adult,GM_NS_TRAWL,Trawl,NA,2017,2017,Hollins,3.12,110,0.1,32.59259259,960,44.9,NA,NA,NA,-2.307664991,1.360213599,-0.5,0.4,-19.1003883,NA,NA,NA,63,15,99,1440,120.52,Shelf,150-200,demersal,Modern
s54,Atlantic_Cod,Gadiformes,Gadidae,Gadus_morhua,Skagerrak_adult,GM_NS_TRAWL,Trawl,NA,2017,2017,Hollins,3.12,110,0.1,32.59259259,970,45,NA,NA,NA,-0.926469986,2.385243388,-0.5,0.4,-20.61877898,NA,NA,NA,63,15,99,1440,120.52,Shelf,150-200,demersal,Modern
s41,Atlantic_Cod,Gadiformes,Gadidae,Gadus_morhua,Skagerrak_adult,GM_NS_TRAWL,Trawl,NA,2017,2017,Hollins,3.12,110,0.1,32.59259259,980,44.5,NA,NA,NA,-1.249223898,2.252515786,-0.5,0.4,-19.68771486,NA,NA,NA,63,15,99,1440,120.52,Shelf,150-200,demersal,Modern
s47,Atlantic_Cod,Gadiformes,Gadidae,Gadus_morhua,Skagerrak_adult,GM_NS_TRAWL,Trawl,NA,2017,2017,Hollins,3.12,110,0.1,32.59259259,980,47,NA,NA,NA,-1.440302134,2.208933589,-0.5,0.4,-19.22623032,NA,NA,NA,63,15,99,1440,120.52,Shelf,150-200,demersal,Modern
s28,Atlantic_Cod,Gadiformes,Gadidae,Gadus_morhua,Skagerrak_adult,GM_NS_TRAWL,Trawl,NA,2017,2017,Hollins,3.12,110,0.1,32.59259259,1010,44.5,NA,NA,NA,-1.730384637,2.188132994,-0.5,0.4,-18.37120222,NA,NA,NA,63,15,99,1440,120.52,Shelf,150-200,demersal,Modern
s48,Atlantic_Cod,Gadiformes,Gadidae,Gadus_morhua,Skagerrak_adult,GM_NS_TRAWL,Trawl,NA,2017,2017,Hollins,3.12,110,0.1,32.59259259,1010,45.9,NA,NA,NA,-0.982902418,2.115826166,-0.5,0.4,-19.4346742,NA,NA,NA,63,15,99,1440,120.52,Shelf,150-200,demersal,Modern
s21,Atlantic_Cod,Gadiformes,Gadidae,Gadus_morhua,Skagerrak_adult,GM_NS_TRAWL,Trawl,NA,2017,2017,Hollins,3.12,110,0.1,32.59259259,1040,45,NA,NA,NA,-1.668041247,2.39589415,-0.5,0.4,-19.74108518,NA,NA,NA,63,15,99,1440,120.52,Shelf,150-200,demersal,Modern
s22,Atlantic_Cod,Gadiformes,Gadidae,Gadus_morhua,Skagerrak_adult,GM_NS_TRAWL,Trawl,NA,2017,2017,Hollins,3.12,110,0.1,32.59259259,1050,44.1,NA,NA,NA,-1.912552489,2.049462366,-0.5,0.4,-18.62755779,NA,NA,NA,63,15,99,1440,120.52,Shelf,150-200,demersal,Modern
s38,Atlantic_Cod,Gadiformes,Gadidae,Gadus_morhua,Skagerrak_adult,GM_NS_TRAWL,Trawl,NA,2017,2017,Hollins,3.12,110,0.1,32.59259259,1050,44.1,NA,NA,NA,-2.660034708,1.508646914,-0.5,0.4,-19.88349781,NA,NA,NA,63,15,99,1440,120.52,Shelf,150-200,demersal,Modern
s36,Atlantic_Cod,Gadiformes,Gadidae,Gadus_morhua,Skagerrak_adult,GM_NS_TRAWL,Trawl,NA,2017,2017,Hollins,3.12,110,0.1,32.59259259,1070,45.2,NA,NA,NA,-1.397730299,2.214876616,-0.5,0.4,-19.76294848,NA,NA,NA,63,15,99,1440,120.52,Shelf,150-200,demersal,Modern
s33,Atlantic_Cod,Gadiformes,Gadidae,Gadus_morhua,Skagerrak_adult,GM_NS_TRAWL,Trawl,NA,2017,2017,Hollins,3.12,110,0.1,32.59259259,1080,46,NA,NA,NA,-2.413514083,1.79688372,-0.5,0.4,-19.44189719,NA,NA,NA,63,15,99,1440,120.52,Shelf,150-200,demersal,Modern
s34,Atlantic_Cod,Gadiformes,Gadidae,Gadus_morhua,Skagerrak_adult,GM_NS_TRAWL,Trawl,NA,2017,2017,Hollins,3.12,110,0.1,32.59259259,1080,45.6,NA,NA,NA,-1.464063158,2.185161481,-0.5,0.4,-19.42322958,NA,NA,NA,63,15,99,1440,120.52,Shelf,150-200,demersal,Modern
s25,Atlantic_Cod,Gadiformes,Gadidae,Gadus_morhua,Skagerrak_adult,GM_NS_TRAWL,Trawl,NA,2017,2017,Hollins,3.12,110,0.1,32.59259259,1090,45.3,NA,NA,NA,-2.036307824,1.93357334,-0.5,0.4,-18.89579073,NA,NA,NA,63,15,99,1440,120.52,Shelf,150-200,demersal,Modern
s24,Atlantic_Cod,Gadiformes,Gadidae,Gadus_morhua,Skagerrak_adult,GM_NS_TRAWL,Trawl,NA,2017,2017,Hollins,3.12,110,0.1,32.59259259,1110,48,NA,NA,NA,-1.769986344,2.376328847,-0.5,0.4,-19.87379732,NA,NA,NA,63,15,99,1440,120.52,Shelf,150-200,demersal,Modern
s26,Atlantic_Cod,Gadiformes,Gadidae,Gadus_morhua,Skagerrak_adult,GM_NS_TRAWL,Trawl,NA,2017,2017,Hollins,3.12,110,0.1,32.59259259,1110,48.7,NA,NA,NA,-1.634350498,1.943478385,-0.5,0.4,-18.77934276,NA,NA,NA,63,15,99,1440,120.52,Shelf,150-200,demersal,Modern
s27,Atlantic_Cod,Gadiformes,Gadidae,Gadus_morhua,Skagerrak_adult,GM_NS_TRAWL,Trawl,NA,2017,2017,Hollins,3.12,110,0.1,32.59259259,1160,46,NA,NA,NA,-2.010566714,2.145541301,-0.5,0.4,-19.18801754,NA,NA,NA,63,15,99,1440,120.52,Shelf,150-200,demersal,Modern
s42,Atlantic_Cod,Gadiformes,Gadidae,Gadus_morhua,Skagerrak_adult,GM_NS_TRAWL,Trawl,NA,2017,2017,Hollins,3.12,110,0.1,32.59259259,1160,45,NA,NA,NA,-2.383812802,2.207943084,-0.5,0.4,-20.35978219,NA,NA,NA,63,15,99,1440,120.52,Shelf,150-200,demersal,Modern
s18,Atlantic_Cod,Gadiformes,Gadidae,Gadus_morhua,Skagerrak_adult,GM_NS_TRAWL,Trawl,NA,2017,2017,Hollins,3.12,110,0.1,32.59259259,1190,47.7,NA,NA,NA,-2.138973014,1.944696808,-0.5,0.4,-18.24645377,NA,NA,NA,63,15,99,1440,120.52,Shelf,150-200,demersal,Modern
s46,Atlantic_Cod,Gadiformes,Gadidae,Gadus_morhua,Skagerrak_adult,GM_NS_TRAWL,Trawl,NA,2017,2017,Hollins,3.12,110,0.1,32.59259259,1210,48.5,NA,NA,NA,-2.094720341,1.798864729,-0.5,0.4,-20.16194961,NA,NA,NA,63,15,99,1440,120.52,Shelf,150-200,demersal,Modern
LCDP 01,cusk-eel,Ophidiiformes,Bythitidae,Grammonus_argutus,Sheppey,NA,NA,NA,NA,NA,NA,NA,NA,NA,NA,NA,NA,NA,NA,NA,-1.56,-2.05,-1,NA,NA,NA,NA,NA,NA,NA,NA,NA,NA,NA,NA,NA,Fossil
LCDP 02,cusk-eel,Ophidiiformes,Bythitidae,Grammonus_argutus,Sheppey,NA,NA,NA,NA,NA,NA,NA,NA,NA,NA,NA,NA,NA,NA,NA,-2.05,-1.93,-1,NA,NA,NA,NA,NA,NA,NA,NA,NA,NA,NA,NA,NA,Fossil
LCDP 03,cusk-eel,Ophidiiformes,Bythitidae,Grammonus_argutus,Sheppey,NA,NA,NA,NA,NA,NA,NA,NA,NA,NA,NA,NA,NA,NA,NA,-1.92,-1.69,-1,NA,NA,NA,NA,NA,NA,NA,NA,NA,NA,NA,NA,NA,Fossil
LCDP 04,cusk-eel,Ophidiiformes,Bythitidae,Grammonus_argutus,Sheppey,NA,NA,NA,NA,NA,NA,NA,NA,NA,NA,NA,NA,NA,NA,NA,-1.84,-1.87,-1,NA,NA,NA,NA,NA,NA,NA,NA,NA,NA,NA,NA,NA,Fossil
LCDP 05,cusk-eel,Ophidiiformes,Bythitidae,Grammonus_argutus,Sheppey,NA,NA,NA,NA,NA,NA,NA,NA,NA,NA,NA,NA,NA,NA,NA,-2.73,-1.99,-1,NA,NA,NA,NA,NA,NA,NA,NA,NA,NA,NA,NA,NA,Fossil
LCDP 06,cusk-eel,Ophidiiformes,Bythitidae,Grammonus_argutus,Sheppey,NA,NA,NA,NA,NA,NA,NA,NA,NA,NA,NA,NA,NA,NA,NA,-1.71,-1.89,-1,NA,NA,NA,NA,NA,NA,NA,NA,NA,NA,NA,NA,NA,Fossil
LCDP 07,cusk-eel,Ophidiiformes,Bythitidae,Grammonus_argutus,Sheppey,NA,NA,NA,NA,NA,NA,NA,NA,NA,NA,NA,NA,NA,NA,NA,-2.91,-2.21,-1,NA,NA,NA,NA,NA,NA,NA,NA,NA,NA,NA,NA,NA,Fossil
LCDP 08,cusk-eel,Ophidiiformes,Bythitidae,Grammonus_argutus,Sheppey,NA,NA,NA,NA,NA,NA,NA,NA,NA,NA,NA,NA,NA,NA,NA,-2.75,-2.06,-1,NA,NA,NA,NA,NA,NA,NA,NA,NA,NA,NA,NA,NA,Fossil
LCDP 09,cusk-eel,Ophidiiformes,Bythitidae,Grammonus_argutus,Sheppey,NA,NA,NA,NA,NA,NA,NA,NA,NA,NA,NA,NA,NA,NA,NA,-2.7,-2.21,-1,NA,NA,NA,NA,NA,NA,NA,NA,NA,NA,NA,NA,NA,Fossil
LCDP 10,cusk-eel,Ophidiiformes,Bythitidae,Grammonus_argutus,Sheppey,NA,NA,NA,NA,NA,NA,NA,NA,NA,NA,NA,NA,NA,NA,NA,-2.46,-2.18,-1,NA,NA,NA,NA,NA,NA,NA,NA,NA,NA,NA,NA,NA,Fossil
LCMA 01,Hake,Gadiformes,Melucciidae,Rhinocephalus_planiceps,Sheppey,NA,NA,NA,NA,NA,NA,NA,NA,NA,NA,NA,NA,NA,NA,NA,-1.44,-1.77,-1,NA,NA,NA,NA,NA,NA,NA,NA,NA,NA,NA,NA,NA,Fossil
LCMA 02,Hake,Gadiformes,Melucciidae,Rhinocephalus_planiceps,Sheppey,NA,NA,NA,NA,NA,NA,NA,NA,NA,NA,NA,NA,NA,NA,NA,-2.03,-2.2,-1,NA,NA,NA,NA,NA,NA,NA,NA,NA,NA,NA,NA,NA,Fossil
LCMA 03,Hake,Gadiformes,Melucciidae,Rhinocephalus_planiceps,Sheppey,NA,NA,NA,NA,NA,NA,NA,NA,NA,NA,NA,NA,NA,NA,NA,-1.4,-3.54,-1,NA,NA,NA,NA,NA,NA,NA,NA,NA,NA,NA,NA,NA,Fossil
LCMA 05,Hake,Gadiformes,Melucciidae,Rhinocephalus_planiceps,Sheppey,NA,NA,NA,NA,NA,NA,NA,NA,NA,NA,NA,NA,NA,NA,NA,-1.35,-2.64,-1,NA,NA,NA,NA,NA,NA,NA,NA,NA,NA,NA,NA,NA,Fossil
LCMA 06,Hake,Gadiformes,Melucciidae,Rhinocephalus_planiceps,Sheppey,NA,NA,NA,NA,NA,NA,NA,NA,NA,NA,NA,NA,NA,NA,NA,-1.19,-2.18,-1,NA,NA,NA,NA,NA,NA,NA,NA,NA,NA,NA,NA,NA,Fossil
LCMA 07,Hake,Gadiformes,Melucciidae,Rhinocephalus_planiceps,Sheppey,NA,NA,NA,NA,NA,NA,NA,NA,NA,NA,NA,NA,NA,NA,NA,-1.73,-3.11,-1,NA,NA,NA,NA,NA,NA,NA,NA,NA,NA,NA,NA,NA,Fossil
LCMA 08,Hake,Gadiformes,Melucciidae,Rhinocephalus_planiceps,Sheppey,NA,NA,NA,NA,NA,NA,NA,NA,NA,NA,NA,NA,NA,NA,NA,-1.69,-2.93,-1,NA,NA,NA,NA,NA,NA,NA,NA,NA,NA,NA,NA,NA,Fossil
LCMA 09,Hake,Gadiformes,Melucciidae,Rhinocephalus_planiceps,Sheppey,NA,NA,NA,NA,NA,NA,NA,NA,NA,NA,NA,NA,NA,NA,NA,-1.28,-1.66,-1,NA,NA,NA,NA,NA,NA,NA,NA,NA,NA,NA,NA,NA,Fossil
LCMA 10,Hake,Gadiformes,Melucciidae,Rhinocephalus_planiceps,Sheppey,NA,NA,NA,NA,NA,NA,NA,NA,NA,NA,NA,NA,NA,NA,NA,-0.87,-1.8,-1,NA,NA,NA,NA,NA,NA,NA,NA,NA,NA,NA,NA,NA,Fossil
LCMS 01,cod,Gadiformes,Gadidae,Protocolliolus_eocenicus,Sheppey,NA,NA,NA,NA,NA,NA,NA,NA,NA,NA,NA,NA,NA,NA,NA,-2.63,-2.42,-1,NA,NA,NA,NA,NA,NA,NA,NA,NA,NA,NA,NA,NA,Fossil
LCMS 02,cod,Gadiformes,Gadidae,Protocolliolus_eocenicus,Sheppey,NA,NA,NA,NA,NA,NA,NA,NA,NA,NA,NA,NA,NA,NA,NA,-4.01,-2.84,-1,NA,NA,NA,NA,NA,NA,NA,NA,NA,NA,NA,NA,NA,Fossil
LCMS 03,cod,Gadiformes,Gadidae,Protocolliolus_eocenicus,Sheppey,NA,NA,NA,NA,NA,NA,NA,NA,NA,NA,NA,NA,NA,NA,NA,-3.3,-2.53,-1,NA,NA,NA,NA,NA,NA,NA,NA,NA,NA,NA,NA,NA,Fossil
LCMS 04,cod,Gadiformes,Gadidae,Protocolliolus_eocenicus,Sheppey,NA,NA,NA,NA,NA,NA,NA,NA,NA,NA,NA,NA,NA,NA,NA,-2.98,-2.33,-1,NA,NA,NA,NA,NA,NA,NA,NA,NA,NA,NA,NA,NA,Fossil
LCNB 02,cusk-eel,Ophidiiformes,Ophidiidae,Ampheristus_obtusus,Sheppey,NA,NA,NA,NA,NA,NA,NA,NA,NA,NA,NA,NA,NA,NA,NA,-0.62,-1.83,-1,NA,NA,NA,NA,NA,NA,NA,NA,NA,NA,NA,NA,NA,Fossil
LCNB 03,cusk-eel,Ophidiiformes,Ophidiidae,Ampheristus_obtusus,Sheppey,NA,NA,NA,NA,NA,NA,NA,NA,NA,NA,NA,NA,NA,NA,NA,-1.6,-2,-1,NA,NA,NA,NA,NA,NA,NA,NA,NA,NA,NA,NA,NA,Fossil
LCNB 04,cusk-eel,Ophidiiformes,Ophidiidae,Ampheristus_obtusus,Sheppey,NA,NA,NA,NA,NA,NA,NA,NA,NA,NA,NA,NA,NA,NA,NA,-1.56,-1.82,-1,NA,NA,NA,NA,NA,NA,NA,NA,NA,NA,NA,NA,NA,Fossil
LCNB 05,cusk-eel,Ophidiiformes,Ophidiidae,Ampheristus_obtusus,Sheppey,NA,NA,NA,NA,NA,NA,NA,NA,NA,NA,NA,NA,NA,NA,NA,-1.58,-1.69,-1,NA,NA,NA,NA,NA,NA,NA,NA,NA,NA,NA,NA,NA,Fossil
LCNB 06,cusk-eel,Ophidiiformes,Ophidiidae,Ampheristus_obtusus,Sheppey,NA,NA,NA,NA,NA,NA,NA,NA,NA,NA,NA,NA,NA,NA,NA,-1.84,-2.08,-1,NA,NA,NA,NA,NA,NA,NA,NA,NA,NA,NA,NA,NA,Fossil
LCNB 07,cusk-eel,Ophidiiformes,Ophidiidae,Ampheristus_obtusus,Sheppey,NA,NA,NA,NA,NA,NA,NA,NA,NA,NA,NA,NA,NA,NA,NA,-1.73,-2.1,-1,NA,NA,NA,NA,NA,NA,NA,NA,NA,NA,NA,NA,NA,Fossil
LCNB 08,cusk-eel,Ophidiiformes,Ophidiidae,Ampheristus_obtusus,Sheppey,NA,NA,NA,NA,NA,NA,NA,NA,NA,NA,NA,NA,NA,NA,NA,-1.03,-2.1,-1,NA,NA,NA,NA,NA,NA,NA,NA,NA,NA,NA,NA,NA,Fossil
LCNB 09,cusk-eel,Ophidiiformes,Ophidiidae,Ampheristus_obtusus,Sheppey,NA,NA,NA,NA,NA,NA,NA,NA,NA,NA,NA,NA,NA,NA,NA,0.09,-3.6,-1,NA,NA,NA,NA,NA,NA,NA,NA,NA,NA,NA,NA,NA,Fossil
LCNB 10,cusk-eel,Ophidiiformes,Ophidiidae,Ampheristus_obtusus,Sheppey,NA,NA,NA,NA,NA,NA,NA,NA,NA,NA,NA,NA,NA,NA,NA,-1.66,-2.53,-1,NA,NA,NA,NA,NA,NA,NA,NA,NA,NA,NA,NA,NA,Fossil
LCNM 01,Bream,Spariformes,Sparidae,Spicara_ministerensis,Tolworth,NA,NA,NA,NA,NA,NA,NA,NA,NA,NA,NA,NA,NA,NA,NA,-2.88,-2.86,-1,NA,NA,NA,NA,NA,NA,NA,NA,NA,NA,NA,NA,NA,Fossil
LCNM 02,Bream,Spariformes,Sparidae,Spicara_ministerensis,Tolworth,NA,NA,NA,NA,NA,NA,NA,NA,NA,NA,NA,NA,NA,NA,NA,-2.29,-4.82,-1,NA,NA,NA,NA,NA,NA,NA,NA,NA,NA,NA,NA,NA,Fossil
LCNM 03,Bream,Spariformes,Sparidae,Spicara_ministerensis,Tolworth,NA,NA,NA,NA,NA,NA,NA,NA,NA,NA,NA,NA,NA,NA,NA,-2.28,-3.81,-1,NA,NA,NA,NA,NA,NA,NA,NA,NA,NA,NA,NA,NA,Fossil
LCNM 04,Bream,Spariformes,Sparidae,Spicara_ministerensis,Tolworth,NA,NA,NA,NA,NA,NA,NA,NA,NA,NA,NA,NA,NA,NA,NA,-4.79,-4.28,-1,NA,NA,NA,NA,NA,NA,NA,NA,NA,NA,NA,NA,NA,Fossil
LCNM 05,Bream,Spariformes,Sparidae,Spicara_ministerensis,Tolworth,NA,NA,NA,NA,NA,NA,NA,NA,NA,NA,NA,NA,NA,NA,NA,-3.11,-3.72,-1,NA,NA,NA,NA,NA,NA,NA,NA,NA,NA,NA,NA,NA,Fossil
LCNM 06,Bream,Spariformes,Sparidae,Spicara_ministerensis,Tolworth,NA,NA,NA,NA,NA,NA,NA,NA,NA,NA,NA,NA,NA,NA,NA,-3.09,-3.2,-1,NA,NA,NA,NA,NA,NA,NA,NA,NA,NA,NA,NA,NA,Fossil
LCNM 07,Bream,Spariformes,Sparidae,Spicara_ministerensis,Tolworth,NA,NA,NA,NA,NA,NA,NA,NA,NA,NA,NA,NA,NA,NA,NA,-3.95,-2.59,-1,NA,NA,NA,NA,NA,NA,NA,NA,NA,NA,NA,NA,NA,Fossil
LCNM 08,Bream,Spariformes,Sparidae,Spicara_ministerensis,Tolworth,NA,NA,NA,NA,NA,NA,NA,NA,NA,NA,NA,NA,NA,NA,NA,-3.18,-4.23,-1,NA,NA,NA,NA,NA,NA,NA,NA,NA,NA,NA,NA,NA,Fossil
LCNM 09,Bream,Spariformes,Sparidae,Spicara_ministerensis,Tolworth,NA,NA,NA,NA,NA,NA,NA,NA,NA,NA,NA,NA,NA,NA,NA,-3.83,-3.82,-1,NA,NA,NA,NA,NA,NA,NA,NA,NA,NA,NA,NA,NA,Fossil
LCNM10,Bream,Spariformes,Sparidae,Spicara_ministerensis,Tolworth,NA,NA,NA,NA,NA,NA,NA,NA,NA,NA,NA,NA,NA,NA,NA,-2.15,-5.23,-1,NA,NA,NA,NA,NA,NA,NA,NA,NA,NA,NA,NA,NA,Fossil
LCOS 01,cusk-eel,Ophidiiformes,Ophidiidae,Zonobythites_splendens,Sheppey,NA,NA,NA,NA,NA,NA,NA,NA,NA,NA,NA,NA,NA,NA,NA,-0.58,-2.52,-1,NA,NA,NA,NA,NA,NA,NA,NA,NA,NA,NA,NA,NA,Fossil
LCOS 02,cusk-eel,Ophidiiformes,Ophidiidae,Zonobythites_splendens,Sheppey,NA,NA,NA,NA,NA,NA,NA,NA,NA,NA,NA,NA,NA,NA,NA,-0.54,-2.53,-1,NA,NA,NA,NA,NA,NA,NA,NA,NA,NA,NA,NA,NA,Fossil
LCOS 03,cusk-eel,Ophidiiformes,Ophidiidae,Zonobythites_splendens,Sheppey,NA,NA,NA,NA,NA,NA,NA,NA,NA,NA,NA,NA,NA,NA,NA,0.14,-1.67,-1,NA,NA,NA,NA,NA,NA,NA,NA,NA,NA,NA,NA,NA,Fossil
LCOS 04,cusk-eel,Ophidiiformes,Ophidiidae,Zonobythites_splendens,Sheppey,NA,NA,NA,NA,NA,NA,NA,NA,NA,NA,NA,NA,NA,NA,NA,0.46,-2.17,-1,NA,NA,NA,NA,NA,NA,NA,NA,NA,NA,NA,NA,NA,Fossil
LCOS 05,cusk-eel,Ophidiiformes,Ophidiidae,Zonobythites_splendens,Sheppey,NA,NA,NA,NA,NA,NA,NA,NA,NA,NA,NA,NA,NA,NA,NA,-0.41,-1.95,-1,NA,NA,NA,NA,NA,NA,NA,NA,NA,NA,NA,NA,NA,Fossil
LCOS 06,cusk-eel,Ophidiiformes,Ophidiidae,Zonobythites_splendens,Sheppey,NA,NA,NA,NA,NA,NA,NA,NA,NA,NA,NA,NA,NA,NA,NA,-0.45,-1.61,-1,NA,NA,NA,NA,NA,NA,NA,NA,NA,NA,NA,NA,NA,Fossil
LCOS 07,cusk-eel,Ophidiiformes,Ophidiidae,Zonobythites_splendens,Sheppey,NA,NA,NA,NA,NA,NA,NA,NA,NA,NA,NA,NA,NA,NA,NA,0.14,-1.99,-1,NA,NA,NA,NA,NA,NA,NA,NA,NA,NA,NA,NA,NA,Fossil
LCOS 08,cusk-eel,Ophidiiformes,Ophidiidae,Zonobythites_splendens,Sheppey,NA,NA,NA,NA,NA,NA,NA,NA,NA,NA,NA,NA,NA,NA,NA,-0.25,-1.87,-1,NA,NA,NA,NA,NA,NA,NA,NA,NA,NA,NA,NA,NA,Fossil
LCOS 09,cusk-eel,Ophidiiformes,Ophidiidae,Zonobythites_splendens,Sheppey,NA,NA,NA,NA,NA,NA,NA,NA,NA,NA,NA,NA,NA,NA,NA,-0.22,-1.51,-1,NA,NA,NA,NA,NA,NA,NA,NA,NA,NA,NA,NA,NA,Fossil
LCOS 10,cusk-eel,Ophidiiformes,Ophidiidae,Zonobythites_splendens,Sheppey,NA,NA,NA,NA,NA,NA,NA,NA,NA,NA,NA,NA,NA,NA,NA,-1.06,-3,-1,NA,NA,NA,NA,NA,NA,NA,NA,NA,NA,NA,NA,NA,Fossil
LCPA 02,Bonefish,Albuliformes,Pterothrissidae,Pterothrissus_angulatus,Tolworth,NA,NA,NA,NA,NA,NA,NA,NA,NA,NA,NA,NA,NA,NA,NA,-1.9,-3.12,-1,NA,NA,NA,NA,NA,NA,NA,NA,NA,NA,NA,NA,NA,Fossil
LCPA 03,Bonefish,Albuliformes,Pterothrissidae,Pterothrissus_angulatus,Tolworth,NA,NA,NA,NA,NA,NA,NA,NA,NA,NA,NA,NA,NA,NA,NA,-2.04,-3.65,-1,NA,NA,NA,NA,NA,NA,NA,NA,NA,NA,NA,NA,NA,Fossil
LCPA 04,Bonefish,Albuliformes,Pterothrissidae,Pterothrissus_angulatus,Tolworth,NA,NA,NA,NA,NA,NA,NA,NA,NA,NA,NA,NA,NA,NA,NA,-3.01,-4.11,-1,NA,NA,NA,NA,NA,NA,NA,NA,NA,NA,NA,NA,NA,Fossil
LCPA 05,Bonefish,Albuliformes,Pterothrissidae,Pterothrissus_angulatus,Tolworth,NA,NA,NA,NA,NA,NA,NA,NA,NA,NA,NA,NA,NA,NA,NA,-2.99,-4.11,-1,NA,NA,NA,NA,NA,NA,NA,NA,NA,NA,NA,NA,NA,Fossil
LCPA 06,Bonefish,Albuliformes,Pterothrissidae,Pterothrissus_angulatus,Tolworth,NA,NA,NA,NA,NA,NA,NA,NA,NA,NA,NA,NA,NA,NA,NA,-2.37,-3.77,-1,NA,NA,NA,NA,NA,NA,NA,NA,NA,NA,NA,NA,NA,Fossil
LCPA 07,Bonefish,Albuliformes,Pterothrissidae,Pterothrissus_angulatus,Tolworth,NA,NA,NA,NA,NA,NA,NA,NA,NA,NA,NA,NA,NA,NA,NA,-2.19,-4.65,-1,NA,NA,NA,NA,NA,NA,NA,NA,NA,NA,NA,NA,NA,Fossil
LCPA 08,Bonefish,Albuliformes,Pterothrissidae,Pterothrissus_angulatus,Tolworth,NA,NA,NA,NA,NA,NA,NA,NA,NA,NA,NA,NA,NA,NA,NA,-2.09,-2.96,-1,NA,NA,NA,NA,NA,NA,NA,NA,NA,NA,NA,NA,NA,Fossil
LCPA 09,Bonefish,Albuliformes,Pterothrissidae,Pterothrissus_angulatus,Tolworth,NA,NA,NA,NA,NA,NA,NA,NA,NA,NA,NA,NA,NA,NA,NA,-2.92,-2.98,-1,NA,NA,NA,NA,NA,NA,NA,NA,NA,NA,NA,NA,NA,Fossil
LCPA 10,Bonefish,Albuliformes,Pterothrissidae,Pterothrissus_angulatus,Tolworth,NA,NA,NA,NA,NA,NA,NA,NA,NA,NA,NA,NA,NA,NA,NA,-2.61,-4.21,-1,NA,NA,NA,NA,NA,NA,NA,NA,NA,NA,NA,NA,NA,Fossil
LCSD 01,Lizardfish,Aulopiformes,Paraulopidae,Paraulopus_davisi,Sheppey,NA,NA,NA,NA,NA,NA,NA,NA,NA,NA,NA,NA,NA,NA,NA,-5.22,-1.99,-1,NA,NA,NA,NA,NA,NA,NA,NA,NA,NA,NA,NA,NA,Fossil
LCSD 02,Lizardfish,Aulopiformes,Paraulopidae,Paraulopus_davisi,Sheppey,NA,NA,NA,NA,NA,NA,NA,NA,NA,NA,NA,NA,NA,NA,NA,-5.55,-0.65,-1,NA,NA,NA,NA,NA,NA,NA,NA,NA,NA,NA,NA,NA,Fossil
LCSD 03,Lizardfish,Aulopiformes,Paraulopidae,Paraulopus_davisi,Sheppey,NA,NA,NA,NA,NA,NA,NA,NA,NA,NA,NA,NA,NA,NA,NA,-4.02,-1.97,-1,NA,NA,NA,NA,NA,NA,NA,NA,NA,NA,NA,NA,NA,Fossil
LCSD 04,Lizardfish,Aulopiformes,Paraulopidae,Paraulopus_davisi,Sheppey,NA,NA,NA,NA,NA,NA,NA,NA,NA,NA,NA,NA,NA,NA,NA,-5.41,-2.58,-1,NA,NA,NA,NA,NA,NA,NA,NA,NA,NA,NA,NA,NA,Fossil
LCSD 05,Lizardfish,Aulopiformes,Paraulopidae,Paraulopus_davisi,Sheppey,NA,NA,NA,NA,NA,NA,NA,NA,NA,NA,NA,NA,NA,NA,NA,-3.78,-2.35,-1,NA,NA,NA,NA,NA,NA,NA,NA,NA,NA,NA,NA,NA,Fossil
LCSD 06,Lizardfish,Aulopiformes,Paraulopidae,Paraulopus_davisi,Sheppey,NA,NA,NA,NA,NA,NA,NA,NA,NA,NA,NA,NA,NA,NA,NA,-3.88,-1.9,-1,NA,NA,NA,NA,NA,NA,NA,NA,NA,NA,NA,NA,NA,Fossil
LCSD 07,Lizardfish,Aulopiformes,Paraulopidae,Paraulopus_davisi,Sheppey,NA,NA,NA,NA,NA,NA,NA,NA,NA,NA,NA,NA,NA,NA,NA,-4.35,-1.86,-1,NA,NA,NA,NA,NA,NA,NA,NA,NA,NA,NA,NA,NA,Fossil
LCSD 08,Lizardfish,Aulopiformes,Paraulopidae,Paraulopus_davisi,Sheppey,NA,NA,NA,NA,NA,NA,NA,NA,NA,NA,NA,NA,NA,NA,NA,-5.97,-2.96,-1,NA,NA,NA,NA,NA,NA,NA,NA,NA,NA,NA,NA,NA,Fossil
LCSD 09,Lizardfish,Aulopiformes,Paraulopidae,Paraulopus_davisi,Sheppey,NA,NA,NA,NA,NA,NA,NA,NA,NA,NA,NA,NA,NA,NA,NA,-4.69,-1.91,-1,NA,NA,NA,NA,NA,NA,NA,NA,NA,NA,NA,NA,NA,Fossil
LCSD 10,Lizardfish,Aulopiformes,Paraulopidae,Paraulopus_davisi,Sheppey,NA,NA,NA,NA,NA,NA,NA,NA,NA,NA,NA,NA,NA,NA,NA,-3.55,-1.07,-1,NA,NA,NA,NA,NA,NA,NA,NA,NA,NA,NA,NA,NA,Fossil
LCSS 01,Sculpin,Scorpaeniformes,Scorpaenidae,Scorpaenichthys_subtilis,Isleworth,NA,NA,NA,NA,NA,NA,NA,NA,NA,NA,NA,NA,NA,NA,NA,-6.06,-2.67,-1,NA,NA,NA,NA,NA,NA,NA,NA,NA,NA,NA,NA,NA,Fossil
LCSS 02,Sculpin,Scorpaeniformes,Scorpaenidae,Scorpaenichthys_subtilis,Isleworth,NA,NA,NA,NA,NA,NA,NA,NA,NA,NA,NA,NA,NA,NA,NA,-6.48,-2.74,-1,NA,NA,NA,NA,NA,NA,NA,NA,NA,NA,NA,NA,NA,Fossil
LCSS 03,Sculpin,Scorpaeniformes,Scorpaenidae,Scorpaenichthys_subtilis,Isleworth,NA,NA,NA,NA,NA,NA,NA,NA,NA,NA,NA,NA,NA,NA,NA,-6.27,-2.78,-1,NA,NA,NA,NA,NA,NA,NA,NA,NA,NA,NA,NA,NA,Fossil
LCSS 04,Sculpin,Scorpaeniformes,Scorpaenidae,Scorpaenichthys_subtilis,Isleworth,NA,NA,NA,NA,NA,NA,NA,NA,NA,NA,NA,NA,NA,NA,NA,-6.61,-3.04,-1,NA,NA,NA,NA,NA,NA,NA,NA,NA,NA,NA,NA,NA,Fossil
LCSS 05,Sculpin,Scorpaeniformes,Scorpaenidae,Scorpaenichthys_subtilis,Isleworth,NA,NA,NA,NA,NA,NA,NA,NA,NA,NA,NA,NA,NA,NA,NA,-6.12,-3.63,-1,NA,NA,NA,NA,NA,NA,NA,NA,NA,NA,NA,NA,NA,Fossil
LCSS 06,Sculpin,Scorpaeniformes,Scorpaenidae,Scorpaenichthys_subtilis,Isleworth,NA,NA,NA,NA,NA,NA,NA,NA,NA,NA,NA,NA,NA,NA,NA,-7.51,-3.38,-1,NA,NA,NA,NA,NA,NA,NA,NA,NA,NA,NA,NA,NA,Fossil
LCSS 07,Sculpin,Scorpaeniformes,Scorpaenidae,Scorpaenichthys_subtilis,Isleworth,NA,NA,NA,NA,NA,NA,NA,NA,NA,NA,NA,NA,NA,NA,NA,-6.26,-3.56,-1,NA,NA,NA,NA,NA,NA,NA,NA,NA,NA,NA,NA,NA,Fossil
LCSS 08,Sculpin,Scorpaeniformes,Scorpaenidae,Scorpaenichthys_subtilis,Isleworth,NA,NA,NA,NA,NA,NA,NA,NA,NA,NA,NA,NA,NA,NA,NA,-7.96,-2.91,-1,NA,NA,NA,NA,NA,NA,NA,NA,NA,NA,NA,NA,NA,Fossil
LCSS 09,Sculpin,Scorpaeniformes,Scorpaenidae,Scorpaenichthys_subtilis,Isleworth,NA,NA,NA,NA,NA,NA,NA,NA,NA,NA,NA,NA,NA,NA,NA,-6.54,-3.87,-1,NA,NA,NA,NA,NA,NA,NA,NA,NA,NA,NA,NA,NA,Fossil
LCSS 10,Sculpin,Scorpaeniformes,Scorpaenidae,Scorpaenichthys_subtilis,Isleworth,NA,NA,NA,NA,NA,NA,NA,NA,NA,NA,NA,NA,NA,NA,NA,-7.19,-3.73,-1,NA,NA,NA,NA,NA,NA,NA,NA,NA,NA,NA,NA,NA,Fossil
LCTL 01,Alphonsino,Beryciformes,Berycidae,Centroberyx_eocenicus,Sheppey,NA,NA,NA,NA,NA,NA,NA,NA,NA,NA,NA,NA,NA,NA,NA,-1.81,-2.91,-1,NA,NA,NA,NA,NA,NA,NA,NA,NA,NA,NA,NA,NA,Fossil
LCTL 02,Alphonsino,Beryciformes,Berycidae,Centroberyx_eocenicus,Sheppey,NA,NA,NA,NA,NA,NA,NA,NA,NA,NA,NA,NA,NA,NA,NA,-1.21,-3.1,-1,NA,NA,NA,NA,NA,NA,NA,NA,NA,NA,NA,NA,NA,Fossil
LCTL 03,Alphonsino,Beryciformes,Berycidae,Centroberyx_eocenicus,Sheppey,NA,NA,NA,NA,NA,NA,NA,NA,NA,NA,NA,NA,NA,NA,NA,-2,-2.58,-1,NA,NA,NA,NA,NA,NA,NA,NA,NA,NA,NA,NA,NA,Fossil
LCTL 04,Alphonsino,Beryciformes,Berycidae,Centroberyx_eocenicus,Sheppey,NA,NA,NA,NA,NA,NA,NA,NA,NA,NA,NA,NA,NA,NA,NA,-1.68,-2.83,-1,NA,NA,NA,NA,NA,NA,NA,NA,NA,NA,NA,NA,NA,Fossil
LCTL 05,Alphonsino,Beryciformes,Berycidae,Centroberyx_eocenicus,Sheppey,NA,NA,NA,NA,NA,NA,NA,NA,NA,NA,NA,NA,NA,NA,NA,-2.38,-2.87,-1,NA,NA,NA,NA,NA,NA,NA,NA,NA,NA,NA,NA,NA,Fossil
LCTL 06,Alphonsino,Beryciformes,Berycidae,Centroberyx_eocenicus,Sheppey,NA,NA,NA,NA,NA,NA,NA,NA,NA,NA,NA,NA,NA,NA,NA,-1.13,-2.57,-1,NA,NA,NA,NA,NA,NA,NA,NA,NA,NA,NA,NA,NA,Fossil
LCTL 07,Alphonsino,Beryciformes,Berycidae,Centroberyx_eocenicus,Sheppey,NA,NA,NA,NA,NA,NA,NA,NA,NA,NA,NA,NA,NA,NA,NA,-0.88,-4.06,-1,NA,NA,NA,NA,NA,NA,NA,NA,NA,NA,NA,NA,NA,Fossil
LCTL 08,Alphonsino,Beryciformes,Berycidae,Centroberyx_eocenicus,Sheppey,NA,NA,NA,NA,NA,NA,NA,NA,NA,NA,NA,NA,NA,NA,NA,-1.6,-3.9,-1,NA,NA,NA,NA,NA,NA,NA,NA,NA,NA,NA,NA,NA,Fossil
LCTL 09,Alphonsino,Beryciformes,Berycidae,Centroberyx_eocenicus,Sheppey,NA,NA,NA,NA,NA,NA,NA,NA,NA,NA,NA,NA,NA,NA,NA,-2.17,-3.05,-1,NA,NA,NA,NA,NA,NA,NA,NA,NA,NA,NA,NA,NA,Fossil
LCTL 10,Alphonsino,Beryciformes,Berycidae,Centroberyx_eocenicus,Sheppey,NA,NA,NA,NA,NA,NA,NA,NA,NA,NA,NA,NA,NA,NA,NA,-1.43,-3.64,-1,NA,NA,NA,NA,NA,NA,NA,NA,NA,NA,NA,NA,NA,Fossil
